0.6838988101,0.7200439705,0.4799492755,-0.0979696262,0.1311142041,-0.3380371472,0.9267911873,-1.0322941583,0.4277091061,0.4926662969,1.7812492293,0.0624487336,0.1968114157,0.1896411183,-0.6221830394,-0.6438967834,0.2407960982,0.0293937362,-0.4137172894,0.0827830144,-0.1935104312,0.5966634414,-0.3463995903,-0.3758327596,-0.2610388754,-0.0025607703,0.3872907936,-0.4168040006,-0.1162033262,1.0981121204,-0.8978330854,0.3058373500,-0.3620833521,-0.1934622403
0.7144335423,0.7292071848,0.4182411430,-0.1280199041,0.1734086345,-0.3285272162,0.9195706704,-1.3885200314,0.6994708177,0.3959371636,2.3756713300,-0.3345283317,0.3553803880,0.1753878286,-0.5793624753,-0.7013147028,0.2572401384,0.0114606625,-0.4762128383,0.2144882130,-0.3366040286,0.5869462067,-0.5277384220,-0.4148389136,-0.4154415062,0.2172458739,0.4509940307,-0.5721084212,0.0167757746,1.2957171207,-0.9459798373,0.4734504476,-0.1107213830,-0.4857976765
0.7509181957,0.7489574552,0.3902335478,-0.1302307566,0.2341740908,-0.2946377296,0.9172737070,-1.4593655522,0.6549934692,0.4747857072,2.4529673958,-0.3344689502,0.4198516211,0.1480490658,-0.5336881407,-0.7828854362,0.2516244805,0.0320769651,-0.4593745106,0.2915978869,-0.5277486118,0.4928760455,-0.7202213403,-0.4332484882,-0.4933499383,0.3207392180,0.5916461320,-0.7689374583,0.1046127635,1.3544076587,-0.7918021873,0.4899407343,0.0834774536,-0.5932107105
0.7912517028,0.7654041258,0.3665909301,-0.1266028092,0.3078801068,-0.2472089777,0.9099831262,-1.5073768039,0.5673006572,0.5568764588,2.4927383687,-0.3309723991,0.4603526354,0.1135662965,-0.4663855345,-0.8497700785,0.2349054873,0.0592509086,-0.4677414589,0.3833996547,-0.5103642109,0.3386142302,-0.5868821923,-0.7221261864,-0.6639602865,0.3706589765,0.8553079572,-0.9018778029,0.0666782554,1.3330636894,-0.7048224642,0.4224843416,0.1592867406,-0.5835779927
0.8332674340,0.7775790974,0.3577608702,-0.1069321805,0.3715542456,-0.1894379041,0.9025664695,-1.5873871651,0.3826875122,0.5682549927,2.5077301189,-0.2923219057,0.4143867529,0.0933461232,-0.4123043047,-0.8721946842,0.2233873359,0.0936010528,-0.4540593731,0.4277375780,-0.4681435983,0.2600064537,-0.5665433281,-1.0026534385,-0.8505073820,0.3463973585,0.9422267269,-0.9289088853,-0.0733210120,1.3620917540,-0.7798170218,0.5717801724,0.2959735580,-0.9092590488
0.8816363379,0.7827277774,0.3648424029,-0.0604217210,0.4346505923,-0.1054987008,0.8923553678,-1.6735859018,0.0748637272,0.5195787487,2.4479057564,-0.2478441227,0.2854292334,0.0896645302,-0.3761404048,-0.9023526063,0.2277264128,0.1332714233,-0.3351965946,0.2850164216,-0.3998902029,0.1908590959,-0.4963210859,-1.1832589797,-0.9724314750,0.3040048545,0.9591121115,-0.6986053227,-0.3350067358,0.9402501772,-1.1288776256,0.7671369637,0.2141290820,-0.8805773806
0.9253128055,0.7873577934,0.3790630322,-0.0584941940,0.4704625248,-0.0538268032,0.8788322464,-1.6822315031,-0.1588679653,0.3947683262,2.3646842110,-0.2719764645,0.1136612818,0.0523210964,-0.3069535933,-0.8178106676,0.2532920553,0.1681974935,-0.2894430671,0.2366325740,-0.2998791395,0.1707738143,-0.4174444910,-1.3509342858,-1.0849986572,0.2315505999,0.9740571974,-0.5149958582,-0.4247010554,0.6292613586,-1.3717848984,0.9273728257,0.1388169452,-0.8041145227
0.9630983934,0.7969694848,0.4002313959,-0.0694355463,0.5060721585,-0.0331752687,0.8590512655,-1.6787316598,-0.1741117451,0.3302729581,2.2953587098,-0.2764156992,0.1054607918,-0.0305807888,-0.2592474795,-0.7746092195,0.2735335178,0.1939415754,-0.2984174169,0.2104683857,-0.2959728197,0.1592496149,-0.3885448914,-1.3847585678,-1.0991628940,0.2218516808,0.9848706870,-0.4976219299,-0.4378696192,0.5624861548,-1.4039811050,0.9409511654,0.1357543319,-0.8051142935
1.0011595891,0.8079272911,0.4213842287,-0.0860903856,0.5347897889,-0.0340021462,0.8399001019,-1.6475381641,-0.1745298964,0.2671069344,2.2102599943,-0.2853946065,0.0826953562,-0.1205472999,-0.2315392090,-0.7080672615,0.2932510314,0.2274050297,-0.2789646952,0.2067005111,-0.2776362127,0.1426684577,-0.3447351625,-1.4223190899,-1.1158896312,0.2135192372,1.0004369975,-0.4709372773,-0.4418419594,0.5019646278,-1.4414573182,0.9534756593,0.1293634745,-0.8081717257
1.0337440535,0.8178400999,0.4373886654,-0.1108566236,0.5488243296,-0.0419631383,0.8274912442,-1.5992279823,-0.1745290459,0.2128096093,2.1390165638,-0.2967387685,0.0437857879,-0.1882394178,-0.2028048959,-0.6426928654,0.3132498461,0.2533645763,-0.2332666288,0.2219420673,-0.2454684907,0.1351765090,-0.3037746239,-1.4569981599,-1.1351191039,0.2061196792,1.0164630623,-0.4347181976,-0.4382988900,0.4649595559,-1.4781887912,0.9644539800,0.1207730687,-0.8116040710
1.0608562838,0.8253131459,0.4479994151,-0.1318221509,0.5559828619,-0.0488302175,0.8192201094,-1.5485964472,-0.1743289156,0.1584146889,2.0901264140,-0.3071611940,0.0001743437,-0.2285444728,-0.1885295186,-0.6064537833,0.3316744440,0.2798308360,-0.1769135193,0.2401738876,-0.2042904968,0.1338424652,-0.2720355399,-1.4886951430,-1.1554781746,0.1983831013,1.0326024869,-0.3947100110,-0.4336949401,0.4449946441,-1.5111880543,0.9757286525,0.1124035940,-0.8162956002
1.0843231740,0.8300948826,0.4564590837,-0.1469232970,0.5617080599,-0.0532694608,0.8124407454,-1.5048637717,-0.1541559109,0.0935594438,2.0723175645,-0.3163539538,-0.0265606191,-0.2503683915,-0.1937242329,-0.5945385076,0.3443746157,0.3035607404,-0.1219979086,0.2527683132,-0.1606321102,0.1354127602,-0.2496828672,-1.5181902298,-1.1771250648,0.1902726495,1.0487653247,-0.3538592350,-0.4293806618,0.4346011725,-1.5405343869,0.9881496168,0.1043437378,-0.8211751330
1.1035326261,0.8324061473,0.4644815491,-0.1530614735,0.5654037518,-0.0575156084,0.8084446410,-1.4717638393,-0.1041416796,0.0283055649,2.0890569053,-0.3264746623,-0.0187128002,-0.2585964464,-0.2178264489,-0.5817811427,0.3493495454,0.3175684548,-0.0802980820,0.2590053403,-0.1186618869,0.1364118905,-0.2345271425,-1.5445921917,-1.1986799770,0.1827646288,1.0640946057,-0.3179835966,-0.4284127952,0.4314728050,-1.5666643813,1.0020815043,0.0973015740,-0.8272601491
1.1186245048,0.8323075394,0.4703243329,-0.1540772067,0.5689220232,-0.0596186371,0.8056261937,-1.4551972115,-0.0456963246,-0.0410599651,2.1304093620,-0.3378584877,0.0194400173,-0.2574701408,-0.2508078442,-0.5668996749,0.3531862273,0.3251677183,-0.0482056444,0.2589894820,-0.0833023245,0.1362971982,-0.2238713202,-1.5680572116,-1.2198161052,0.1762250368,1.0782219552,-0.2895761237,-0.4281697899,0.4285651787,-1.5895599247,1.0165018817,0.0926327744,-0.8347657637
1.1280642325,0.8317666272,0.4728482664,-0.1562790140,0.5699963821,-0.0568749230,0.8046404397,-1.4456824378,-0.0180690329,-0.1200871068,2.1773794292,-0.3496576557,0.0498906467,-0.2474514444,-0.2791961507,-0.5476926415,0.3631206135,0.3295773525,-0.0305311765,0.2569504054,-0.0558469918,0.1379292344,-0.2158344567,-1.5879540402,-1.2407878961,0.1703535587,1.0903622057,-0.2651783183,-0.4261829119,0.4253256981,-1.6079638450,1.0298964651,0.0897932654,-0.8410846317
1.1339285656,0.8304891002,0.4739967050,-0.1559665215,0.5707475867,-0.0521089471,0.8044913263,-1.4397911158,-0.0155549949,-0.1984524611,2.2016516580,-0.3576066754,0.0592930741,-0.2362596340,-0.3045767860,-0.5213879428,0.3782997639,0.3334932284,-0.0223484914,0.2547834277,-0.0361790512,0.1409052623,-0.2122010185,-1.6041920074,-1.2610944288,0.1649794715,1.1001881083,-0.2449690276,-0.4293253238,0.4245100630,-1.6235424909,1.0425823702,0.0882641718,-0.8476474703
1.1370224546,0.8272126632,0.4741782445,-0.1534282991,0.5710549416,-0.0457399666,0.8051483504,-1.4416733412,-0.0128337018,-0.2647798839,2.1930171924,-0.3649365185,0.0667179463,-0.2266361930,-0.3220697246,-0.4883441543,0.4016758354,0.3364614033,-0.0196633304,0.2510826754,-0.0242244959,0.1452398067,-0.2128693159,-1.6169851394,-1.2804058194,0.1603380108,1.1075399886,-0.2288569838,-0.4376707145,0.4280374548,-1.6363837392,1.0542996262,0.0881167702,-0.8548941654
1.1376959982,0.8232564169,0.4738021959,-0.1496770507,0.5706163414,-0.0391073736,0.8065137226,-1.4411894209,-0.0169743895,-0.3105605026,2.1549167672,-0.3658074111,0.0674690416,-0.2203815298,-0.3301089898,-0.4536913532,0.4324927003,0.3371984975,-0.0200192039,0.2443041393,-0.0182502536,0.1484015866,-0.2146677597,-1.6261803166,-1.2982120757,0.1573746412,1.1122671905,-0.2182963977,-0.4476958308,0.4348793015,-1.6465873239,1.0644133991,0.0894673373,-0.8622318949
1.1357353586,0.8190103395,0.4734323637,-0.1482033582,0.5678031503,-0.0319372560,0.8090830358,-1.4269357351,-0.0283640431,-0.3397935065,2.1410029001,-0.3594231963,0.0571452535,-0.2177176214,-0.3244005261,-0.4327819563,0.4716249600,0.3369833318,-0.0226240065,0.2378540604,-0.0176746466,0.1521504935,-0.2169216889,-1.6308952957,-1.3146099846,0.1568866461,1.1140367628,-0.2131901758,-0.4533977216,0.4442965280,-1.6540657327,1.0710777530,0.0920059358,-0.8703688284
1.1323744615,0.8128607522,0.4737346620,-0.1458066544,0.5637649303,-0.0249472183,0.8125805555,-1.4212493898,-0.0394000548,-0.3549163473,2.1463722748,-0.3558481626,0.0462317390,-0.2183198896,-0.3070141004,-0.4223856348,0.5119003121,0.3321831349,-0.0249096171,0.2309122588,-0.0222630159,0.1564798417,-0.2208381585,-1.6311835529,-1.3296066720,0.1585851549,1.1127315886,-0.2127603984,-0.4563599242,0.4557134509,-1.6581224106,1.0748267517,0.0953417225,-0.8787969544
1.1264878902,0.8065731672,0.4730469545,-0.1451508212,0.5552845319,-0.0221713528,0.8185956016,-1.4169829133,-0.0380753469,-0.3535607701,2.1575530391,-0.3520574378,0.0388840078,-0.2190053774,-0.2846431094,-0.4196627891,0.5495432994,0.3288850243,-0.0245696808,0.2302323341,-0.0296142940,0.1604923182,-0.2243560078,-1.6263355709,-1.3428503773,0.1626212102,1.1078750083,-0.2155081575,-0.4574149732,0.4716738163,-1.6574705912,1.0761608915,0.0990449069,-0.8857351953
1.1176461574,0.8008609561,0.4722022094,-0.1450895568,0.5435412047,-0.0232776833,0.8264200680,-1.4132632961,-0.0244926118,-0.3413433153,2.1728713365,-0.3485648186,0.0362304443,-0.2192808768,-0.2616752937,-0.4288221452,0.5786998812,0.3234601986,-0.0235762113,0.2342131145,-0.0394806324,0.1662079491,-0.2306501044,-1.6148155496,-1.3551809748,0.1696690499,1.0983758157,-0.2222022483,-0.4520524252,0.4913505601,-1.6513662460,1.0745008380,0.1036874866,-0.8912077060
1.1062047942,0.7965227702,0.4708283685,-0.1465308138,0.5286857994,-0.0277841158,0.8356124036,-1.4084526325,-0.0026221115,-0.3283859359,2.1925947088,-0.3457084744,0.0344032996,-0.2194753695,-0.2401045344,-0.4546809141,0.5962334855,0.3099506106,-0.0208925180,0.2442138012,-0.0515902937,0.1787950303,-0.2426614529,-1.5941216250,-1.3677023246,0.1814390884,1.0819939720,-0.2315710555,-0.4390433070,0.5168163736,-1.6386269615,1.0706331896,0.1100399529,-0.8946463414
1.0934096541,0.7944027035,0.4685628998,-0.1491083925,0.5099524970,-0.0372391598,0.8463618511,-1.3971221870,0.0196477988,-0.3208256892,2.2178524873,-0.3442190533,0.0315046857,-0.2164532167,-0.2271428524,-0.4919268216,0.6039347649,0.2841226568,-0.0047437825,0.2606108119,-0.0653759369,0.1974586959,-0.2671682071,-1.5654372427,-1.3793991524,0.1965324465,1.0590455448,-0.2430562064,-0.4170334923,0.5494183471,-1.6202817181,1.0652592560,0.1182035756,-0.8966536452
1.0793784328,0.7941358215,0.4654430622,-0.1528972702,0.4858262555,-0.0537579008,0.8588977601,-1.3768130488,0.0416725051,-0.3188963563,2.2484323125,-0.3427934250,0.0268905478,-0.2132033438,-0.2261938969,-0.5233186546,0.6109813799,0.2513797098,0.0185869488,0.2835268584,-0.0794764980,0.2221399555,-0.3052754994,-1.5300275314,-1.3875455560,0.2142923117,1.0315696476,-0.2569264340,-0.3853252365,0.5875554429,-1.5950385361,1.0590821413,0.1290868702,-0.8960993087
1.0644872080,0.7976292788,0.4621435144,-0.1615914437,0.4551098808,-0.0806863287,0.8719248351,-1.3425214792,0.0661824014,-0.3248799040,2.2817649697,-0.3407826362,0.0116356775,-0.2216585483,-0.2419708281,-0.5396370353,0.6359256861,0.2201709356,0.0498316447,0.3260187732,-0.0930438612,0.2541319989,-0.3535363362,-1.4890121107,-1.3900438306,0.2336834247,1.0010996812,-0.2758892467,-0.3504850021,0.6427563526,-1.5606441590,1.0525486008,0.1433846811,-0.8912190201
1.0501809277,0.8042637586,0.4590921442,-0.1776445354,0.4187194549,-0.1136944070,0.8832836571,-1.2931994249,0.0955485761,-0.3346602373,2.3134027907,-0.3382058713,-0.0114418649,-0.2472218983,-0.2710991865,-0.5446622429,0.6964388628,0.1963743148,0.0767411507,0.3860100938,-0.1052207633,0.2964331188,-0.4087370393,-1.4432530350,-1.3860974606,0.2536389490,0.9689577269,-0.3079537004,-0.3151189612,0.7245540039,-1.5152698095,1.0420105901,0.1605025918,-0.8808318821
1.0371810253,0.8130955054,0.4572004684,-0.1977715332,0.3759618000,-0.1510838824,0.8925877022,-1.2321502746,0.1342136013,-0.3342200477,2.3394494433,-0.3361665810,-0.0374741288,-0.2945641554,-0.3146279140,-0.5468730907,0.7951091421,0.1753172509,0.0853126577,0.4495146923,-0.1102916821,0.3502710924,-0.4677630049,-1.3939037284,-1.3762234102,0.2726088633,0.9358246677,-0.3555612421,-0.2858752530,0.8335992961,-1.4593752346,1.0231516750,0.1770798780,-0.8627284291
1.0252064595,0.8212634606,0.4572991855,-0.2163244411,0.3310251231,-0.1895616014,0.8987171431,-1.1659131774,0.1804394674,-0.3171982202,2.3569345935,-0.3334538362,-0.0630492188,-0.3725270736,-0.3667869040,-0.5427831593,0.9259630115,0.1469987970,0.0883250434,0.4844219849,-0.1084708498,0.4193071345,-0.5355637314,-1.3390042466,-1.3607003083,0.2920103274,0.9019474495,-0.4139574375,-0.2424306676,0.9323683612,-1.3986092908,0.9952135929,0.1900521660,-0.8341865037
1.0128016638,0.8263277773,0.4578472864,-0.2273797627,0.2870413871,-0.2251506711,0.9028913893,-1.1006887161,0.2281292673,-0.2841769246,2.3691943815,-0.3286278750,-0.0849224990,-0.4878225880,-0.4166121590,-0.5288175145,1.0838833871,0.1097339432,0.0928024884,0.4827143389,-0.0985727473,0.4977397001,-0.6086887856,-1.2741950489,-1.3387499803,0.3136003797,0.8642136251,-0.4708671970,-0.1775919416,0.9988262943,-1.3392332196,0.9586852642,0.1957579750,-0.7889428893
0.9841761615,0.8147278254,0.4270765697,-0.2269094510,0.2183631473,-0.2646252508,0.9114840172,-0.8867987628,0.3324563572,-0.1738622117,2.4083276401,-0.3874031760,-0.1442764219,-1.0214247006,-0.5145619052,-0.1785663174,1.8711821465,-0.2231049725,0.0838366260,0.3889304483,-0.2294711794,0.6259947419,-1.0303348684,-0.8113921913,-0.9490977597,0.5121165708,0.5584995081,-0.7345017997,0.2711949001,1.2479872424,-0.7921262990,0.5819162309,0.1513286274,-0.3674880115
0.9719626664,0.8121827516,0.4289534793,-0.2313666874,0.1852936556,-0.2881741624,0.9105445455,-0.8672652392,0.3610731864,-0.1467385781,2.4266514266,-0.3830024031,-0.1505929914,-1.1313316467,-0.4692098798,-0.2131684295,1.9230815076,-0.2380957334,0.1218047781,0.3744856647,-0.2294354160,0.6662493424,-1.0755165123,-0.7654532398,-0.9071921814,0.5270444796,0.5242980215,-0.8151845495,0.2952776270,1.3031907980,-0.7932610915,0.5883882936,0.1382729478,-0.3655940040
0.9638969249,0.8039784337,0.4195150586,-0.2258579960,0.1343448512,-0.3196225424,0.9103741302,-0.7249381847,0.4535537933,-0.0180686616,2.4345443637,-0.3788683093,-0.1154225872,-1.2831519888,-0.3220815663,-0.1452268224,2.0166908320,-0.2585300735,0.2814490754,0.3330541592,-0.2795766922,0.7053680404,-1.2871085447,-0.5593286489,-0.5070152593,0.5391338103,0.2425248222,-0.8737369246,0.3491000000,1.3766741856,-0.8227715020,0.6382551416,0.0599036982,-0.4163670727
0.9568748366,0.7985217186,0.4183627717,-0.2093846163,0.1004571973,-0.3542470077,0.9058562201,-0.6922179139,0.4712116884,0.0495479697,2.4398239882,-0.3644786412,-0.1254754322,-1.3587879654,-0.2708690320,-0.1778442643,1.9821289370,-0.2516120960,0.2887064490,0.3366807183,-0.2760478295,0.7143191189,-1.2642849611,-0.5413312907,-0.4438773462,0.5285053595,0.1880219171,-0.9048613507,0.3491000000,1.3522575243,-0.8542400982,0.6406473674,0.0481337457,-0.4285893459
0.9551831033,0.7940323839,0.4158826397,-0.1905332666,0.0655066247,-0.3913485278,0.8979155229,-0.6176812469,0.4833211670,0.1464631003,2.4299044153,-0.3437457893,-0.1368178108,-1.3835457818,-0.2065865579,-0.1904663784,1.9332428195,-0.2155512945,0.2569140645,0.3257858795,-0.2151520831,0.7279434351,-1.2728750442,-0.5232677430,-0.4130770850,0.5137050319,0.1348220984,-0.9338182074,0.3491000000,1.3233319039,-0.9021286078,0.6350636994,0.0276513943,-0.4392418095
0.9546101251,0.7901213001,0.4186951991,-0.1756795148,0.0381665880,-0.4201311668,0.8894772748,-0.5254279432,0.4797022390,0.2432910817,2.3926546325,-0.3269809503,-0.1435169783,-1.3499929109,-0.1706021963,-0.1885701182,1.9169206821,-0.2153083279,0.2158034875,0.2873234409,-0.1159581349,0.7366768438,-1.3152578462,-0.5118404938,-0.4483596050,0.4982868610,0.1141552871,-0.9748516388,0.3335893587,1.2909924145,-0.9600927816,0.6283559398,0.0015230706,-0.4468847515
0.9545939927,0.7865753458,0.4273284855,-0.1640762879,0.0158725207,-0.4390785390,0.8831970740,-0.4249824817,0.4515669097,0.3221462124,2.3235446680,-0.3223439296,-0.1580134574,-1.3123600373,-0.1430567296,-0.1703343666,1.8944909618,-0.2260623093,0.1815564707,0.2481581981,-0.0289254261,0.7282199619,-1.3273573780,-0.5097417808,-0.5014171768,0.4743739825,0.1011006310,-1.0309147203,0.2847295039,1.2495936050,-1.0180239030,0.6256753791,-0.0246270722,-0.4508061422
0.9542358177,0.7834123801,0.4388193138,-0.1594125038,-0.0000965461,-0.4501125468,0.8786275317,-0.3384707211,0.3927665822,0.3517242465,2.2359085197,-0.3337233537,-0.1726278120,-1.2832566499,-0.1173262584,-0.1559926546,1.8746942550,-0.2135869714,0.1549675282,0.2231248718,0.0164007888,0.7116411299,-1.2661213500,-0.5028724896,-0.5225572235,0.4393989705,0.0593253805,-1.0997102875,0.1902025549,1.1980452570,-1.0709240125,0.6276868277,-0.0466153669,-0.4523388519
0.9516602559,0.7793105870,0.4552816820,-0.1568118525,-0.0160672901,-0.4569896003,0.8753927064,-0.2808273507,0.3184705367,0.3290784262,2.1468850958,-0.3498271769,-0.1803192135,-1.2428280679,-0.0925269855,-0.1499907235,1.8446727462,-0.1895818259,0.1321025692,0.1837795445,0.0418098942,0.6848940372,-1.1867471888,-0.4750605983,-0.5134588914,0.4137805494,-0.0160388815,-1.1517115148,0.0719018648,1.1537947553,-1.1098684094,0.6329108207,-0.0623067904,-0.4481458720
0.9468435537,0.7758443251,0.4753434042,-0.1556980245,-0.0311934473,-0.4622778105,0.8724014672,-0.2420772440,0.2438771748,0.2852815333,2.0639140806,-0.3603352067,-0.1878557586,-1.1861163588,-0.0698115364,-0.1532479081,1.7965415263,-0.1687836167,0.1097169478,0.1134359879,0.0556613046,0.6495787834,-1.1443483996,-0.4447451119,-0.5400539517,0.4001250456,-0.0763260287,-1.1713292939,-0.0426238342,1.1222964313,-1.1325317117,0.6362194481,-0.0705715276,-0.4383815533
0.9400676844,0.7739421287,0.4990251041,-0.1533642664,-0.0428359334,-0.4695472405,0.8684295444,-0.2103576884,0.1868682468,0.2569616307,1.9758738742,-0.3623883318,-0.1872415892,-1.1191914307,-0.0495886978,-0.1642421910,1.7261338868,-0.1594936077,0.0843637144,0.0275891509,0.0466603741,0.6073559458,-1.1497454460,-0.4330951388,-0.6246669336,0.3842305794,-0.1008993916,-1.1634900905,-0.1373620815,1.0953448390,-1.1329926512,0.6414775110,-0.0641965278,-0.4246728528
0.9316089084,0.7738348774,0.5263262228,-0.1506124524,-0.0497319402,-0.4788966291,0.8634237905,-0.1741319974,0.1557809142,0.2579799721,1.8681689166,-0.3669914903,-0.1639824373,-1.0444363578,-0.0267222343,-0.1792346929,1.6310963953,-0.1621520207,0.0575376653,-0.0470618894,-0.0072341418,0.5620966938,-1.1659263133,-0.4375556731,-0.7240829039,0.3701897021,-0.0974133152,-1.1373957182,-0.2157546345,1.0626033827,-1.1142872858,0.6514566995,-0.0430775284,-0.4082313592
0.9234941769,0.7754222390,0.5573016486,-0.1457285532,-0.0540008423,-0.4880872345,0.8588468719,-0.1290388885,0.1437702134,0.2925591220,1.7352667746,-0.3690225882,-0.1087328304,-0.9650546667,-0.0043981504,-0.1885609818,1.5157447646,-0.1657109737,0.0322523576,-0.0981871421,-0.1041201039,0.5090662258,-1.1673526423,-0.4573162898,-0.7962471519,0.3588602933,-0.0817113095,-1.0923007848,-0.2871502066,1.0279341006,-1.0790215134,0.6581152617,-0.0102787445,-0.3920732724
0.9177073157,0.7786608513,0.5955758860,-0.1454171468,-0.0593095325,-0.4959589048,0.8540263448,-0.0299877660,0.1469078214,0.3664222823,1.5391052186,-0.3759490458,-0.0046451865,-0.8337837699,0.0276701043,-0.1941669433,1.3260170530,-0.1482165007,0.0042136420,-0.1156233528,-0.2367236030,0.4280211277,-1.1686414779,-0.4946246246,-0.8496489586,0.3362125029,-0.0702484993,-0.9734803209,-0.3693039883,0.9532980012,-1.0262066693,0.6419173064,0.0510890638,-0.3631568526
0.9104520149,0.7854431930,0.6311191749,-0.1401291356,-0.0567538618,-0.5057353740,0.8493377161,-0.0010368299,0.1295909306,0.3929933431,1.3983682347,-0.3817812072,0.0299083423,-0.7753884269,0.0511382864,-0.1905699973,1.1986015168,-0.1218462143,-0.0063147782,-0.1529332940,-0.3225346380,0.3819779118,-1.1738711986,-0.5454624366,-0.8459478627,0.3249450545,-0.0512073410,-0.9011203440,-0.4074123911,0.8950756837,-0.9999699600,0.6213165353,0.0858847089,-0.3528188749
0.9050956875,0.7934727374,0.6716415819,-0.1352696616,-0.0581560109,-0.5179185282,0.8426626817,0.0435761568,0.0948006257,0.4032146539,1.2361933502,-0.3712287678,0.0396433071,-0.6926632327,0.0775492800,-0.1744963534,1.0405277731,-0.0738498915,-0.0168260533,-0.1882034722,-0.3976898365,0.3381715426,-1.1976061438,-0.6216921124,-0.8420135735,0.3101393553,-0.0110295481,-0.7952118296,-0.4315916327,0.8554176673,-0.9704351524,0.5948309102,0.1252333683,-0.3453560334
0.8998071983,0.8043780243,0.7139930041,-0.1281094917,-0.0567473236,-0.5350435300,0.8331243127,0.0777711551,0.0566452148,0.4092700547,1.0719872033,-0.3228244550,0.0310440677,-0.6125693608,0.1036421179,-0.1489718466,0.8622235312,0.0052668989,-0.0234691171,-0.1995094103,-0.4661908543,0.2961139471,-1.2056703920,-0.7168956288,-0.8416376635,0.2887577116,0.0453597408,-0.6728848722,-0.4458807530,0.8145553664,-0.9429632110,0.5637761035,0.1667721054,-0.3431394677
0.8942649795,0.8162841197,0.7595011374,-0.1214189751,-0.0565109518,-0.5493870381,0.8247653164,0.1186855310,0.0191801192,0.3930181351,0.8914540377,-0.1689373026,-0.0068827272,-0.4868286502,0.1275653264,-0.1005017643,0.5940463585,0.1948429033,-0.0073260352,-0.1869040603,-0.5099356882,0.2546042199,-1.1871618380,-0.8651331866,-0.8401060870,0.2573278162,0.1352095946,-0.4642564442,-0.4575321826,0.7265908112,-0.9168508293,0.5312163176,0.2250279191,-0.3413176115
0.8854604960,0.8315297762,0.7959023648,-0.1117664742,-0.0500436871,-0.5584495333,0.8204498786,0.1037032606,0.0101095774,0.3238021186,0.8013008708,-0.0734461568,-0.1018656590,-0.4374384060,0.1140019418,-0.0831537397,0.4221012223,0.3676481057,0.1357918038,-0.1781127947,-0.5449057336,0.2183991890,-1.1475324980,-0.9988782722,-0.8449125428,0.2249363696,0.2049584604,-0.2718465225,-0.4462450479,0.6188323187,-0.9064459676,0.5075049914,0.2594322924,-0.3389343045
0.8785282847,0.8456245615,0.8218562149,-0.0965649363,-0.0484935767,-0.5626660062,0.8195916981,0.1052759937,0.0195444822,0.2788156433,0.7024278461,-0.0819499472,-0.1090846098,-0.4104168914,0.0566586167,-0.1123787633,0.3127907878,0.4218318138,0.2477317679,-0.1647753184,-0.5816479210,0.1685903818,-1.0970999440,-1.1213701385,-0.8476555885,0.1894548132,0.2429071083,-0.0776548944,-0.4232040900,0.5149275192,-0.9005056135,0.4614654240,0.2769911522,-0.3320825603
0.8708860504,0.8606638183,0.8368897105,-0.0865620592,-0.0475287846,-0.5637467693,0.8200229293,0.1344637882,0.0861303006,0.3272508151,0.5712826856,-0.1244391742,-0.0222517010,-0.3994831720,-0.0192814081,-0.1921231520,0.2528618449,0.3786870383,0.1896446722,-0.1438438041,-0.6161846719,0.1127705603,-1.0571011478,-1.2334308294,-0.8456611866,0.1449306403,0.2561617720,0.1128110886,-0.3750270633,0.4283427125,-0.8929076201,0.3890106801,0.2811283738,-0.3147426591
0.8630706418,0.8766479345,0.8398161571,-0.0808238640,-0.0516364808,-0.5631913169,0.8207415655,0.1747627577,0.1457931899,0.3594918686,0.4207970108,-0.1641175058,-0.0172822032,-0.3945038883,-0.1082398461,-0.2726727980,0.2343908173,0.3383068337,0.0944591692,-0.1151645744,-0.6428685629,0.0481446378,-1.0162232759,-1.3357414920,-0.8430206730,0.0957301457,0.2588577895,0.2853381925,-0.3179096733,0.3633055345,-0.8783817117,0.3342640566,0.2769760573,-0.2872126067
0.8534713228,0.8905990983,0.8366120948,-0.0763273482,-0.0561807701,-0.5641345965,0.8202255873,0.2213509664,0.1290920155,0.2901707057,0.3101034456,-0.2406493265,-0.0694207508,-0.3868619026,-0.1858480334,-0.2896019600,0.2301135803,0.3093861958,-0.0058725702,-0.0714936343,-0.6458711775,-0.0252107692,-0.9628556481,-1.4558581722,-0.8398756283,0.0328259524,0.2490401511,0.4576530231,-0.2559546964,0.3111450772,-0.8665326335,0.3130639336,0.2655358965,-0.2521883774
0.8430266919,0.9046598844,0.8312062438,-0.0684397522,-0.0631812299,-0.5633884865,0.8209248113,0.2083747564,0.1139596285,0.2903736718,0.3061269616,-0.2452994909,-0.0736046618,-0.3817781488,-0.2584466716,-0.1790985359,0.2432311033,0.2986985172,-0.0162291131,-0.0291029509,-0.6273687050,-0.0977934615,-0.9181384206,-1.6096490832,-0.8461325839,-0.0358346520,0.2162359579,0.5846129483,-0.2018189449,0.2958380212,-0.8475323724,0.3104516814,0.2459741380,-0.1998275977
0.8353152341,0.9198175521,0.8285433906,-0.0627665611,-0.0805773422,-0.5548861237,0.8256325093,0.1940590907,0.0937253423,0.2723869251,0.3251499402,-0.2285748166,-0.0680768254,-0.3417847847,-0.3359475414,-0.0592408672,0.2657617118,0.2883720454,0.0066686064,-0.0210003603,-0.5807508507,-0.1613076590,-0.8745065144,-1.7091956192,-0.8625639594,-0.0703310800,0.2184762099,0.6432898017,-0.1673186297,0.3465835321,-0.7822105133,0.2801530555,0.2471941896,-0.1549688180
0.8260905665,0.9314630108,0.8317263009,-0.0577496586,-0.0777133601,-0.5576221627,0.8244289747,0.1598611364,0.0939220934,0.2689766330,0.3311158484,-0.2117157342,-0.0667890928,-0.3245306171,-0.3732140122,-0.0217041344,0.2924455980,0.2926114781,0.0015160160,-0.0005178968,-0.5707992466,-0.1703606872,-0.8647454348,-1.7545616736,-0.8791081189,-0.0888363514,0.2324277424,0.6466864613,-0.1336915251,0.3888756963,-0.7616075156,0.2771004292,0.2446516669,-0.1288658667
0.8166332460,0.9407923776,0.8404439042,-0.0539506894,-0.0749246576,-0.5671983531,0.8183896670,0.1419957908,0.0925412490,0.2779496105,0.3259586485,-0.1951585270,-0.0665958921,-0.2991083716,-0.3921469988,-0.0120410802,0.3215801211,0.2919892165,-0.0103734755,0.0208873650,-0.5098763535,-0.1547654556,-0.8530796539,-1.8005571277,-0.8976604489,-0.1111824350,0.2551069794,0.6519966290,-0.0996265374,0.4392990802,-0.7335883068,0.2914224354,0.2434654997,-0.0889120156
0.8057564839,0.9483690343,0.8533557891,-0.0469647221,-0.0685046036,-0.5771283812,0.8124187749,0.1263295429,0.0916357884,0.2960737784,0.3028183394,-0.1746694537,-0.0688276888,-0.2755783413,-0.4012690432,-0.0348126701,0.3485157106,0.2916054659,-0.0243695118,0.0319156532,-0.4170513230,-0.1019952523,-0.8433272491,-1.8363926113,-0.9174508795,-0.1310704857,0.2809920335,0.6430942857,-0.0746482366,0.4762377952,-0.7117835368,0.3260686421,0.2398090225,-0.0437160862
0.7933288925,0.9535015456,0.8681004267,-0.0400332919,-0.0566404022,-0.5854715905,0.8077203830,0.1105902399,0.0982848800,0.3123785649,0.2672004245,-0.1500316458,-0.0741798256,-0.2504625177,-0.3945932470,-0.0818683411,0.3672062749,0.2857983633,-0.0391526718,0.0259879144,-0.3002823557,-0.0146644541,-0.8195339925,-1.8467696576,-0.9412741096,-0.1368218721,0.2971566235,0.6190302740,-0.0527571220,0.4786337765,-0.7011337045,0.3595722586,0.2295577827,-0.0008771993
0.7806501733,0.9565639016,0.8816196061,-0.0340797037,-0.0467235706,-0.5939577301,0.8024149155,0.1158618808,0.1013442061,0.3347191261,0.2090818217,-0.1196532528,-0.0849872401,-0.2037934344,-0.3840627227,-0.1693673930,0.3603721231,0.2607066362,-0.0618703684,0.0157994677,-0.1077679473,0.1050415080,-0.7369674929,-1.8246841524,-0.9667102225,-0.1222899704,0.2953662430,0.5918470835,-0.0295198223,0.4222659792,-0.6853890212,0.3868027747,0.2144257923,0.0564715453
0.7630142963,0.9686018206,0.8882262858,0.0053033227,0.0125446695,-0.6052581346,0.7959127443,-0.1097071368,0.1354932441,0.2808406573,0.2997527116,-0.1180746963,-0.1031793061,-0.4043243746,-0.3671205686,-0.2111560490,0.5061095469,0.1687694922,-0.0548333782,-0.0465329965,-0.1409824170,0.2294599954,-0.5165332720,-1.8283203961,-0.9507670006,-0.0608590233,0.1558283805,0.2734352654,-0.0754149241,0.3392893914,-0.6720108789,0.4069144986,0.1056602350,0.2683061447
0.7512830747,0.9679099078,0.8932890855,0.0119321537,0.0133843313,-0.6205049319,0.7839975209,-0.0871265629,0.1304141040,0.3043202307,0.2593160912,-0.0975460335,-0.1110745063,-0.3472320617,-0.3475765499,-0.2576926268,0.4665431644,0.1638816147,-0.0454452740,-0.0381252343,0.0020978199,0.2181254845,-0.3817425522,-1.6807307516,-0.8982972683,0.0434019895,0.0524310577,0.2760619791,-0.0802332616,0.2540828605,-0.6829444296,0.3367729668,0.1011379111,0.2433538525
0.7375854906,0.9663755816,0.8944167587,0.0181935611,0.0144966640,-0.6381340719,0.7695737439,-0.0679513494,0.1309207707,0.3362592545,0.2270404139,-0.0789976139,-0.1244591921,-0.2966087645,-0.3188348845,-0.2939536497,0.4154237559,0.1583781303,-0.0266980144,-0.0285708912,0.0970065154,0.2012977105,-0.2474407661,-1.5358171178,-0.9148211973,0.1551086982,-0.0414252954,0.2649024051,-0.0971340151,0.1889772780,-0.7108911303,0.2624059469,0.0949690417,0.2019244291
0.7224113138,0.9643755510,0.8918778249,0.0242895910,0.0153154656,-0.6573269634,0.7530582417,-0.0524573958,0.1362386142,0.3767163298,0.2061372239,-0.0659669491,-0.1447890646,-0.2514871833,-0.2871044255,-0.3250002953,0.3637861019,0.1478716305,0.0299302245,-0.0202711996,0.1447070445,0.1986545896,-0.1678833094,-1.3776431924,-1.0433238755,0.2642810814,-0.1067948142,0.2338882288,-0.1232780908,0.1507097898,-0.7402026450,0.2125258720,0.0949661592,0.1491431598
0.7053800550,0.9614796004,0.8873717192,0.0280607836,0.0159301247,-0.6762345080,0.7359794248,-0.0410030388,0.1498393126,0.4162892236,0.2003384966,-0.0560776952,-0.1712057037,-0.2159301199,-0.2535031444,-0.3822710277,0.3163520178,0.0721244080,0.1416534247,-0.0104818706,0.1397508309,0.2111501840,-0.1469363564,-1.1621360933,-1.2541848429,0.3247282923,-0.1586596018,0.1751386190,-0.1509297607,0.1441127194,-0.7550611735,0.2020098552,0.1058777466,0.0767231530
0.6873490347,0.9582842408,0.8838826903,0.0273106752,0.0202502931,-0.6929041073,0.7202277076,-0.0363819385,0.1760723437,0.4443020996,0.2063992531,-0.0510016788,-0.1938953642,-0.2011573202,-0.2118987608,-0.4299151131,0.2809055885,-0.0394023966,0.1350725614,-0.0030264926,0.1124738850,0.2548111691,-0.1778249885,-0.9196684878,-1.3253868596,0.3421308499,-0.1590170774,0.0903931789,-0.1753847044,0.1731585807,-0.7424206477,0.2133688414,0.1294632759,-0.0048429570
0.6690884702,0.9572758642,0.8800104406,0.0251606283,0.0296593702,-0.7095192223,0.7036119227,-0.0522236476,0.2181663867,0.4683452955,0.2400612583,-0.0344776166,-0.2214654820,-0.2310949889,-0.1776886985,-0.4035013091,0.2990304617,-0.0803600191,0.1200853689,0.0089154622,0.0524252850,0.2780927805,-0.2221667078,-0.6125140426,-1.1709158657,0.3281357623,-0.0906855078,-0.0291790069,-0.1934702624,0.2450213128,-0.6798637438,0.2068315373,0.1616207875,-0.1068835210
0.6518679700,0.9571060778,0.8741798718,0.0236668778,0.0411727303,-0.7251034239,0.6870005166,-0.1010242888,0.2723598934,0.4718205305,0.3174746155,0.0406277331,-0.2281941051,-0.2837842094,-0.1455598300,-0.3552467180,0.3436030867,-0.0961590560,0.1075038770,0.0279003725,0.0364033898,0.2694020271,-0.1730033936,-0.4064904024,-0.9772684090,0.2878119962,-0.1323955098,-0.1548194217,-0.2122664025,0.3299257025,-0.6129766751,0.1795468348,0.1844205677,-0.1875521650
0.6366855769,0.9539431506,0.8747186702,0.0294277827,0.0467719695,-0.7394927438,0.6708925922,-0.1734699710,0.3022152246,0.5005660912,0.4079068574,0.1479111271,-0.0795804833,-0.3191778750,-0.1275931694,-0.3322476603,0.3605570660,-0.1114581440,0.0926656291,0.0399305645,0.0666954522,0.2496748226,-0.1055543422,-0.3658657483,-0.9627394835,0.2517248713,-0.3045124950,-0.2677963276,-0.2319003284,0.4200093863,-0.5724868464,0.1660453843,0.2129769903,-0.2123595122
0.6215898421,0.9450426668,0.8806556054,0.0341631104,0.0475106883,-0.7529724746,0.6554449396,-0.2178971947,0.3049272826,0.5400217436,0.4492428208,0.2014526797,0.0255479984,-0.3182245855,-0.1068960377,-0.3166142142,0.3423498467,-0.1059221475,0.0831929575,0.0644202127,0.1128348696,0.2374367023,-0.1502035824,-0.3735161714,-0.9697268296,0.2188956436,-0.3614010388,-0.2898176883,-0.2403707262,0.4643065556,-0.5808257599,0.1850128267,0.2170914304,-0.2112522828
0.6084247164,0.9351124390,0.8875110899,0.0411338811,0.0472506217,-0.7642732470,0.6418424935,-0.3280634210,0.2966852104,0.5041158687,0.5707731421,0.1523790855,0.1003035719,-0.3221602467,-0.0872317718,-0.2752298017,0.3346112676,-0.1273302770,0.0662046664,0.1043562872,0.0961197104,0.3001394515,-0.2721076138,-0.4439103500,-0.8981524288,0.0742875124,-0.5453956755,-0.3966153537,-0.2772765245,0.5340739898,-0.5845295655,0.2366123912,0.2204884569,-0.1343747672
0.5947920805,0.9192710634,0.8963420392,0.0416771101,0.0435744266,-0.7712492503,0.6336709570,-0.3701716037,0.2475515132,0.4723722062,0.5743276286,0.1558644764,0.0990134553,-0.2877038085,-0.0675300625,-0.2548686917,0.3073578061,-0.1165497033,0.0564179948,0.1549935419,0.1136018517,0.3189794280,-0.2903787631,-0.4591662536,-0.8530551712,0.0622185850,-0.5382057711,-0.3841157072,-0.2803370761,0.5507538997,-0.6052495611,0.2546576585,0.2031875093,-0.1377466661
0.5802128723,0.9038586582,0.9019250201,0.0465230935,0.0426117110,-0.7669627838,0.6385827527,-0.4667902358,0.1655082046,0.3310413320,0.6023143497,0.1562605581,0.0020167252,-0.2522413039,-0.0511105314,-0.2540260039,0.2700637873,-0.1196191172,0.0435269249,0.1688829087,0.0983645752,0.3771256359,-0.2991958088,-0.4911532504,-0.7047165461,0.0616577473,-0.4634469132,-0.3658892229,-0.3152437043,0.5294111887,-0.6756237849,0.2929267613,0.1542784737,-0.1419273839
0.5649774785,0.8747218339,0.9074913797,0.0037676687,-0.0091556855,-0.7640593937,0.6450699349,-0.2705977722,0.0533046681,0.3052023232,0.4330058390,0.1657251186,-0.0318635696,-0.0071965387,-0.0555974723,-0.2774027515,0.1782732247,-0.1198521978,0.0392364913,0.1819135202,0.3088247954,0.3932680765,-0.3580715172,-0.4845087315,-0.7061878571,0.1037897788,-0.3962105167,-0.0775994304,-0.2600667774,0.5457089337,-0.6842639146,0.2772269009,0.1518500499,-0.1617601529
0.5504083759,0.8600697942,0.9084280089,0.0085147870,-0.0071255012,-0.7596607835,0.6502247454,-0.3048337178,-0.0095554677,0.2781859055,0.3484643155,0.1680351265,-0.0520050991,0.0014443558,-0.0429538696,-0.2908736951,0.1710821664,-0.0942637953,0.0294679878,0.1711829553,0.3034491891,0.4168549483,-0.3635482986,-0.5210947869,-0.7176218024,0.1157299618,-0.3419130356,-0.0502496433,-0.2649571106,0.5274628504,-0.7223960918,0.2736957933,0.1399220866,-0.1847532685
0.5343756969,0.8435872678,0.9061038004,0.0017834567,-0.0120663878,-0.7586261531,0.6514119905,-0.2826329951,-0.0588424428,0.2313578862,0.2457970626,0.1452100742,-0.0909406515,0.0380542958,-0.0284767511,-0.3020355934,0.1707376635,-0.0626226534,0.0255829169,0.1607169878,0.3053191726,0.4469765263,-0.3926198275,-0.5679956979,-0.7578109678,0.1449399379,-0.2520164663,0.0052887242,-0.2764946069,0.5189306611,-0.7814924871,0.2691598232,0.1206516363,-0.2052222989
0.5170226548,0.8271925518,0.8989329574,-0.0068685610,-0.0121976652,-0.7629164165,0.6463455587,-0.2695125806,-0.0701228225,0.2031421505,0.1866695410,0.1336687317,-0.1215442055,0.0511896428,-0.0083446122,-0.2972806147,0.1966885561,-0.0144744438,0.0165005621,0.1601864022,0.2991257995,0.4678037658,-0.4014326440,-0.6035907106,-0.8044193213,0.1832944689,-0.1674834421,0.0354839739,-0.2883579475,0.5061761278,-0.8359092622,0.2741122126,0.1047193795,-0.2125518590
0.4994020506,0.8119015748,0.8910936897,-0.0155945553,-0.0203350216,-0.7700747354,0.6374387804,-0.2354476100,-0.0828488257,0.1883237368,0.1613809423,0.1635490191,0.0403902607,0.0538317332,-0.0075126642,-0.2877675825,0.2509859843,0.0808845977,0.0056773232,0.1610079999,0.3123690901,0.4612758139,-0.3933030348,-0.6321118464,-0.8464699165,0.2397500348,-0.0819876841,0.0639499658,-0.3066125377,0.4956116065,-0.8871482249,0.2955358929,0.0974319680,-0.2008055458
0.4851791531,0.7970287490,0.8843061948,-0.0276224817,-0.0352340690,-0.7747016710,0.6307399463,-0.1794867858,-0.0806398505,0.2076612289,0.1605177034,0.1355779570,0.1160070074,0.0308109254,-0.0323233760,-0.2904738021,0.3624198795,0.2425229502,0.0211899976,0.1283994775,0.3602675154,0.4253615755,-0.3609896364,-0.6644885708,-0.8466578202,0.3261211725,0.0087031065,0.0898430976,-0.3283902714,0.4804766867,-0.9435345139,0.3563254952,0.1083864673,-0.1504059836
0.4707282772,0.7816177229,0.8809367521,-0.0437323583,-0.0523447201,-0.7739286867,0.6295886745,-0.1281225115,-0.0727568428,0.1960795980,0.1819490238,0.1219526744,0.1044190245,-0.0396572401,-0.0815305421,-0.2943891301,0.5771029379,0.3342633384,0.1215824724,0.0772295532,0.3725821346,0.4003685092,-0.3788507175,-0.6743911659,-0.7263794158,0.3969503244,0.0686783365,0.1195546430,-0.3312902249,0.4559711017,-0.9945395730,0.4473917231,0.1420948293,-0.1032160259
0.4554385776,0.7677547548,0.8774974789,-0.0521073106,-0.0586508583,-0.7741465714,0.6281257765,-0.0984923910,-0.0527800134,0.2127145580,0.1999714843,0.1021922166,0.0879517301,-0.1396751203,-0.1370654485,-0.3239803196,0.7871749266,0.3386642919,0.1130513843,0.0708222393,0.2583541974,0.3846236466,-0.4668410903,-0.5893047807,-0.5586083937,0.4033528594,0.0998087734,0.1604192795,-0.3088537448,0.4158804530,-1.0066314977,0.4927063451,0.1797400062,-0.1594520380
0.4407760612,0.7558506463,0.8784791278,-0.0544915617,-0.0578358644,-0.7697113868,0.6334272362,-0.0825867765,-0.0338399080,0.2065509330,0.2047890978,0.0892574452,0.0674554192,-0.1964947680,-0.2055254416,-0.4027698613,0.8861521936,0.2632375661,0.0645735668,0.0754945863,0.1032251459,0.3403511210,-0.5562698161,-0.4652738114,-0.4609772415,0.4010877409,0.0876670246,0.1934249911,-0.2790438083,0.3834089546,-0.9622397787,0.4555035156,0.2093928685,-0.2636854308
0.4263617270,0.7455964568,0.8834217729,-0.0529352423,-0.0520935407,-0.7638021393,0.6411633296,-0.0866158635,-0.0106213217,0.1949549093,0.2140155096,0.0906968048,0.0533218209,-0.2268694077,-0.2360333014,-0.4373831557,0.8708812411,0.2544483636,0.0512247782,0.0680035743,0.0339568430,0.3113157399,-0.5422162050,-0.4720176830,-0.4760111154,0.4051593773,0.0868617303,0.1955712499,-0.2642223070,0.3665438538,-0.9417190417,0.4334722337,0.2171115335,-0.2795007216
0.4107011956,0.7342433045,0.8899663263,-0.0547724978,-0.0471946388,-0.7587608846,0.6473442357,-0.0746120430,0.0140175748,0.1780177139,0.2122661812,0.0863699788,0.0342578728,-0.2308268164,-0.2596924638,-0.4621838161,0.8191180619,0.2547471094,0.0283190877,0.0510221607,-0.0255910067,0.2702789509,-0.5675827556,-0.4921203036,-0.5275448503,0.4074881595,0.0888349306,0.2129621537,-0.2514972794,0.3692169618,-0.8945410851,0.4041442608,0.2336860100,-0.2795205127
0.3938323193,0.7222207247,0.8994277721,-0.0609714531,-0.0457601176,-0.7534041226,0.6531238179,-0.0258298431,0.0332219482,0.1435294326,0.1668583645,0.0764750487,-0.0023735137,-0.1326058796,-0.2393774358,-0.5033007125,0.5900870239,0.2954918588,-0.0076920313,0.0672594136,-0.1057416140,0.1825626878,-0.6943102768,-0.5295830560,-0.8314494537,0.3899065591,0.0263833332,0.2168970767,-0.2268059445,0.3977529037,-0.6716135402,0.2942635546,0.2783072174,-0.2159741403
0.3766931710,0.7122319402,0.9030453225,-0.0599707673,-0.0397001562,-0.7499866678,0.6575312941,-0.0203854950,0.0589448829,0.1305868792,0.1634387028,0.0709728834,-0.0227147460,-0.1203344181,-0.2346818883,-0.4648416829,0.4704979653,0.2731799089,-0.0068594534,0.0436961546,-0.1482849777,0.1573385978,-0.7528876103,-0.6021776520,-0.8878547668,0.3564778193,0.0579448306,0.2194291529,-0.2214592752,0.4116831734,-0.6198678753,0.2925226854,0.2850977709,-0.1677677534
0.3592801741,0.7013743241,0.9042214256,-0.0577424757,-0.0378074354,-0.7452305111,0.6632253687,-0.0052897302,0.0754890544,0.1103647868,0.1483591905,0.0600271815,-0.0518960855,-0.0831799323,-0.2350416884,-0.4011360284,0.3211520439,0.2548835082,0.0132230880,0.0382174300,-0.1696811286,0.1205110397,-0.8042631249,-0.7103415216,-0.9325042726,0.3013131233,0.1099550739,0.2260028750,-0.2204629185,0.4136114060,-0.5390988733,0.3084742672,0.2935811356,-0.0819464024
0.3412865363,0.6900725844,0.9023535263,-0.0546446272,-0.0389039418,-0.7394714088,0.6698376546,0.0117436334,0.0875447052,0.0859249771,0.1326806362,0.0486812519,-0.0881580335,-0.0470475836,-0.2507717418,-0.3187480732,0.1974863815,0.2358482729,0.0400575127,0.0410467439,-0.1478325512,0.1010965649,-0.8155215142,-0.8773545470,-0.9332725215,0.2126925075,0.1636975213,0.2264794095,-0.2242378978,0.3887232896,-0.4317721121,0.3644440900,0.2675899160,0.0712111296
0.3236933631,0.6804076912,0.8976054827,-0.0460360225,-0.0358465415,-0.7334065995,0.6772816770,-0.0045400090,0.1023441431,0.0722411239,0.1428948983,0.0507343110,-0.1007480637,-0.0652398142,-0.2842662590,-0.2672344002,0.1635092469,0.2130750857,0.0311692025,0.0278955655,-0.1783677328,0.0797337116,-0.8015510489,-0.9319214777,-0.9255914378,0.1911462459,0.1750263553,0.2184665005,-0.2258108339,0.3734556466,-0.4287826925,0.3711410281,0.2571430945,0.0884673509
0.3063362350,0.6688924922,0.8925135493,-0.0444128374,-0.0497918243,-0.7249159525,0.6855983780,0.0287497598,0.0950505498,0.0382608502,0.1322744624,0.0337206386,-0.1216581391,-0.0261435846,-0.3235085076,-0.1790510914,0.1230992368,0.1243179366,0.0274991571,0.0230465665,-0.1138948071,0.0439187072,-0.7560822586,-1.0882220748,-0.8658744729,0.0994370075,0.1216583773,0.2859788771,-0.2516042733,0.3075332060,-0.4029935022,0.4109324376,0.2343749210,0.1384613490
0.2881784468,0.6608295349,0.8859664635,-0.0389198340,-0.0518627074,-0.7189792593,0.6920002390,0.0165429091,0.1087848164,0.0238716966,0.1489182793,0.0368190901,-0.1339635131,-0.0304943812,-0.3390448301,-0.1489512798,0.1301426461,0.1346805916,0.0283948266,0.0225469855,-0.1368939155,0.0362600705,-0.7375489165,-1.1300875882,-0.8653333665,0.0821760416,0.1154517933,0.2795575611,-0.2498897839,0.2822265649,-0.4163807655,0.4057214471,0.2250362582,0.1306039130
0.2685714936,0.6544212536,0.8795721561,-0.0352880865,-0.0582085904,-0.7168001060,0.6939482105,0.0185868676,0.1181444143,0.0126333163,0.1624735793,0.0323473835,-0.1493435403,-0.0203274221,-0.3495157245,-0.1514845727,0.1402747196,0.1378954720,0.0956962844,0.0415742118,-0.1344244507,0.0231232899,-0.7107656220,-1.1713488724,-0.8635383732,0.0612252701,0.1031880261,0.2938754800,-0.2494104447,0.2659915047,-0.4261037105,0.3927726952,0.2218995199,0.1082849669
0.2478023986,0.6492986610,0.8751758780,-0.0339765525,-0.0614118614,-0.7177920137,0.6927111968,0.0240033596,0.1364947753,0.0081633173,0.1702773264,0.0256694061,-0.1678497617,-0.0102400747,-0.3431298463,-0.1690108785,0.1451605899,0.1224100605,0.1687019503,0.0685207306,-0.1138728784,0.0177730275,-0.6729491493,-1.2055857223,-0.8611151417,0.0430946450,0.0895035562,0.3102539377,-0.2386947629,0.2576311817,-0.4391015427,0.3715535200,0.2206320263,0.0729602491
0.2265360452,0.6456456907,0.8738484548,-0.0360394973,-0.0598397484,-0.7193276055,0.6911498789,0.0285782849,0.1664747085,0.0081254124,0.1734731611,0.0219797860,-0.1874225464,-0.0048517038,-0.3179016264,-0.1774673566,0.1483968807,0.1005861944,0.2035520152,0.0903951870,-0.0798365314,0.0264306432,-0.6268851452,-1.2264692008,-0.8559247288,0.0325733086,0.0759986855,0.3179034034,-0.2123528726,0.2499059764,-0.4560433501,0.3478034132,0.2195494187,0.0324501188
0.2038501752,0.6436520894,0.8732960751,-0.0410741654,-0.0527319099,-0.7159138420,0.6949817476,0.0237307031,0.2099143926,0.0037855775,0.1751232076,0.0267095524,-0.2083596176,-0.0014060974,-0.2760576680,-0.1793099199,0.1544810256,0.0799784773,0.2132610741,0.0946301031,-0.0350314347,0.0439399112,-0.5764494178,-1.2281351884,-0.8424718559,0.0343838475,0.0648794172,0.3150678883,-0.1726700538,0.2447958872,-0.4775981047,0.3256230889,0.2145376088,-0.0050765330
0.1822565228,0.6428359185,0.8740383125,-0.0445577915,-0.0437251557,-0.7082066347,0.7032397007,0.0053994571,0.2482413107,0.0010234670,0.1800714212,0.0455821991,-0.2167205891,-0.0019844454,-0.2338250219,-0.1896436020,0.1618709479,0.0644762087,0.2073433916,0.0786835174,0.0140164388,0.0625812752,-0.5251415375,-1.2050773689,-0.8236357907,0.0549808167,0.0603175129,0.3031171832,-0.1315241710,0.2394928647,-0.5030612141,0.3090311809,0.2058297294,-0.0336777572
0.1625468472,0.6424403743,0.8775810999,-0.0487756469,-0.0410635668,-0.6996885875,0.7115972177,0.0020290355,0.2662472967,0.0544214879,0.1846505375,0.0922767159,-0.1852580193,0.0200448395,-0.1999555609,-0.2198170553,0.1502278014,0.0357796438,0.1909948748,0.0462018217,0.0882570201,0.0758282462,-0.4770885569,-1.1208859022,-0.7785379268,0.1257654064,0.0692152528,0.3109517141,-0.0862549198,0.2542540059,-0.5363854948,0.2962513763,0.1949526102,-0.0671407395
0.1468442686,0.6424291850,0.8835671706,-0.0447126138,-0.0402386982,-0.6954253044,0.7160763055,0.0028621458,0.2554494721,0.1559349845,0.1768248706,0.1136511424,-0.1128483247,0.0264091411,-0.1836346911,-0.2415084253,0.1341720464,0.0269670134,0.1679374325,0.0159293464,0.0782104688,0.0691321183,-0.4816933574,-0.9339518476,-0.6717664571,0.2733628034,0.1349424128,0.3026679072,-0.0827051164,0.2869514046,-0.5906866653,0.2972061767,0.1826226702,-0.1054978041
0.1329926109,0.6427445287,0.8893903946,-0.0403224322,-0.0411155175,-0.6937228470,0.7179360885,-0.0001850871,0.2256912154,0.1994751247,0.1873684565,0.0866957990,-0.0915351544,0.0263226227,-0.1730120012,-0.2487363040,0.1274044914,0.0251293852,0.1503339328,0.0093418457,0.0349460306,0.0668954487,-0.5293524449,-0.7228368362,-0.5632211995,0.3863256265,0.1768494047,0.2834202463,-0.0876274649,0.3059192395,-0.6302032463,0.3006881094,0.1790148177,-0.1283612078
0.1220050204,0.6429595038,0.8936825775,-0.0352506953,-0.0436878433,-0.6930253709,0.7187242838,-0.0005486121,0.1799024403,0.2088371279,0.1977939550,0.0600944021,-0.0930631033,0.0250757060,-0.1703657603,-0.2564582810,0.1240258970,0.0232664141,0.1366027021,0.0072025445,-0.0005313622,0.0565969023,-0.5704548301,-0.5153808796,-0.4755352604,0.4660263150,0.1492719037,0.2621351854,-0.0978475263,0.3186477739,-0.6593495731,0.3000643115,0.1835190349,-0.1594998633
0.1123131110,0.6430551397,0.8957075071,-0.0323574367,-0.0428247533,-0.6933091236,0.7186386407,-0.0034833339,0.1362038410,0.2050409263,0.2063079473,0.0486011059,-0.1101831221,0.0187355752,-0.1622540328,-0.2602895893,0.1256055676,0.0212829752,0.1259347696,0.0075347589,0.0155676585,0.0629974311,-0.5905426534,-0.4198656080,-0.4762499915,0.5001045584,0.0911493828,0.2334543881,-0.1059981004,0.3268526235,-0.6811632361,0.3001788623,0.1831453594,-0.1816806332
0.1031347050,0.6432576730,0.8958019245,-0.0274110217,-0.0353408654,-0.6956496231,0.7169876296,-0.0252027592,0.1012910762,0.2034440381,0.2126371327,0.0530979856,-0.1217692919,-0.0082694776,-0.1495730618,-0.2584727661,0.1343835891,0.0275363460,0.1171323342,0.0115526580,0.0271414493,0.0766987299,-0.5878225201,-0.4077425244,-0.5175568590,0.4970120353,0.0734191048,0.1889225161,-0.1170882252,0.3246182283,-0.7039830646,0.3018178007,0.1763021034,-0.1945909417
0.0942417116,0.6414813525,0.8947997064,-0.0333948392,-0.0359355041,-0.6986557208,0.7137741996,0.0073147352,0.0702637460,0.2068872556,0.1689950128,0.0733176721,-0.0948306382,0.0108579392,-0.1289078502,-0.2511047266,0.1205707331,0.0174537095,0.1035531316,0.0019163849,0.1148913216,0.1137480725,-0.5765050518,-0.4160358011,-0.8047959168,0.3894849139,-0.0038958759,0.1680936811,-0.1243724120,0.3592287578,-0.7089020426,0.2993618680,0.1844852646,-0.2047129351
0.0873741125,0.6418215928,0.8955002481,-0.0261122479,-0.0297630829,-0.7016769166,0.7113942748,-0.0095289478,0.0586468405,0.2539716514,0.1604131993,0.0594479421,-0.0575840935,-0.0179759695,-0.1239522343,-0.2458127881,0.1290206417,0.0258110684,0.0982354047,-0.0040547458,0.1060813435,0.1224029116,-0.5960735256,-0.4428995998,-0.8340226731,0.3572431031,0.0016475302,0.1235733186,-0.1463220018,0.3617800622,-0.7286174438,0.3022544959,0.1778026669,-0.2137392303
0.0824460751,0.6416438152,0.8974551139,-0.0236108892,-0.0290586856,-0.7037186839,0.7094914605,-0.0043729940,0.0581567000,0.2846273509,0.1499921299,0.0364696226,-0.0367834092,-0.0267020981,-0.1207628810,-0.2395581373,0.1344299666,0.0272324374,0.0934664663,0.0072760227,0.1092590356,0.1290577221,-0.6006031236,-0.4645478628,-0.8308936914,0.3265447582,0.0037124672,0.0943754586,-0.1686564743,0.3652008270,-0.7390701854,0.3029839403,0.1752986457,-0.2212210444
0.0784799850,0.6406748927,0.8994857547,-0.0228238071,-0.0313068454,-0.7040379657,0.7091047159,0.0021403361,0.0582723507,0.2900040775,0.1438541670,0.0249392951,-0.0283802764,-0.0256562061,-0.1196833615,-0.2344871750,0.1369692548,0.0262951568,0.0886414751,0.0277325195,0.1162929920,0.1315341766,-0.5749396435,-0.4753406373,-0.8035825750,0.3053046965,-0.0040743823,0.0798550926,-0.1878978081,0.3625037871,-0.7391176679,0.2995226458,0.1772075758,-0.2293572277
0.0759014605,0.6397909775,0.9005200533,-0.0220137167,-0.0335188095,-0.7033187310,0.7097426635,0.0059708849,0.0569163413,0.2853332569,0.1406191490,0.0214863315,-0.0268231720,-0.0227800895,-0.1201478852,-0.2319601842,0.1374271737,0.0248624660,0.0842010351,0.0425044650,0.1214316975,0.1327705389,-0.5405887810,-0.4789697573,-0.7741274320,0.2945902128,-0.0171118242,0.0753207252,-0.2007338192,0.3530321066,-0.7302567949,0.2918758957,0.1833272911,-0.2373162354
0.0741656070,0.6396154412,0.9010923271,-0.0215929181,-0.0341826872,-0.7011772627,0.7118396842,0.0065163121,0.0578263348,0.2840536143,0.1383235788,0.0220513744,-0.0279864538,-0.0204187582,-0.1192620412,-0.2349299248,0.1366066224,0.0235235542,0.0805548971,0.0457855866,0.1207426552,0.1370290778,-0.5218227474,-0.4833002424,-0.7572910114,0.2896548226,-0.0259017223,0.0761514416,-0.2057831332,0.3416944540,-0.7172438416,0.2816594582,0.1904069986,-0.2435193868
0.0736001889,0.6400493746,0.9013731753,-0.0213400088,-0.0345228948,-0.6987513885,0.7142123429,0.0057573793,0.0577930883,0.2810249942,0.1365851162,0.0234417485,-0.0291480593,-0.0184871504,-0.1192534246,-0.2399461196,0.1353344279,0.0225548233,0.0781834437,0.0470294615,0.1124666646,0.1438641712,-0.5199301212,-0.4908665905,-0.7601046124,0.2865817260,-0.0275615012,0.0808707173,-0.2065543670,0.3342066577,-0.7024305488,0.2719475605,0.1972292933,-0.2457630483
0.0736509391,0.6404387285,0.9017547922,-0.0218355326,-0.0358771281,-0.6965843142,0.7162446051,0.0070909525,0.0562862382,0.2757426047,0.1354470799,0.0249001760,-0.0293141059,-0.0147234975,-0.1202109781,-0.2430121062,0.1345461583,0.0217265571,0.0769101152,0.0492008416,0.0984860099,0.1499425535,-0.5315203445,-0.5009931369,-0.7754633507,0.2838060843,-0.0225659286,0.0888876396,-0.2075793663,0.3348121829,-0.6866831822,0.2622597910,0.2031757999,-0.2433532004
0.0737269735,0.6408952427,0.9019708803,-0.0229213588,-0.0373393685,-0.6943144358,0.7183368618,0.0093832980,0.0554788135,0.2699770285,0.1343014754,0.0261634460,-0.0293518717,-0.0102927615,-0.1205611850,-0.2469780349,0.1342776542,0.0211378767,0.0760072214,0.0560228711,0.0817460632,0.1523023422,-0.5462299807,-0.5120243315,-0.7914855444,0.2822775490,-0.0148068395,0.0989940425,-0.2104159549,0.3467302937,-0.6701174447,0.2542320909,0.2079315709,-0.2369900154
0.0738487398,0.6416946417,0.9019149460,-0.0238731024,-0.0385400465,-0.6916147755,0.7208423837,0.0108183489,0.0548011360,0.2631003603,0.1330708464,0.0270147541,-0.0298158252,-0.0064096704,-0.1210689187,-0.2532376647,0.1341723707,0.0204876712,0.0751625924,0.0626897978,0.0647047090,0.1481035333,-0.5529813629,-0.5236195018,-0.7997934633,0.2814576831,-0.0071862365,0.1084849321,-0.2141934141,0.3644279368,-0.6533035926,0.2483668257,0.2119683711,-0.2276857826
0.0740184740,0.6428640416,0.9014558817,-0.0246670650,-0.0390601781,-0.6884058745,0.7238530171,0.0104127687,0.0547785315,0.2547960927,0.1322070792,0.0270831824,-0.0304622874,-0.0035169368,-0.1210738516,-0.2617073766,0.1340264117,0.0190968895,0.0744563218,0.0677255756,0.0496578141,0.1409341048,-0.5591064701,-0.5362710726,-0.7992229425,0.2809621316,-0.0007540742,0.1160013514,-0.2171604051,0.3835306065,-0.6363685777,0.2445821560,0.2154371377,-0.2161305620
0.0747640676,0.6436216183,0.9004654014,-0.0250541074,-0.0395911943,-0.6865390217,0.7255818360,0.0099210702,0.0534709791,0.2473925002,0.1328519497,0.0256067995,-0.0310237522,-0.0011939860,-0.1224140372,-0.2680600836,0.1338562899,0.0156225908,0.0743834352,0.0633639536,0.0366411254,0.1333947302,-0.5665453785,-0.5501107958,-0.7912863063,0.2792241343,0.0045522522,0.1213948655,-0.2199303082,0.4067733590,-0.6203831371,0.2430255141,0.2181562147,-0.2040269610
0.0759801962,0.6436501305,0.8994665932,-0.0264230899,-0.0395539786,-0.6853215066,0.7266854448,0.0100644423,0.0538822850,0.2410159244,0.1350366318,0.0232838098,-0.0312414133,0.0007699975,-0.1223955559,-0.2711617323,0.1353627305,0.0129115733,0.0747870633,0.0444473987,0.0254117152,0.1274669600,-0.5707859640,-0.5632959867,-0.7800105915,0.2761932761,0.0086957584,0.1239174970,-0.2205025930,0.4294274739,-0.6060918782,0.2437861969,0.2194162330,-0.1918218811
0.0772606886,0.6425102170,0.8990814467,-0.0277836733,-0.0372858772,-0.6842072953,0.7278036878,0.0087330406,0.0571823432,0.2337447227,0.1365006054,0.0208056999,-0.0309529254,0.0013714404,-0.1188956332,-0.2714860227,0.1358342861,0.0111792721,0.0759787657,0.0295603263,0.0141901473,0.1223557705,-0.5744244612,-0.5763980785,-0.7707735007,0.2728067118,0.0133751697,0.1278361780,-0.2184415530,0.4452716689,-0.5908759389,0.2402234030,0.2208158579,-0.1823358570
0.0795154415,0.6397279125,0.8990601529,-0.0277965840,-0.0313532817,-0.6842276805,0.7280637355,0.0042039682,0.0619047992,0.2292969965,0.1363579057,0.0174699688,-0.0286833203,-0.0014190613,-0.1133758563,-0.2713991662,0.1331529193,0.0090652733,0.0804248636,0.0199482545,0.0030234774,0.1135093995,-0.5694499568,-0.5891970837,-0.7638690276,0.2700414616,0.0189777747,0.1367715871,-0.2095416483,0.4531269615,-0.5687385328,0.2228431893,0.2246295066,-0.1787619924
0.0840751688,0.6349047346,0.8990501743,-0.0244476163,-0.0190144560,-0.6830499821,0.7297146610,-0.0081672656,0.0691264728,0.2276399282,0.1332442558,0.0054324926,-0.0312421343,-0.0108158025,-0.1067163347,-0.2790139024,0.1260262541,0.0047370445,0.0916626648,0.0213688662,-0.0065555358,0.0959058849,-0.5533075169,-0.6045626745,-0.7615439678,0.2683787029,0.0294504630,0.1404737579,-0.1947991311,0.4453131804,-0.5354392857,0.1781981518,0.2384240810,-0.1913441546
0.0927420189,0.6264517647,0.8976847533,-0.0201492636,-0.0011622775,-0.6785867689,0.7342429117,-0.0267408766,0.0790039178,0.2361063686,0.1331445384,-0.0204691571,-0.0317683556,-0.0218844606,-0.0995447054,-0.2987316083,0.1181388544,-0.0026243997,0.1119127190,0.0285732686,-0.0112804844,0.0786025142,-0.5379021915,-0.6262871563,-0.7690478949,0.2682326704,0.0518030037,0.1286486726,-0.1766937340,0.4437756712,-0.5058979046,0.1217133228,0.2557593678,-0.2108407937
0.1080585076,0.6138915896,0.8932680352,-0.0194415763,0.0183683358,-0.6719032982,0.7401557857,-0.0444332207,0.0927185411,0.2720674905,0.1470251215,-0.0496098558,-0.0242137422,-0.0269175315,-0.0932795835,-0.3210791718,0.1145686714,-0.0112248043,0.1382450639,0.0245283798,-0.0051380572,0.0730928624,-0.5219414795,-0.6574201811,-0.7809488043,0.2722512034,0.0923767845,0.1006491237,-0.1625770137,0.4644326689,-0.5003659677,0.0948773830,0.2556903040,-0.2125091833
0.1317915583,0.5948780931,0.8859234629,-0.0289526851,0.0282190689,-0.6699471901,0.7413070812,-0.0242483631,0.1086407939,0.4348550105,0.1825285125,-0.0863511299,0.0029301108,0.0037724624,-0.0931271460,-0.3446929361,0.1055075517,-0.0263117275,0.1851561143,0.0308523122,0.0719255971,0.0854044036,-0.4944418089,-0.7125247864,-0.7996159083,0.2863228229,0.1822182990,0.0718805724,-0.1837025596,0.5419246003,-0.5271486824,0.1242977617,0.2230316550,-0.1678179220
0.1640519402,0.5725442482,0.8759148108,-0.0357398187,0.0305968273,-0.6732654439,0.7379025285,-0.0281815721,0.1125894398,0.5759002770,0.3070080445,-0.1568967856,0.0154923713,0.0119129712,-0.1257457536,-0.3324174212,0.1505909381,-0.0609956926,0.2393395590,0.0050255640,0.1409313379,0.1235284086,-0.4476559099,-0.7689875328,-0.7617715260,0.2744775291,0.3476044861,-0.0603479517,-0.3317641060,0.7189081988,-0.6237840695,0.1915442207,0.1049392017,0.0301397587
0.2026819907,0.5477069306,0.8652716618,-0.0383566935,0.0265517950,-0.6681562084,0.7425571004,-0.0315000942,0.0522486727,0.5622993529,0.3895149850,-0.1604094474,-0.0117615170,0.0308057259,-0.1805151692,-0.3255010430,0.1954338181,-0.0594141057,0.2892456958,0.0087998893,0.1438263735,0.1947421437,-0.5287321073,-0.7651107265,-0.7427492952,0.2579016815,0.3760274608,-0.1522263018,-0.4843186627,0.7753715336,-0.7249995937,0.2025627491,0.0854163191,-0.0108726084
0.2452110003,0.5212710421,0.8540833976,-0.0400750492,0.0166518747,-0.6574980829,0.7522054084,-0.0021181957,-0.0533104466,0.5276867993,0.3774947229,-0.1399670788,0.0362811448,0.0693652614,-0.2471526842,-0.3319181513,0.2302789849,-0.0103005530,0.3379162176,0.0123686624,0.1615128833,0.2902182172,-0.6556730076,-0.7426927994,-0.8163960496,0.2144722104,0.3227145590,-0.2030976462,-0.6057865080,0.7449075098,-0.7556663322,0.1938418862,0.0901476129,-0.0874871852
0.2875369839,0.4989813449,0.8401481501,-0.0339859300,0.0101771771,-0.6497923025,0.7592834420,0.0358595258,-0.1295877790,0.6029311472,0.3575631824,-0.2138039935,0.1278948272,0.0566525979,-0.3227063970,-0.3057991494,0.3061170637,0.1157356088,0.3370507359,0.0236126510,0.1481131073,0.4004157484,-0.7694406671,-0.7176255458,-1.0279211033,0.1231268120,0.2542110010,-0.2581719521,-0.7156009895,0.6910033131,-0.7447154103,0.1206460672,0.1147146166,-0.1741700699
0.3247466389,0.4788171309,0.8232149551,-0.0329829866,0.0138860849,-0.6431620886,0.7648933435,0.0713656934,-0.1743783860,0.5935868994,0.3533886037,-0.3717480670,0.1509331225,-0.0414662014,-0.3776710916,-0.2502769157,0.4804690340,0.2616743727,0.2190940406,0.0176464949,0.1355416407,0.5227424873,-0.8390890770,-0.7012782020,-1.1788204356,0.0777090068,0.2257056892,-0.3347393652,-0.7919544657,0.6429229191,-0.7106570987,0.0329116899,0.1338762600,-0.2506351382
0.3574311798,0.4579785844,0.8039733756,-0.0415736674,0.0213774120,-0.6282486783,0.7766068726,0.0985397963,-0.1745300000,0.5275070604,0.3860752635,-0.5258080238,0.1727992697,-0.2246382229,-0.3950354560,-0.1928132809,0.7864924051,0.3029989605,-0.1067542891,-0.0212817876,0.1202379616,0.6545057094,-0.8895292325,-0.6668318766,-1.0479890933,0.0881534262,0.1913330083,-0.4105358576,-0.8319594921,0.5819228432,-0.6744887017,-0.0383882383,0.1610335761,-0.3164662266
0.3888821223,0.4328586593,0.7905577541,-0.0528465518,0.0167414156,-0.5935456870,0.8028888369,0.2037809544,-0.1745300000,0.4938909660,0.3239867453,-0.5217292790,0.1694725648,-0.3011325727,-0.3924259891,-0.2561645257,0.9871584778,0.2456719104,-0.2345695521,-0.1415739313,0.2335743068,0.7283330683,-0.8489505726,-0.5624090683,-0.8104222850,0.1575069587,0.1354265823,-0.2885062516,-0.8084523593,0.4241826147,-0.6805545715,-0.0548413076,0.1827983049,-0.4379459872
0.4206578515,0.4122200495,0.7758238754,-0.0506623405,0.0260949529,-0.5491162155,0.8338007931,0.2417708436,-0.1745300000,0.3901165777,0.3120889306,-0.5206234414,0.1777428225,-0.5042550642,-0.3244722670,-0.2459902706,1.2668181068,0.1347895659,-0.2218932847,-0.2436480739,0.1479754163,0.7667353109,-0.8434986181,-0.4235887551,-0.5801042213,0.2699435526,0.0645854044,-0.1553214352,-0.8408948710,0.2301404095,-0.7778650158,-0.1012194030,0.1761451380,-0.5839434072
0.4566140320,0.3894892384,0.7660185168,-0.0490949042,0.0431626618,-0.5115445124,0.8567665300,0.2841903231,-0.1745300000,0.3026669397,0.2690549312,-0.4929944479,0.1874824667,-0.6856574309,-0.2177465891,-0.3265225515,1.3824541283,0.1231115195,-0.1370187559,-0.2938094671,0.0206526813,0.7889181782,-0.8055426043,-0.3803607546,-0.5583426853,0.4020590485,0.0573210416,0.0443086748,-0.8831249052,0.1368074542,-0.8531766513,-0.1793955450,0.1368174150,-0.7158102906
0.4946208269,0.3671780854,0.7575617589,-0.0417574460,0.0662223845,-0.4843652850,0.8713559446,0.2962770800,-0.1745300000,0.2645527413,0.2527831409,-0.4650932595,0.1878348393,-0.8614474940,-0.1053322161,-0.4583601508,1.3374477856,0.1174543046,-0.0730358056,-0.3389403558,-0.0807078619,0.7948532507,-0.7389816659,-0.4058107451,-0.5730670869,0.4250214540,0.0921012650,0.1449598510,-0.8981917407,0.1373627488,-0.8531954505,-0.1660924201,0.1385265991,-0.7357249302
0.5360069755,0.3434866959,0.7475628630,-0.0346712397,0.0922640882,-0.4605189419,0.8821607264,0.3054427087,-0.1745300000,0.2142890351,0.2342263194,-0.4136410483,0.1893181441,-1.0139362332,0.0077558142,-0.6008411683,1.1613953641,0.1122977202,-0.0052942783,-0.3802770851,-0.1737304259,0.7856824773,-0.6768295995,-0.4646558139,-0.5644850424,0.4241860254,0.1399236783,0.2633665819,-0.8866687417,0.1484409329,-0.8599116486,-0.1398462681,0.1417609266,-0.7507245360
0.5819692845,0.3177563409,0.7341941865,-0.0251671131,0.1252236789,-0.4345990697,0.8915207767,0.3097689802,-0.1745300000,0.1474524102,0.2092518646,-0.3566942024,0.1874119913,-1.1424805415,0.1119357646,-0.7011847475,0.8897392584,0.1163086470,0.0628335777,-0.4238281473,-0.2432731582,0.7794769414,-0.6525115193,-0.5494954450,-0.5343831498,0.4024053232,0.1884711544,0.3726089421,-0.8353375272,0.1596043223,-0.8890183476,-0.1278482031,0.1350845600,-0.7517217444
0.6345806910,0.2871510936,0.7164933979,-0.0177015505,0.1585094828,-0.4017086960,0.9017713250,0.3216675076,-0.1528526224,0.0857877160,0.1923029940,-0.3072843711,0.1702002719,-1.2381893677,0.1736400943,-0.7404053257,0.6245787923,0.1191847513,0.1460070946,-0.4787107621,-0.2897089743,0.7829783039,-0.6658434102,-0.6325093535,-0.5140909883,0.3788935308,0.2385049738,0.4548110634,-0.7533733152,0.1569528480,-0.9365450865,-0.1148456783,0.1224533224,-0.7363457840
0.6881201874,0.2555081488,0.6966710530,-0.0066278452,0.1906943609,-0.3552128643,0.9151041216,0.3532415270,-0.1172241592,-0.0208800145,0.1473845306,-0.2457690573,0.0822588008,-1.2665485960,0.1745300000,-0.7253522416,0.3697021729,0.0995900460,0.2523512371,-0.5302977121,-0.3721748144,0.7948054097,-0.7214377203,-0.7685533254,-0.5222648792,0.3517602609,0.4042243658,0.6473472418,-0.5936634113,0.0122602156,-1.1671011721,-0.0039683543,0.0804371077,-0.6826678579
0.7348853806,0.2208330394,0.6717838633,-0.0000189166,0.2220177824,-0.3169782525,0.9220807401,0.3570740274,-0.0737253552,-0.0385550499,0.1517435089,-0.1996348676,0.0080378812,-1.2653796432,0.1745300000,-0.6563326504,0.2097709758,0.1689710084,0.2097081206,-0.5572265937,-0.4666701725,0.7923341341,-0.7914502595,-0.7889337479,-0.5679774360,0.3534238405,0.5207799093,0.7230038208,-0.4380204433,-0.0993133071,-1.3997324698,0.0803415578,0.0334845611,-0.5825441036
0.7799308230,0.1912595133,0.6483357394,-0.0018834987,0.2449151343,-0.2934959768,0.9240525640,0.3677823437,-0.0441019258,0.0120312411,0.1656760239,-0.1431685403,-0.0758799038,-1.3327512019,0.1709189874,-0.6816586993,0.2287197483,0.4713472392,-0.3220323154,-0.5421121218,-0.5553999682,0.7642351181,-0.8872454259,-0.7572090564,-0.5466344482,0.3655418241,0.5573188820,0.7357354357,-0.3149736579,-0.0733278218,-1.6146447657,0.1144385312,-0.0286671673,-0.4612140845
0.8177782432,0.1691924530,0.6275281458,-0.0134103116,0.2806959974,-0.2984498406,0.9121171050,0.3461483633,-0.0289030052,0.1328894660,0.1799858735,-0.0600646627,-0.1471377838,-1.4087237420,0.1745300000,-0.7909051388,0.3207572298,0.4079817726,-0.4712097476,-0.4594219667,-0.6938836030,0.7384932502,-1.0003844331,-0.7022273423,-0.4832760911,0.3812826824,0.5581023952,0.6498548787,-0.2406545218,0.0196179678,-1.8006374409,0.2252411218,-0.0768807573,-0.3116022491
0.8562599346,0.1434918170,0.6082850376,-0.0360952522,0.3118106411,-0.3078369648,0.8981690598,0.3403869925,0.0005517006,0.2351948405,0.1838702767,0.0465774512,-0.1773684124,-1.4921267096,0.1723818425,-0.8365315802,0.4747248631,0.3298692972,-0.4707683863,-0.3674839794,-0.8171854630,0.7043734791,-1.1351716886,-0.6459924571,-0.4457953511,0.3949486589,0.5624830452,0.4667461750,-0.2014229979,0.1680770371,-1.8675000000,0.3615718402,-0.1212364725,-0.2450285018
0.8970358933,0.1237547271,0.5906484325,-0.0485046768,0.3523062541,-0.3143287401,0.8801846640,0.3098305808,0.0207678856,0.2705163205,0.1776687269,0.1313199143,-0.1593705892,-1.6052265469,0.1255688200,-0.8779046892,0.6791422149,0.2141811396,-0.4432807629,-0.2910628908,-0.9375636304,0.6576731891,-1.2710845020,-0.6046549105,-0.4090978009,0.4017205478,0.5555205344,0.1946145483,-0.1951539646,0.3449537129,-1.8489866046,0.4142754731,-0.1362097914,-0.2540694175
0.9408635791,0.1042281022,0.5722167346,-0.0598848099,0.3878048165,-0.3282860830,0.8592144561,0.2885247761,0.0271906347,0.2705829468,0.1648282584,0.2031492627,-0.1410180551,-1.7098975693,0.0677386834,-0.9239876921,0.9196469304,0.0773178816,-0.4212387821,-0.2102768207,-1.0085255892,0.5911147580,-1.4167424352,-0.5225995102,-0.3654911019,0.4120400954,0.4672269204,-0.0927642141,-0.2231171279,0.5441928482,-1.7591976983,0.4215904912,-0.1037267462,-0.2779007635
0.9876387094,0.0852225922,0.5534208581,-0.0786071381,0.4219901569,-0.3479138861,0.8334873443,0.2704871013,0.0315243831,0.2897056223,0.1498494185,0.2468116151,-0.1057417783,-1.8000658140,0.0165994260,-0.9752599375,1.1519839540,-0.0209473603,-0.3984837970,-0.1194524029,-1.0581377342,0.5113105238,-1.5707999970,-0.4577430042,-0.4772209893,0.4863059970,0.6922637381,-0.3736109464,-0.2158924570,0.7408362904,-1.5882993561,0.4884749385,-0.0396159250,-0.2838190249
1.0356925245,0.0661834075,0.5349915106,-0.0913202552,0.4481980737,-0.3691133019,0.8090330451,0.2498861701,0.0158658262,0.2872508581,0.1349874919,0.2008389025,-0.0773401997,-1.8644136290,-0.0330694598,-1.0120179797,1.3597987963,-0.0744900174,-0.3788239731,0.1002930090,-0.9635882965,0.4351271173,-1.1738464890,-0.6330569343,-0.6058733892,0.4676778613,0.8583659246,-0.5852734664,-0.2328769367,0.8894043903,-1.3740622465,0.5683206387,0.0723397482,-0.3588933634
1.0750845446,0.0464758130,0.5193246520,-0.0778506958,0.4552596302,-0.3816034800,0.8006601790,0.2144221654,-0.0199132882,0.2770398982,0.1528641936,0.2461407781,-0.0627666513,-1.8776733056,-0.0369137296,-1.0017606882,1.4332745965,-0.0870198137,-0.3754941859,0.1754421126,-0.9456662652,0.4272834168,-1.1807988084,-0.6725201180,-0.6259311031,0.4543813933,0.8735842709,-0.6313899635,-0.2599727919,0.9549543566,-1.3407472647,0.5797772022,0.0899864908,-0.3651513295
1.1063724457,0.0255731425,0.5067819136,-0.0558171162,0.4543193703,-0.3717873972,0.8076215021,0.1990451627,-0.0363898663,0.2616483998,0.1734169118,0.2919303016,-0.0643500539,-1.8707257146,-0.0688156299,-0.9696601521,1.5122216218,-0.1291040138,-0.3718125856,0.2342514203,-0.9097988527,0.3952357292,-1.2243402698,-0.7189435507,-0.6460765064,0.4367801583,0.8897093332,-0.6702152368,-0.2948572335,1.0306034828,-1.2895504322,0.5858272697,0.1155318252,-0.3705111750
1.1377830418,0.0050985129,0.4947122881,-0.0297439563,0.4496230377,-0.3467712459,0.8226202793,0.2284390288,-0.0427899161,0.1489808375,0.1512626242,0.3688899257,-0.2208479926,-1.8799529999,-0.2077515563,-0.9032385386,1.7412184337,-0.3635545996,-0.3610050927,0.3032663584,-0.8107971738,0.2927464794,-1.3449376501,-0.8891158941,-0.7503249186,0.4024519916,0.9688352945,-0.8115220738,-0.2618533301,1.2771400827,-0.9477213513,0.4958689483,0.2788844824,-0.5778301743
1.1595741090,-0.0131304958,0.4969296788,-0.0181388590,0.4616724524,-0.3368511606,0.8204028426,0.1821994036,-0.0198927121,0.1137965707,0.1594346913,0.4156767579,-0.2371868181,-1.8928116738,-0.2209814528,-0.8920382022,1.7747295915,-0.3691913521,-0.3572579263,0.2905820542,-0.8129558145,0.2901665463,-1.3297213194,-0.9013358491,-0.7601996072,0.4041012210,0.9757689124,-0.8218234377,-0.2548183897,1.2301150509,-0.9316389438,0.4872953410,0.2877651129,-0.6124881648
1.1812368560,-0.0295134628,0.5055312685,-0.0247001430,0.4680411872,-0.3313309915,0.8188694182,0.1547699759,0.0193304641,0.0457545675,0.1621708496,0.4374073692,-0.2453340915,-1.8814006034,-0.2246190911,-0.8873790588,1.8068378010,-0.3639511323,-0.3494193741,0.2701533721,-0.7999855586,0.3029795795,-1.3162360232,-0.9090083294,-0.7711761496,0.4063485037,0.9804241579,-0.8098517616,-0.2365724359,1.1816701551,-0.9191564875,0.4803875902,0.2902769990,-0.6377635362
1.1996960373,-0.0397877960,0.5200263302,-0.0313786150,0.4759249567,-0.3275191663,0.8156236962,0.1181822694,0.0531875529,-0.0406474906,0.1645146411,0.4590658041,-0.2439125201,-1.8624632609,-0.2208706809,-0.8835811486,1.8103972646,-0.3593491013,-0.3363871644,0.2674665044,-0.7846255954,0.3156021267,-1.3140095049,-0.9131886818,-0.7834298548,0.4093887340,0.9842583772,-0.7916889807,-0.2243538510,1.1904378377,-0.9070477765,0.4734360262,0.2892602869,-0.6577045472
1.2139576255,-0.0458858741,0.5418812031,-0.0318197906,0.4853396377,-0.3251575382,0.8109904515,0.0637039833,0.0693896574,-0.1106625099,0.1669121299,0.4756028080,-0.2541012813,-1.8396436281,-0.2070428316,-0.8755511013,1.7764522572,-0.3565402779,-0.3219469188,0.2729421085,-0.7779214638,0.3218777662,-1.3174727691,-0.9156180669,-0.7961559335,0.4136545867,0.9879411658,-0.7853410791,-0.2194953976,1.2190285266,-0.8895176860,0.4648381996,0.2883694629,-0.6729390565
1.2257108584,-0.0513883912,0.5691410512,-0.0300209430,0.4932423565,-0.3223309887,0.8074115769,-0.0039630446,0.0742082068,-0.1305030867,0.1813793247,0.4945749156,-0.2823589289,-1.8124648146,-0.1801095015,-0.8603788132,1.7142706759,-0.3520398711,-0.3037601149,0.2703565638,-0.7799069975,0.3228103719,-1.3206561497,-0.9134504537,-0.8078423456,0.4195610928,0.9901317112,-0.7899246217,-0.2120148176,1.2423430197,-0.8674515983,0.4530688873,0.2894054121,-0.6845072712
1.2381347005,-0.0565317054,0.6001869893,-0.0261577936,0.4988014835,-0.3188154722,0.8055243911,-0.0837507655,0.0736952082,-0.1004414789,0.2080811888,0.5051152801,-0.3188886737,-1.7775988390,-0.1441418581,-0.8364544127,1.6304795047,-0.3454383734,-0.2809106548,0.2558239935,-0.7883507562,0.3186834734,-1.3229967038,-0.9041202537,-0.8163880179,0.4268709657,0.9899107150,-0.8015030998,-0.1986932445,1.2583807636,-0.8390590045,0.4377155288,0.2924441449,-0.6897072678
1.2526597037,-0.0608587278,0.6307344252,-0.0201567494,0.4966403826,-0.3175925507,0.8075128529,-0.1690921022,0.0681593731,-0.0361589212,0.2495747961,0.5059961817,-0.3550766481,-1.7248482178,-0.0986228901,-0.7969450841,1.5314077964,-0.3484271336,-0.2526197366,0.2337848286,-0.7961648406,0.3114691747,-1.3373656177,-0.8837130710,-0.8177531299,0.4350930556,0.9834509542,-0.8137389313,-0.1898551000,1.2951663473,-0.8043661154,0.4206658344,0.2978097289,-0.6825909765
1.2688779524,-0.0652568253,0.6592313575,-0.0144999447,0.4839047162,-0.3211728053,0.8139250619,-0.2492797210,0.0674479187,0.0222378967,0.3093818300,0.4973839942,-0.3599836642,-1.6531353500,-0.0493328475,-0.7475012539,1.4318939414,-0.3569721715,-0.2260125913,0.1932689398,-0.7970395611,0.3071705406,-1.3732905314,-0.8515890485,-0.8070964017,0.4402146446,0.9682121126,-0.8257226022,-0.1818719414,1.3345042642,-0.7709299399,0.4027220041,0.3009880020,-0.6599074217
1.2851215703,-0.0687232828,0.6863607919,-0.0115608812,0.4639374704,-0.3271423807,0.8231684107,-0.3292946683,0.0835018375,0.0592992390,0.3879270976,0.4840276876,-0.3401105800,-1.5691634253,-0.0048061744,-0.6965289619,1.3389268054,-0.3639120084,-0.2044120198,0.1447562885,-0.7878352422,0.3061500793,-1.4125471191,-0.8131281654,-0.7830522313,0.4422382393,0.9438663261,-0.8407768474,-0.1659000081,1.3465389641,-0.7494724217,0.3750692965,0.2967645019,-0.6246469985
1.3014037047,-0.0708395485,0.7107827115,-0.0101079607,0.4384307709,-0.3374452799,0.8329507617,-0.4167364657,0.1110325189,0.0784209270,0.4833330016,0.4599617632,-0.3076544923,-1.4752162062,0.0339539828,-0.6444336949,1.2530705176,-0.3677190519,-0.1850891552,0.1186664581,-0.7694419509,0.3063169772,-1.4405235972,-0.7740984188,-0.7488181177,0.4432160050,0.9111045404,-0.8614039400,-0.1503496287,1.3699171000,-0.7309309729,0.3598344026,0.2948059324,-0.5942087544
1.2998083855,-0.0668879017,0.7157680084,-0.0286471653,0.3840167823,-0.3534184288,0.8525290992,-0.9500166384,0.2251744275,0.0142594706,1.4963111319,0.0917312321,-0.0991720388,-1.1984177475,0.1745297147,-0.5571618719,0.9291382669,-0.2913137149,-0.0848585864,0.0840330860,-0.6839567106,0.2645624079,-1.5065872317,-0.5518365916,-0.4208544114,0.4135046221,0.6136994850,-0.8896809997,-0.0171698432,1.5707999398,-0.5773128260,0.3541356835,0.2807188598,-0.4251155315
1.3164527826,-0.0663415205,0.7327191612,-0.0235102064,0.3561628935,-0.3692821552,0.8580361026,-1.0481988609,0.2458653459,-0.0417006044,1.5311547592,0.0520521738,-0.0791272988,-1.1459308927,0.1666895835,-0.5145442202,0.9214342582,-0.2794033670,-0.0837345579,0.1009466451,-0.6974453770,0.2606296241,-1.4626062957,-0.5414875133,-0.3768191441,0.3971855006,0.5651131732,-0.9067452637,-0.0138106991,1.5707984814,-0.5729653453,0.3621981300,0.2759950025,-0.4137020667
1.3340707401,-0.0652047900,0.7473982206,-0.0176575735,0.3207119009,-0.3869229769,0.8643625956,-1.1463555306,0.2580911061,-0.1165071008,1.5541723265,0.0147986109,-0.0542363252,-1.0656269958,0.1520588619,-0.4589803580,0.9046423298,-0.2652007227,-0.0797637900,0.0937958865,-0.6895717889,0.2672257245,-1.4573165991,-0.5164166712,-0.3595127916,0.3943258803,0.5082553183,-0.9027275072,-0.0037232867,1.5707996395,-0.5768290940,0.3679877051,0.2658495685,-0.3980182455
1.3538385666,-0.0617414771,0.7615614209,-0.0116443582,0.2868314183,-0.4050232078,0.8680716258,-1.2396183140,0.2658652611,-0.1898594978,1.5343916986,-0.0187206859,-0.0329535210,-0.9800971563,0.1329568248,-0.4004449014,0.8735445723,-0.2496477333,-0.0718769231,0.0655474983,-0.6741976119,0.2786522133,-1.5141712906,-0.4810256017,-0.3904266454,0.4084355435,0.4710645856,-0.8846560650,0.0158198025,1.5708000000,-0.5853873653,0.3734639760,0.2520693149,-0.3796432995
1.3776238366,-0.0573759219,0.7755787295,-0.0057762726,0.2581236011,-0.4211368622,0.8694725899,-1.3096944013,0.2711669015,-0.2541229741,1.4629515272,-0.0421154478,-0.0175653155,-0.8969597825,0.1085157907,-0.3449958671,0.8307645310,-0.2297483236,-0.0586010061,0.0585102268,-0.6647251110,0.2731368271,-1.5463081668,-0.4567846053,-0.4201467357,0.4159395841,0.4398883475,-0.8575849971,0.0325935840,1.5708000000,-0.5936395548,0.3810284165,0.2373148969,-0.3602129878
1.4059219778,-0.0521877007,0.7899062908,0.0004098048,0.2341295077,-0.4364505775,0.8687313158,-1.3403204300,0.2695590815,-0.3075954898,1.3420799741,-0.0543279789,-0.0117088906,-0.8244721030,0.0770510644,-0.2924093189,0.7855563871,-0.1981632415,-0.0419565466,0.0781290214,-0.6593373602,0.2484100785,-1.5159055469,-0.4544876289,-0.4221643280,0.4077799856,0.4081936270,-0.8218630786,0.0351208166,1.5708000000,-0.5999882342,0.3909733139,0.2235909374,-0.3412516491
1.4385621131,-0.0481324009,0.8026272934,0.0057902278,0.2151281244,-0.4527643428,0.8652692143,-1.3256858640,0.2652887734,-0.3645822768,1.1853654639,-0.0607866057,-0.0244462464,-0.7661288070,0.0432028562,-0.2415530280,0.7465009890,-0.1517937786,-0.0242801991,0.0897083612,-0.6455505898,0.2222401349,-1.4776828287,-0.4629999577,-0.4186733854,0.3944565577,0.3817966294,-0.7780512512,0.0304076494,1.5708000000,-0.6086270215,0.4010736546,0.2084012665,-0.3235459540
1.4743854925,-0.0467634012,0.8105474507,0.0060710871,0.1972644619,-0.4682688250,0.8612631314,-1.2694094576,0.2660568386,-0.4315255055,1.0180075345,-0.0637598644,-0.0552371586,-0.7114503116,0.0126961685,-0.1952465408,0.7185725665,-0.0994688193,-0.0083737119,0.0855160518,-0.6232600844,0.2052509834,-1.4529917803,-0.4757362788,-0.4255968803,0.3813268226,0.3643330386,-0.7261349383,0.0228225338,1.5708000000,-0.6211838859,0.4065589903,0.1915977607,-0.3079922250
1.5125324185,-0.0474931462,0.8118835185,0.0024785398,0.1751711858,-0.4844078051,0.8571219230,-1.1772880743,0.2726537303,-0.4922760576,0.8639545388,-0.0629740634,-0.0939847509,-0.6543282470,-0.0193444207,-0.1531952842,0.7055573871,-0.0489125874,0.0044772762,0.0720791498,-0.5924428855,0.1976649601,-1.4334134295,-0.4915327799,-0.4390433248,0.3686743104,0.3525558773,-0.6645291677,0.0111336943,1.5707958066,-0.6370913677,0.4052968057,0.1741119250,-0.2946950567
1.5526366040,-0.0496139500,0.8040485408,-0.0078701181,0.1498502859,-0.5033783319,0.8509366651,-1.0610337042,0.2929224677,-0.5208763465,0.7390786458,-0.0474367264,-0.1289403580,-0.5909108060,-0.0493427118,-0.1152856010,0.7048158241,-0.0085392487,0.0178998078,0.0633498562,-0.5536017258,0.1992376102,-1.4014238511,-0.5103139744,-0.4523722647,0.3552196485,0.3426867689,-0.5955961787,-0.0060102972,1.5634399923,-0.6542575373,0.3984423413,0.1572977747,-0.2839403593
1.5901503528,-0.0517445529,0.7954316535,-0.0145852433,0.1181370907,-0.5250521123,0.8427046801,-0.9330592968,0.3190694477,-0.4913243782,0.6519820634,-0.0128951790,-0.2149239424,-0.5257853138,-0.0895104618,-0.0762259433,0.7066833710,0.0178834487,0.0312558447,0.0600994448,-0.5066999936,0.2012812894,-1.3491695151,-0.5331303959,-0.4615652419,0.3402869278,0.3334266737,-0.5225404658,-0.0346341156,1.5388998915,-0.6695670453,0.3898372708,0.1423815790,-0.2749193115
1.6233671643,-0.0555387126,0.7906811129,-0.0206853797,0.0790491411,-0.5500550748,0.8311213889,-0.7924450693,0.3198124281,-0.4320375307,0.6145703479,0.0112008580,-0.2730682321,-0.4612419950,-0.1366540877,-0.0269643776,0.7146436978,0.0427930279,0.0423615706,0.0554086256,-0.4423011964,0.2046380587,-1.2716727923,-0.5595465175,-0.4686133474,0.3233233240,0.3230542907,-0.4403580937,-0.0793199293,1.5056062426,-0.6833303589,0.3827994648,0.1286280849,-0.2659910268
1.6534689960,-0.0571721564,0.7909419218,-0.0225020290,0.0435468900,-0.5686838292,0.8210944096,-0.6749136194,0.2991902811,-0.3508272170,0.5860921701,0.0307976108,-0.3046906800,-0.4068743318,-0.1866484263,0.0295788854,0.7141439116,0.0645592142,0.0503618758,0.0413557912,-0.3640913335,0.2078332877,-1.1758080766,-0.5889230728,-0.4774810568,0.3055807880,0.3130669830,-0.3554279134,-0.1408157158,1.4517034006,-0.6966031465,0.3783040945,0.1172293585,-0.2583082911
1.6805262303,-0.0638845399,0.7981827433,-0.0294494338,0.0153397077,-0.5885476006,0.8077803823,-0.5638197771,0.2883839969,-0.2733062555,0.5617729298,0.0416001523,-0.3167246184,-0.3481921777,-0.2160665304,0.0700308414,0.7000241344,0.0806901446,0.0576841882,0.0255444105,-0.2783906640,0.2161328855,-1.0648728156,-0.6175933303,-0.4891079316,0.2900987902,0.3050181881,-0.2777914772,-0.2048464357,1.3770247468,-0.7110052931,0.3782953225,0.1085154623,-0.2560607667
1.6995296214,-0.0675460342,0.8104799712,-0.0362433840,-0.0043976192,-0.6060408633,0.7945952115,-0.4697270345,0.2827407834,-0.2049513144,0.5254546001,0.0505584455,-0.3154839795,-0.2996891649,-0.2302901447,0.0806752679,0.6710467799,0.1001723395,0.0597357564,0.0032663080,-0.1860055338,0.2283027346,-0.9485263897,-0.6432606130,-0.5024980044,0.2784803032,0.2987581250,-0.2059629830,-0.2648420550,1.2821047404,-0.7237073238,0.3809544469,0.1031466004,-0.2593790404
1.7165210626,-0.0740852177,0.8307721034,-0.0446944472,-0.0339013480,-0.6209380561,0.7818497525,-0.2632407553,0.2751897972,-0.0723495238,0.3356293346,0.0862902865,-0.2723509982,-0.1647301159,-0.2641525528,0.0386825482,0.5367538277,0.1618508096,0.0605089428,-0.0304408136,0.1094146777,0.2309094989,-0.6771164477,-0.7444932463,-0.5835256611,0.2460868448,0.2795412063,0.0321960755,-0.3762749949,1.0175513323,-0.7903917881,0.4149474330,0.0833159566,-0.2686821199
1.7246724158,-0.0733691910,0.8479200512,-0.0454487462,-0.0342156983,-0.6356346480,0.7698910908,-0.2137863820,0.2733613019,-0.0256327780,0.2817622382,0.1148115551,-0.2568372706,-0.1445722790,-0.2604154509,-0.0266767460,0.4825804533,0.1922136796,0.0600692003,-0.0623209445,0.1913110057,0.2378552919,-0.5605010482,-0.7913127406,-0.6339448570,0.2482555589,0.2735890011,0.0966066970,-0.3877005594,0.8572393767,-0.8259056707,0.4367801996,0.0813719467,-0.2786966641
1.7302512735,-0.0724413478,0.8625022747,-0.0442200632,-0.0350974776,-0.6507171734,0.7572185373,-0.1703855678,0.2683362939,0.0199756009,0.2357283038,0.1350080701,-0.2431999048,-0.1183240475,-0.2476602499,-0.0758197555,0.4306598842,0.1805922182,0.0702091574,-0.0811005363,0.2696895803,0.2435079611,-0.4574403856,-0.8295461024,-0.6802581867,0.2571589048,0.2622173576,0.1648983033,-0.3887333004,0.6928709314,-0.8580595007,0.4562523807,0.0817388379,-0.2895466534
1.7333718910,-0.0713541596,0.8739144261,-0.0430194238,-0.0366077479,-0.6633838821,0.7461441060,-0.1349254194,0.2628585864,0.0572847276,0.1985612597,0.1500957929,-0.2333041303,-0.0912272441,-0.2298453064,-0.1036373482,0.3988131957,0.1605160116,0.0818095115,-0.0917208458,0.3420782231,0.2492692359,-0.3756513162,-0.8649042726,-0.7278757612,0.2665784637,0.2462199504,0.2355849347,-0.3802135832,0.5393599531,-0.8951200669,0.4699323780,0.0780098102,-0.2989237179
1.7348280490,-0.0685612701,0.8809383154,-0.0365879103,-0.0351553054,-0.6770459872,0.7341894582,-0.1314967947,0.2560291010,0.0816449001,0.1877827136,0.1641619505,-0.2296993404,-0.0885845980,-0.2153465330,-0.1096086495,0.3918267395,0.1553984101,0.0784736349,-0.0906881392,0.3714303978,0.2561729493,-0.3279710527,-0.8875678910,-0.7575776001,0.2711058023,0.2359778574,0.2599312208,-0.3715784937,0.4396906543,-0.9257560486,0.4737238192,0.0722792175,-0.3061045817
1.7344077116,-0.0651323614,0.8832890631,-0.0303206493,-0.0394152690,-0.6899437386,0.7221528456,-0.1171022554,0.2445866590,0.1078530317,0.1773046689,0.1702229597,-0.2287639389,-0.0742959507,-0.2035631586,-0.0799009508,0.3891381981,0.1486885645,0.0786043960,-0.0843286496,0.4088255692,0.2596861377,-0.2858496739,-0.9063875132,-0.7892374449,0.2743485417,0.2185179649,0.2906173279,-0.3726406404,0.3513727406,-0.9585758936,0.4794112465,0.0652569791,-0.3107931680
1.7315888096,-0.0628542364,0.8816365997,-0.0325760450,-0.0533642296,-0.7018861374,0.7095399287,-0.0512624664,0.2328086458,0.1625474057,0.1242001052,0.1808951441,-0.2296448558,-0.0096345343,-0.1757387068,0.0273535139,0.3443392439,0.1907241971,0.1138385186,-0.0610968726,0.5534246622,0.2527838428,-0.1986393090,-1.0199215238,-0.9525496881,0.2683576824,0.0778222367,0.4882902415,-0.3832825318,0.1522922053,-1.1244757706,0.5666761708,0.0415416249,-0.2612451499
1.7264292715,-0.0547602042,0.8750017800,-0.0236893108,-0.0580848037,-0.7077543256,0.7036680941,-0.0729567995,0.2243326218,0.1681616654,0.1410241148,0.1914989084,-0.2341134050,-0.0110858030,-0.1716831066,0.0140472787,0.3375762955,0.1759558002,0.1084365167,-0.0624340907,0.5412711296,0.2609487360,-0.1884709901,-1.0367678865,-0.9733930158,0.2671226647,0.0586501672,0.4715328411,-0.3841380901,0.1134735554,-1.1502683348,0.5776218168,0.0403917196,-0.2587763429
1.7200981568,-0.0454347999,0.8698624795,-0.0246180605,-0.0657333933,-0.7062248626,0.7044994787,-0.0807289457,0.2238418685,0.1666573567,0.1521897224,0.2008348705,-0.2387472390,0.0197780691,-0.1709196410,-0.0104670131,0.3095305088,0.1084975351,0.1022320087,-0.0729478805,0.5371270374,0.2732962933,-0.1917143785,-1.0424390844,-1.0001005202,0.2667166059,0.0332580605,0.4714577760,-0.3739404967,0.0844332695,-1.1617940067,0.5845355082,0.0450655587,-0.2515603473
1.7114209416,-0.0343130201,0.8648809903,-0.0304313355,-0.0697006688,-0.7011489695,0.7089470171,-0.0915882520,0.2361144639,0.1574320514,0.1588825451,0.2162189795,-0.2416490824,0.0531137381,-0.1593408222,-0.0370740068,0.2761541276,0.0254506450,0.0971530872,-0.0812698590,0.5244883018,0.2954962551,-0.2063614408,-1.0400673148,-1.0387587878,0.2697232636,0.0078178916,0.4775787535,-0.3446640949,0.0678615259,-1.1572056040,0.5821284966,0.0557411529,-0.2437421394
1.7020654773,-0.0213113063,0.8627484955,-0.0370254694,-0.0671036801,-0.6977645091,0.7122154874,-0.1080867567,0.2571954532,0.1493028529,0.1601627855,0.2365089557,-0.2430528856,0.0618334725,-0.1377406291,-0.0634748086,0.2542696481,-0.0286145177,0.0952872424,-0.0722096099,0.4923117949,0.3156901071,-0.2228893298,-1.0329164491,-1.0869325187,0.2758652325,-0.0130813412,0.4794307350,-0.2958759446,0.0647250060,-1.1299674662,0.5642850418,0.0759326682,-0.2368812128
1.6934961411,-0.0073076718,0.8646860299,-0.0427576961,-0.0663295334,-0.7003869866,0.7093872295,-0.0914762383,0.2686678594,0.1703964912,0.1275765468,0.2557378585,-0.2027155487,0.0746925620,-0.1189744509,-0.0820938411,0.2207925298,-0.0796812213,0.0805438816,-0.0137933391,0.3864166917,0.2915057989,-0.2948060566,-0.9501846126,-1.3131738569,0.2939126951,-0.1210053232,0.4234371045,-0.2038621251,0.1215559855,-0.9165130101,0.4244947230,0.1910110696,-0.2623714303
1.6861754763,0.0086852153,0.8708034229,-0.0338993682,-0.0594398232,-0.7065937481,0.7043032127,-0.1214957803,0.2589839139,0.1980969718,0.1339352935,0.2543208022,-0.1806577250,0.0281838031,-0.1151252379,-0.0797521382,0.2183686107,-0.0639371066,0.0774696384,0.0223006700,0.3260048368,0.2581305981,-0.2729713305,-0.9630355729,-1.3237244745,0.2986251223,-0.1147217794,0.3772955816,-0.1863967389,0.1207423856,-0.8720786777,0.3805400268,0.2095649247,-0.2649903856
1.6788592415,0.0241209090,0.8805979354,-0.0365451399,-0.0603582050,-0.7139557640,0.6966265189,-0.0876954458,0.2487275615,0.3373904144,0.1334664636,0.2239933474,-0.1818922533,0.0342729394,-0.0994097170,-0.0558519021,0.1810629881,-0.0389654388,0.0646959391,0.0541735932,0.2674113787,0.1790507778,-0.2793759873,-0.9125922073,-1.2816682298,0.3493991057,-0.0904541408,0.2364996346,-0.1270608093,0.1964432976,-0.5520928476,0.1741777197,0.3238060042,-0.2415562813
1.6714216692,0.0407857449,0.8905658450,-0.0277820274,-0.0545259829,-0.7157119142,0.6957093732,-0.0947461282,0.2194833817,0.3916967574,0.1644962864,0.2282958634,-0.1633506359,-0.0063165377,-0.0950147018,-0.0548368606,0.1775150617,-0.0221140137,0.0638456362,0.0472477720,0.2236847586,0.1445219165,-0.2758322137,-0.9307334699,-1.2307096199,0.3545358883,-0.0758863934,0.1983105546,-0.1094587098,0.1807360287,-0.5253469502,0.1662399632,0.3344674990,-0.2295466528
1.6647750068,0.0561491914,0.8989246087,-0.0232044363,-0.0526323629,-0.7133504827,0.6984428949,-0.0777894939,0.1844178113,0.4369253765,0.1999225865,0.2249227740,-0.1347074212,-0.0251303287,-0.0933727347,-0.0623281444,0.1703010779,-0.0141154691,0.0773641253,0.0418157002,0.1928729610,0.1189375592,-0.3117229156,-0.9454842825,-1.1565461276,0.3575404844,-0.0664235907,0.1782809771,-0.0833090183,0.1905259761,-0.5089566611,0.1929633745,0.3412648367,-0.2096379029
1.6569430841,0.0691359269,0.9053341208,-0.0282343012,-0.0549752525,-0.7102483843,0.7012330414,-0.0230268989,0.1499663064,0.4584858753,0.2221202164,0.2121926684,-0.0952306684,0.0009990714,-0.0858613262,-0.0895480093,0.1286845702,-0.0209032891,0.1544856728,0.0464033356,0.1629177029,0.1376022381,-0.4671949604,-0.9200190844,-0.8828743929,0.3760723139,0.0034594182,0.1832233119,-0.0404406130,0.2736761591,-0.4865446147,0.3782705843,0.2997996916,-0.1046835060
1.6486332340,0.0824871188,0.9078358438,-0.0296734320,-0.0496597877,-0.7083224518,0.7035145324,0.0046770894,0.1170391031,0.4187674498,0.2561373134,0.1979408052,-0.1109324344,-0.0165175030,-0.0737797839,-0.1071357572,0.1305711913,-0.0230359797,0.1958714430,0.0408096885,0.1287191417,0.1580936862,-0.5382309060,-0.9440808172,-0.8805365044,0.3517599930,0.0384152602,0.1731782049,-0.0374567491,0.3406386956,-0.5349437271,0.4058297376,0.2579343755,-0.1010770154
1.6394714122,0.0955390479,0.9072185170,-0.0362888300,-0.0435942345,-0.7058518037,0.7060849062,0.0405209647,0.0904169477,0.3558113944,0.2760723756,0.1733705567,-0.1406696423,-0.0280825590,-0.0483927477,-0.1191336717,0.1309209924,-0.0214376156,0.2203051569,0.0094753775,0.1047775798,0.1918514604,-0.6112237874,-0.9680993505,-0.9131402964,0.3234907519,0.0713971992,0.1738797839,-0.0212647979,0.3648773871,-0.5946155694,0.3944154836,0.2199422055,-0.1117550244
1.6294594242,0.1087490305,0.9034194121,-0.0461237249,-0.0371181120,-0.7014126286,0.7102923146,0.0793276441,0.0702887382,0.2779278624,0.2733542072,0.1454940212,-0.1853580331,-0.0390360742,-0.0140531653,-0.1270945503,0.1345564573,-0.0112761562,0.2130431982,-0.0330974030,0.0908524448,0.2256591437,-0.6753598649,-0.9900751975,-0.9560757979,0.2992050986,0.0951103369,0.1800028398,0.0005971513,0.3476215193,-0.6558644750,0.3631121961,0.1914993770,-0.1370460168
1.6193604237,0.1226016967,0.8975694609,-0.0491685837,-0.0318000441,-0.6956937688,0.7159478945,0.0952065175,0.0457558628,0.2068062245,0.2548721670,0.1233724994,-0.1413940705,-0.0651902811,0.0068146126,-0.1359734490,0.1457896043,0.0046613677,0.1978006746,-0.0810385045,0.0744974742,0.2351285819,-0.7134111402,-1.0088079777,-0.9742978539,0.2835442178,0.1062858742,0.1672055009,0.0097479593,0.2968564154,-0.6999391015,0.3424885757,0.1740170741,-0.1645710466
1.6103126441,0.1379612963,0.8926206161,-0.0492571263,-0.0312918765,-0.6898645210,0.7215826333,0.1156182966,0.0362608708,0.1685896452,0.2028867437,0.0486801736,-0.0763960962,-0.0887213461,0.0159741709,-0.1488503528,0.1557913212,0.0222587257,0.1779686047,-0.1269801509,0.0658824841,0.2324126783,-0.7516893799,-1.0173822005,-0.9762542343,0.2710839802,0.1062442833,0.1653839559,0.0160756365,0.2377045554,-0.7352943569,0.3270205034,0.1623813141,-0.1958322693
1.6023422609,0.1538556661,0.8898154312,-0.0481768734,-0.0330185134,-0.6846862372,0.7264939940,0.1337295033,0.0329917175,0.1407385237,0.1523517675,-0.0474787829,-0.0336744401,-0.1055026928,0.0185475439,-0.1682391023,0.1595233691,0.0430197912,0.1616051829,-0.1579789322,0.0588775475,0.2174319405,-0.8046870148,-1.0035027079,-0.9616194447,0.2612781707,0.0901373614,0.1971286217,0.0264652206,0.1775382412,-0.7628651537,0.3129626338,0.1590203694,-0.2365649292
1.5958296638,0.1695919257,0.8887026016,-0.0417792618,-0.0381586700,-0.6819246243,0.7292305643,0.1140887384,0.0208324371,0.1086284131,0.1512884174,-0.0697948875,-0.0174387576,-0.1282834419,0.0002912195,-0.1822146313,0.1670162138,0.0641416330,0.1915911445,-0.1628346541,0.0290575531,0.1934861549,-0.8648879448,-0.9741548790,-0.9371348866,0.2575816330,0.0689700994,0.2265036448,0.0203486266,0.1389878221,-0.7741264765,0.3008970483,0.1654676750,-0.2768597240
1.5908220279,0.1842924738,0.8879584311,-0.0386222817,-0.0414022300,-0.6819373786,0.7292157337,0.0963882247,0.0155062418,0.0948939619,0.1530397336,-0.0695323521,-0.0113330087,-0.1413472792,-0.0148817347,-0.1643571562,0.1648234499,0.0804394593,0.3133405692,-0.1124667005,-0.0579064468,0.1360017213,-1.0000192478,-0.8258833957,-0.8450636984,0.2647498587,0.0122236079,0.2874152780,0.0175022010,0.1247950575,-0.7510735183,0.2468597512,0.1994752667,-0.3662880997
1.5841514425,0.1970463697,0.8900204809,-0.0329970306,-0.0329941256,-0.6837204279,0.7282506163,0.0542523951,0.0260269021,0.0931858002,0.1621590711,-0.0533178293,-0.0136976989,-0.1755938676,-0.0211276429,-0.1566875929,0.1801784835,0.0937329410,0.3088928432,-0.0741139410,-0.1050747223,0.1378960810,-1.0330259770,-0.7963691296,-0.8442936458,0.2713945617,0.0077574641,0.2896927862,0.0061287856,0.1481751097,-0.7371464093,0.2334995611,0.2060385851,-0.3669909187
1.5773462363,0.2071415357,0.8937608096,-0.0355666589,-0.0347138872,-0.6846933966,0.7271347272,0.0603922420,0.0359432194,0.1122995827,0.1463635041,-0.0411971302,-0.0262788993,-0.1534158593,-0.0386388590,-0.2010298438,0.1826056934,0.1220600043,0.2049615697,-0.0262000737,-0.1481619679,0.0686600668,-1.0827424144,-0.6230276504,-0.8402247961,0.2950333085,-0.0518570829,0.3155214576,-0.0248246033,0.2396793890,-0.6274909473,0.1836345599,0.2423074881,-0.3246316997
1.5694167850,0.2161368231,0.8975207008,-0.0358944203,-0.0313825786,-0.6824252387,0.7293987373,0.0461976294,0.0512036120,0.1145734634,0.1428806097,-0.0280196398,-0.0371812506,-0.1360539383,-0.0620549011,-0.2867337595,0.1877106553,0.1413841562,0.1067027582,0.0090044890,-0.1537274011,0.0439413584,-1.0332532564,-0.5511699328,-0.8787417350,0.3080226127,-0.0695820148,0.3195576870,-0.0485085665,0.3031095691,-0.5726423764,0.1973026471,0.2519628170,-0.2839482878
1.5602654744,0.2238743073,0.9001838290,-0.0339584172,-0.0281993766,-0.6775625087,0.7341394063,0.0292650815,0.0646325703,0.1120893693,0.1394844492,-0.0154559034,-0.0513767961,-0.1126784150,-0.0884232914,-0.3632313277,0.1835573621,0.1300365881,0.0483833635,0.0212609125,-0.1447134574,0.0330692436,-0.9615633732,-0.5131486647,-0.9216339428,0.3197627813,-0.0718819389,0.3196570983,-0.0677473967,0.3408407408,-0.5302836514,0.2363446945,0.2562980871,-0.2472721238
1.5500084372,0.2305333988,0.9019773153,-0.0291805776,-0.0197825062,-0.6736573220,0.7382025189,-0.0032850899,0.0829212441,0.1075009508,0.1417714829,-0.0028681530,-0.0664637315,-0.1096552347,-0.1089319576,-0.3965340855,0.1862576473,0.1253454091,0.0311901733,0.0209632505,-0.1521054190,0.0441573711,-0.9114907671,-0.5076996694,-0.9342983616,0.3287234246,-0.0629460458,0.3081618951,-0.0739376794,0.3353524119,-0.5197061317,0.2606121275,0.2537599012,-0.2341321857
1.5395241559,0.2353252327,0.9027117003,-0.0268190988,-0.0174145076,-0.6733312843,0.7386490726,-0.0169331454,0.0951774373,0.0998507275,0.1437231355,0.0023131698,-0.0853727217,-0.0920617553,-0.1370236107,-0.4094015684,0.1881980852,0.1208730421,0.0208906219,0.0235132444,-0.1366565830,0.0575393711,-0.8586358867,-0.5116873542,-0.9226316266,0.3328856361,-0.0535640100,0.3099163861,-0.0764096956,0.3088366313,-0.5075670453,0.2733373416,0.2525690820,-0.2264601901
1.5285113322,0.2394961074,0.9026865727,-0.0249576620,-0.0161744745,-0.6777198295,0.7347185408,-0.0248715317,0.1060813188,0.0951685866,0.1450593029,0.0067178129,-0.1018704667,-0.0756282304,-0.1662727157,-0.3979136987,0.1880625893,0.1192412594,0.0139963290,0.0319155570,-0.1050991427,0.0749096992,-0.8114427136,-0.5230067574,-0.8850069015,0.3349171509,-0.0440025373,0.3150207352,-0.0755111739,0.2704919824,-0.5009320648,0.2662398498,0.2487926435,-0.2222323126
1.5160119996,0.2423842741,0.9013393546,-0.0265622223,-0.0214370231,-0.6843367639,0.7283667318,-0.0038751291,0.1126245972,0.1012418378,0.1289153612,0.0097325623,-0.1151536268,-0.0384153620,-0.1977833868,-0.3705171392,0.1699174307,0.1126689675,0.0072868846,0.0496058998,0.0028492875,0.1006622262,-0.7519239674,-0.5586287373,-0.7755829231,0.3339115905,-0.0206687173,0.3575662901,-0.0728102811,0.2164117304,-0.4873032515,0.2303139704,0.2408796073,-0.2169384634
1.5015249720,0.2461395086,0.8992969800,-0.0225361741,-0.0142712239,-0.6890079660,0.7242627119,-0.0303551926,0.1339330999,0.1010740907,0.1388128527,0.0221394875,-0.1214918333,-0.0466328462,-0.2241345571,-0.3610686256,0.1729536301,0.1138134001,0.0070024560,0.0583389367,0.0122445023,0.1241073555,-0.7103947016,-0.5739088048,-0.7336583592,0.3382224760,-0.0011034143,0.3346812813,-0.0701848019,0.1884768355,-0.5053146482,0.2143646751,0.2274574263,-0.2187946821
1.4860584275,0.2482411475,0.8965033981,-0.0211806990,-0.0144387487,-0.6925102576,0.7209524559,-0.0388193817,0.1505543841,0.1045739524,0.1484029747,0.0286775801,-0.1308021136,-0.0392268174,-0.2563654509,-0.3526142049,0.1735757643,0.1106723929,0.0049830880,0.0657390721,0.0436901812,0.1463204424,-0.6749553129,-0.5785267211,-0.6967952179,0.3425248284,0.0159908777,0.3233806578,-0.0699221721,0.1675554904,-0.5225500681,0.2050539178,0.2150113970,-0.2216788069
1.4690539065,0.2495985393,0.8928319533,-0.0177860745,-0.0172285999,-0.6957183013,0.7178877880,-0.0433159700,0.1629181064,0.1096505559,0.1541883105,0.0352027867,-0.1440450802,-0.0306434814,-0.2882405613,-0.3324544031,0.1682569586,0.1089192644,0.0055097723,0.0707613393,0.0802311936,0.1639821163,-0.6475370868,-0.5744062234,-0.6688729038,0.3459425966,0.0294817838,0.3157020687,-0.0759350895,0.1548407074,-0.5419046924,0.2065332450,0.2032156190,-0.2278590113
1.4499484563,0.2506195262,0.8888408794,-0.0138548116,-0.0205038594,-0.6973303300,0.7163225857,-0.0467682773,0.1765085849,0.1140996832,0.1568562966,0.0426918196,-0.1614937764,-0.0209273869,-0.3120101942,-0.3032655158,0.1613266839,0.1084467263,0.0165749048,0.0730069243,0.1131072755,0.1795873633,-0.6302043496,-0.5613092195,-0.6510801436,0.3495460147,0.0358808445,0.3076826148,-0.0848156891,0.1547842230,-0.5627619446,0.2138667606,0.1926539832,-0.2356502085
1.4285141582,0.2515731439,0.8846869693,-0.0102439400,-0.0244186094,-0.6979408650,0.7156656637,-0.0484952494,0.1920617091,0.1152274972,0.1575520160,0.0507913150,-0.1823319935,-0.0104674610,-0.3240841980,-0.2728026708,0.1546399629,0.1068331443,0.0985516947,0.0711908604,0.1395260634,0.1943226384,-0.6267638477,-0.5411753602,-0.6437258319,0.3537654005,0.0338753465,0.2976524255,-0.0927025597,0.1621718457,-0.5836017746,0.2217017299,0.1833452617,-0.2430089410
1.4074562682,0.2531483124,0.8814584135,-0.0079631517,-0.0260485974,-0.6974997925,0.7160671045,-0.0513904894,0.2117260740,0.1140656120,0.1550304979,0.0594960728,-0.2048030777,-0.0040278140,-0.3128126201,-0.2471851004,0.1452550329,0.0863113379,0.1722222530,0.0719253421,0.1550597942,0.2105124600,-0.6283321398,-0.5212399741,-0.6532412959,0.3552342188,0.0274841102,0.2864366619,-0.0982459301,0.1757247989,-0.6032353700,0.2288159111,0.1757124492,-0.2475932786
1.3861988248,0.2556616843,0.8802325347,-0.0110094560,-0.0232250687,-0.6963327615,0.7172587213,-0.0565522048,0.2447068034,0.1101769212,0.1524586880,0.0731938276,-0.2277201844,-0.0025327328,-0.2790628683,-0.2436775001,0.1439016296,0.0594336850,0.2012215459,0.0780993433,0.1597794918,0.2339246675,-0.6365176677,-0.5064976214,-0.6853699164,0.3517504851,0.0240414447,0.2751953917,-0.0974667866,0.2003821526,-0.6220990675,0.2360732557,0.1686182163,-0.2491454761
1.3653636185,0.2590486438,0.8791184509,-0.0179723219,-0.0180217124,-0.6926808739,0.7207949919,-0.0671732983,0.2848215370,0.1045738111,0.1536699136,0.0944041858,-0.2427157119,-0.0037404678,-0.2388587561,-0.2498658331,0.1502318092,0.0394715272,0.2069938590,0.0880499179,0.1556270916,0.2599130447,-0.6452460331,-0.4972901828,-0.7297761739,0.3462599440,0.0252007019,0.2657075830,-0.0930723729,0.2349715426,-0.6363685918,0.2423450248,0.1642761022,-0.2496108965
1.3457203917,0.2638696937,0.8801848045,-0.0188595841,-0.0129151617,-0.6857109410,0.7275149621,-0.0944571058,0.3055160177,0.1223445733,0.1628981079,0.1319179266,-0.2350340255,-0.0120399693,-0.2078965808,-0.2587252177,0.1559679582,0.0268882228,0.1995902918,0.0915178459,0.1421250565,0.2734156217,-0.6442189929,-0.4955993440,-0.7692581053,0.3403162024,0.0297824630,0.2534303134,-0.0920227521,0.2613651122,-0.6443789287,0.2468827126,0.1635712923,-0.2505341253
1.3291240400,0.2677099915,0.8841798562,-0.0157147737,-0.0127550751,-0.6784381186,0.7343786988,-0.1185183390,0.2941412003,0.1874662274,0.1822066022,0.1675901077,-0.1845506553,-0.0171407561,-0.1927599682,-0.2737429183,0.1592621248,0.0178146777,0.1868826070,0.0926170500,0.1250275322,0.2693368790,-0.6280723190,-0.5027841371,-0.7930991368,0.3338139497,0.0346485542,0.2410899239,-0.0982840843,0.2788105177,-0.6462898058,0.2503606802,0.1666575964,-0.2514488838
1.3153977478,0.2713238183,0.8908475166,-0.0095830322,-0.0138992743,-0.6756997669,0.7369835824,-0.1286340441,0.2649434334,0.2723635851,0.1977916264,0.1736253458,-0.1416239189,-0.0245085935,-0.1864679327,-0.2862111426,0.1564981765,0.0129013409,0.1722445861,0.0961945393,0.1092901574,0.2524557954,-0.6080736345,-0.5191385753,-0.7972233441,0.3241475276,0.0385884439,0.2268901937,-0.1130533901,0.2952650972,-0.6451848687,0.2532254305,0.1714941497,-0.2523921923
1.3037666492,0.2742459199,0.8969247096,-0.0046747295,-0.0144531096,-0.6771073463,0.7357274605,-0.1276878835,0.2273587018,0.3309435511,0.2098283971,0.1604679636,-0.1050586061,-0.0322782226,-0.1801945841,-0.2923094829,0.1512374964,0.0107996310,0.1576767574,0.0996033754,0.0974493121,0.2325877701,-0.5961091190,-0.5431186338,-0.7880878756,0.3119943492,0.0439460404,0.2095820367,-0.1319188407,0.3137364525,-0.6427495271,0.2551981131,0.1770789852,-0.2529372731
1.2942382089,0.2762328346,0.9008849193,-0.0026441355,-0.0151707922,-0.6799998516,0.7330505149,-0.1186795962,0.1849792545,0.3383389760,0.2193509889,0.1390420150,-0.0847069711,-0.0367525248,-0.1726665338,-0.2929554059,0.1470299336,0.0101757050,0.1447525562,0.1041496445,0.0876538539,0.2153147009,-0.5921134239,-0.5725392630,-0.7739448213,0.2982630897,0.0515107818,0.1909020299,-0.1496877883,0.3306712216,-0.6407602121,0.2557587220,0.1821735664,-0.2524109218
1.2856793510,0.2774110579,0.9030646722,-0.0030802174,-0.0153966984,-0.6826307928,0.7305947267,-0.1090449826,0.1426718055,0.2948264817,0.2255574090,0.1184989752,-0.0842183183,-0.0385018498,-0.1620569151,-0.2900320297,0.1445563725,0.0101584467,0.1333223125,0.1059495895,0.0788222011,0.2047610195,-0.5967667209,-0.6060555681,-0.7672227194,0.2835997694,0.0623358665,0.1721344008,-0.1651162814,0.3440856037,-0.6410795269,0.2559001339,0.1853257682,-0.2516649546
1.2785096280,0.2779052230,0.9026443192,-0.0062248315,-0.0150109881,-0.6858216131,0.7275882330,-0.0962826740,0.1064466294,0.2278070732,0.2265453107,0.1035150379,-0.1075459563,-0.0385215868,-0.1486291974,-0.2845578710,0.1446388922,0.0102342254,0.1235795953,0.1031202139,0.0709979249,0.2031042218,-0.6128547869,-0.6409193837,-0.7711166948,0.2699343077,0.0747194876,0.1527384994,-0.1792088053,0.3590533309,-0.6438739825,0.2565891321,0.1866165175,-0.2510885145
1.2718658761,0.2776007918,0.9008621810,-0.0104761897,-0.0143961348,-0.6904933604,0.7231195752,-0.0797675988,0.0773951906,0.1703470506,0.2180929899,0.0992843673,-0.1213819620,-0.0379601027,-0.1338751480,-0.2748884883,0.1456102729,0.0103914524,0.1150462133,0.0941638022,0.0630544412,0.2071846373,-0.6369937558,-0.6750012071,-0.7818599655,0.2573691019,0.0863955451,0.1289610817,-0.1930849561,0.3766646668,-0.6486084257,0.2576753727,0.1872114075,-0.2513199753
1.2649787913,0.2770920140,0.9004028415,-0.0137917617,-0.0139623283,-0.6949186492,0.7188205003,-0.0553679543,0.0687059572,0.1618679450,0.1921978915,0.0724721987,-0.0859090673,-0.0371619512,-0.1202316015,-0.2663948243,0.1456267102,0.0107464071,0.1070716816,0.0755734230,0.0532623268,0.2114878187,-0.6612912502,-0.7055086300,-0.7940583892,0.2473501004,0.0966307370,0.0998527803,-0.2054541131,0.3899987831,-0.6549739786,0.2576801437,0.1870530063,-0.2532678464
1.2602646826,0.2756166256,0.9023829039,-0.0149678864,-0.0168103406,-0.6985528385,0.7152043811,-0.0305202926,0.0663547090,0.1712143034,0.1679095535,0.0441074900,-0.0679859924,-0.0321417129,-0.1156031615,-0.2579131807,0.1440813539,0.0107674660,0.1000838724,0.0537313597,0.0419564058,0.2116254899,-0.6815361203,-0.7296916673,-0.8040980893,0.2404199419,0.1032760880,0.0700439523,-0.2149536420,0.3936837178,-0.6602041468,0.2577231177,0.1878367262,-0.2566917078
1.2565622122,0.2734509342,0.9047691994,-0.0153617629,-0.0217397196,-0.7013081030,0.7123611061,-0.0101691492,0.0619863973,0.1705458508,0.1509542018,0.0286237905,-0.0602253314,-0.0236767185,-0.1156628056,-0.2507808661,0.1418844540,0.0101514059,0.0931495682,0.0314015011,0.0303268618,0.2082987713,-0.6985935642,-0.7448724091,-0.8108959052,0.2364274368,0.1044717511,0.0471902829,-0.2197418261,0.3857515767,-0.6644494835,0.2567158692,0.1896850173,-0.2627820946
1.2536774780,0.2717673289,0.9061912033,-0.0133499081,-0.0228385318,-0.7038512410,0.7098546414,-0.0010534025,0.0597912224,0.1741951584,0.1379399887,0.0232965083,-0.0581343163,-0.0220681653,-0.1149845137,-0.2448804126,0.1373074312,0.0100827506,0.0867581543,0.0089047369,0.0166102875,0.2038074477,-0.7068745531,-0.7513843982,-0.8145917450,0.2361980082,0.1023088538,0.0337290158,-0.2166868018,0.3674567317,-0.6709873307,0.2505579811,0.1896069484,-0.2715195750
1.2517108849,0.2705139422,0.9072125230,-0.0096445765,-0.0194529584,-0.7050672337,0.7088079856,-0.0027169752,0.0612779216,0.1819217687,0.1272813078,0.0233303698,-0.0589219120,-0.0278015592,-0.1120236211,-0.2422041607,0.1316417142,0.0112554758,0.0816147818,-0.0131774636,0.0049074941,0.1986815904,-0.6979461414,-0.7528318844,-0.8154457471,0.2398462805,0.0989456273,0.0326077163,-0.2083632848,0.3453324883,-0.6793628963,0.2443393511,0.1877194568,-0.2802697380
1.2503574035,0.2691273826,0.9080544795,-0.0057760144,-0.0126971275,-0.7045250775,0.7095419901,-0.0124569371,0.0663270921,0.1812452418,0.1202349169,0.0265995229,-0.0608058945,-0.0382329882,-0.1055935206,-0.2409223530,0.1271107406,0.0142530381,0.0778288260,-0.0362521491,0.0044349353,0.1936022308,-0.6757270086,-0.7552779145,-0.8165399199,0.2463441528,0.0998294293,0.0483778365,-0.1987425891,0.3233426287,-0.6888324002,0.2398917368,0.1822959489,-0.2850929188
1.2497930754,0.2675115964,0.9087147317,0.0032834967,0.0025075450,-0.7055299433,0.7086680676,-0.0398792386,0.0749788172,0.1810641604,0.1143284920,0.0327235689,-0.0623935393,-0.0668912130,-0.0951268438,-0.2392100046,0.1211347642,0.0219921091,0.0751441472,-0.0490553354,0.0210780487,0.1879496486,-0.6466896330,-0.7629255876,-0.8136776213,0.2542148144,0.1091134567,0.0790877386,-0.1972222199,0.3136749194,-0.6944036514,0.2409243978,0.1777066246,-0.2836874720
1.2498263008,0.2635019735,0.9088609573,0.0170008481,0.0249921408,-0.7064498594,0.7071173596,-0.0812096462,0.0872095521,0.1838025169,0.1104840526,0.0370750903,-0.0640354426,-0.1098213889,-0.0813212192,-0.2461895629,0.1166065824,0.0322579376,0.0720788230,-0.0514919567,0.0530073345,0.1851327570,-0.6249276201,-0.7784970718,-0.7999438472,0.2607423102,0.1272164903,0.1143728073,-0.2059228206,0.3193635568,-0.6927052702,0.2447184669,0.1760550172,-0.2785760250
1.2505561823,0.2528669514,0.9073975260,0.0338703841,0.0475882987,-0.7046226326,0.7071740214,-0.1219039817,0.0948610150,0.1850289912,0.1102723662,0.0318731377,-0.0660345947,-0.1518457730,-0.0747183219,-0.2614927513,0.1191336250,0.0391852082,0.0725326809,-0.0588338112,0.0954750756,0.1878334564,-0.6258102026,-0.7988026084,-0.7681008100,0.2639606123,0.1479796862,0.1472965294,-0.2298936115,0.3385334718,-0.6844348373,0.2551557486,0.1780663882,-0.2737588799
1.2530847123,0.2315454739,0.9032784389,0.0466974908,0.0573570990,-0.7007513571,0.7095611623,-0.1314193129,0.0890133594,0.1851430961,0.1170575516,0.0057020242,-0.0697215724,-0.1708418535,-0.0885772378,-0.2724193578,0.1419051296,0.0486778120,0.0823350585,-0.0797093868,0.1434583318,0.2023624251,-0.6491841122,-0.8198234182,-0.7293770154,0.2646183762,0.1683363133,0.1769759832,-0.2674127397,0.3526917941,-0.6757981150,0.2717775330,0.1811041255,-0.2711828615
1.2574557582,0.1982290987,0.8960260019,0.0483771102,0.0407382503,-0.6957767650,0.7154681987,-0.0678848092,0.0615480643,0.1833743227,0.1173587955,-0.0794175203,-0.0964649911,-0.1356896282,-0.1335315220,-0.2743863337,0.1925515452,0.0692679004,0.1118426057,-0.1288838042,0.2359829161,0.2421211655,-0.7359534131,-0.8565048219,-0.6798396367,0.2633177386,0.2133653058,0.2425521233,-0.3433029704,0.3664742285,-0.6743210916,0.2978517846,0.1819098873,-0.2697323632
1.2623771725,0.1571062787,0.8889908959,0.0433257613,0.0172407923,-0.6916868534,0.7206905926,0.0164622294,0.0376779560,0.1817492508,0.1219989640,-0.1513739093,-0.1359062257,-0.1075627026,-0.1809537950,-0.2442505590,0.2844335962,0.1407955694,0.1075369442,-0.1957796548,0.2411816112,0.2860944624,-0.8687721648,-0.8780822073,-0.6635255245,0.2610314364,0.2643922304,0.2741469184,-0.4255707701,0.3851155925,-0.7207388053,0.3030430503,0.1672922363,-0.2786057590
1.2676576393,0.1123351608,0.8812034963,0.0329774404,-0.0105467044,-0.6900208387,0.7229609240,0.1193211454,0.0130039752,0.1744846345,0.1209503367,-0.2153257179,-0.1591386965,-0.1344211827,-0.2272617294,-0.1890113284,0.4804523260,0.2214281404,0.0157551145,-0.2563914745,0.1461761827,0.2679989438,-1.0550472348,-0.7691985417,-0.6326242945,0.2667057527,0.3151773782,0.3199298341,-0.5255951123,0.3644392557,-0.8439528015,0.2927506959,0.1542221344,-0.2989466779
1.2688812162,0.0695879562,0.8691496555,0.0218521021,-0.0266048344,-0.6952415149,0.7179511852,0.2029599350,0.0041039026,0.1805630071,0.1277953166,-0.2521337876,-0.1334111224,-0.2714627319,-0.2407063814,-0.1106730833,0.7912048665,0.1853425584,-0.0282897978,-0.2858567476,0.0156017368,0.2134935542,-1.1494779773,-0.5737410051,-0.6475931372,0.2622108277,0.2132259655,0.3471552135,-0.5756760433,0.3320627227,-0.9398288220,0.2862039497,0.1641032969,-0.3381471764
1.2660160913,0.0310254683,0.8517044923,0.0100891145,-0.0282435378,-0.7043823638,0.7091868569,0.2650426385,0.0167728484,0.2015932324,0.1411382799,-0.2983740999,-0.1217213047,-0.4578374433,-0.2155704316,-0.0801440258,1.0750344689,0.1382640615,-0.0679435560,-0.2657092847,-0.0942066643,0.1722644155,-1.1374519581,-0.4258000659,-0.7252808466,0.2363495253,0.0636634145,0.3563952495,-0.5985661390,0.3458075355,-0.9984193686,0.2541896481,0.1785425072,-0.3773172024
1.2621805292,-0.0048988084,0.8366998284,0.0047990476,-0.0173524342,-0.7130521273,0.7008798227,0.2918708374,0.0388710235,0.2163542231,0.1621731997,-0.3152552519,-0.1291434252,-0.5911115066,-0.1843760554,-0.1374196905,1.1383320233,0.1504765995,-0.0645162422,-0.2405117636,-0.1629555702,0.1846221858,-1.1239488685,-0.4171484822,-0.7510918808,0.2462827864,0.0626481827,0.3363174335,-0.6077371878,0.3772197416,-1.0214365840,0.2559250226,0.1709533602,-0.3783538563
1.2576084564,-0.0426467011,0.8144997680,0.0021932394,-0.0081792987,-0.7202790915,0.6936326975,0.3442026378,0.0535198536,0.2632084230,0.1590361566,-0.3965989751,-0.1496994162,-0.7772853815,-0.1957217520,-0.2323882487,1.2562614407,0.1199567481,-0.0935286597,-0.2157576707,-0.2543168269,0.1740204636,-1.1159137669,-0.4477786396,-0.8531925447,0.2473340337,0.0676609772,0.2568124509,-0.6462743062,0.5187845033,-1.0485580735,0.3009383642,0.1826364560,-0.3460460739
1.2506373538,-0.0813959927,0.7982546053,0.0105833201,0.0189261980,-0.7204030649,0.6932165725,0.3405673556,0.0853649895,0.2698820277,0.1631862764,-0.3996973865,-0.1571935794,-0.9159940207,-0.1590334153,-0.3074021509,1.1843702319,0.1184048290,-0.0734182790,-0.2035818892,-0.3188344119,0.1863947750,-1.1261240509,-0.4840698535,-0.8506902883,0.2507218238,0.0930927146,0.2204742281,-0.6497858127,0.5529333932,-1.0737568893,0.3126610582,0.1741746339,-0.3448417422
1.2427515322,-0.1230628038,0.7818103947,0.0196695022,0.0447626628,-0.7185242713,0.6937811515,0.3607862421,0.1132415904,0.2880697963,0.1439968222,-0.4572812198,-0.1816824922,-0.9952628047,-0.1088405777,-0.3645285815,1.0029526345,0.1322747885,-0.0092961392,-0.1648982590,-0.4114251225,0.2105758142,-1.1978278241,-0.6182654371,-0.7940491868,0.2497478762,0.1684437565,0.1323757705,-0.6630003271,0.6925618056,-1.1087783108,0.3265604577,0.1664764145,-0.3331977437
1.2345608531,-0.1645550565,0.7640295594,0.0388374090,0.0790687842,-0.7123563535,0.6962673399,0.3452462226,0.1444510788,0.2987747795,0.1325043163,-0.4772265961,-0.1993007890,-1.0738344375,-0.0713111192,-0.4042663419,0.7900450948,0.1398558533,0.0532785922,-0.1310383612,-0.4901192558,0.2258385417,-1.2044108717,-0.7262147137,-0.7633822287,0.2471093061,0.2357781541,0.0473041423,-0.6722075565,0.7917365814,-1.1306224244,0.3235590909,0.1592381911,-0.3234323217
1.2253840771,-0.2087604630,0.7448695481,0.0604379286,0.1151913791,-0.6985410084,0.7036466887,0.3216834676,0.1839412678,0.3115317273,0.1228803743,-0.4840262879,-0.2240240794,-1.1203094802,-0.0600295399,-0.4340828173,0.5815358862,0.1280393596,0.0978748529,-0.1081659882,-0.5617729027,0.2330673373,-1.1885529489,-0.8333698302,-0.7539177969,0.2359318047,0.3033925278,-0.0540369541,-0.6824788713,0.8794836967,-1.1466962883,0.3220170770,0.1512185155,-0.3079443833
1.2163661295,-0.2535598226,0.7252453858,0.0841947368,0.1496491403,-0.6830326559,0.7099174403,0.2930106555,0.2175618414,0.3386895815,0.1209618938,-0.4733301850,-0.2507754733,-1.1340641166,-0.0704888568,-0.4844496901,0.4374941712,0.1235104837,0.0563323375,-0.0906670580,-0.6285861395,0.2352513645,-1.1595827701,-0.9426316273,-0.7645612650,0.2209716976,0.3793979789,-0.1962818760,-0.6831275926,0.9840520268,-1.1478564628,0.3189940676,0.1460224974,-0.2747487161
1.2067344770,-0.2984470071,0.7028661659,0.1087573768,0.1840094925,-0.6733594562,0.7077424548,0.2671717229,0.2390868197,0.4012516995,0.1237019554,-0.4469250595,-0.2694806244,-1.1466956529,-0.0781347244,-0.5460126467,0.3912212895,0.1846866585,-0.0434507440,-0.1063728129,-0.6856584964,0.2565425945,-1.1121566908,-1.0263422237,-0.7962293482,0.2308741212,0.5063516227,-0.4839561368,-0.6106580307,1.1967698496,-1.0758765484,0.2781732161,0.1544774474,-0.2035865049
1.1979084128,-0.3411133175,0.6852828631,0.1237351120,0.2218749705,-0.6680573055,0.6994001402,0.2474976462,0.2661274708,0.4596297571,0.1275714040,-0.4019245277,-0.2434223018,-1.2437418652,-0.0798684184,-0.6131085124,0.4983203611,0.2450058795,-0.2510354621,-0.1215161725,-0.7403153119,0.2749766887,-1.0725795182,-1.0031592903,-0.8186337336,0.2679868811,0.5820972933,-0.7116751499,-0.4594633421,1.3210798511,-0.9570469635,0.2047804292,0.1742864019,-0.1882001810
1.1883866576,-0.3860752007,0.6673393849,0.1311108291,0.2600813555,-0.6647863861,0.6879147475,0.2385423778,0.2989946055,0.5271769306,0.1376526402,-0.3571607132,-0.1637901314,-1.3468214833,-0.0979324416,-0.6398332637,0.6896628761,0.1399938619,-0.2331576439,-0.1074997855,-0.8021324643,0.2844367250,-1.0547340502,-0.9432237907,-0.7864086992,0.3068789048,0.6090345219,-0.8437145249,-0.3004360140,1.3173526962,-0.8284919679,0.1438520634,0.1989815559,-0.2555109516
1.1798539012,-0.4349775668,0.6521841963,0.1384757379,0.3052642416,-0.6634269843,0.6689565377,0.2166082966,0.3293092205,0.6010614863,0.1525946065,-0.2950879811,-0.0274863389,-1.4513307559,-0.1065654222,-0.6771779191,0.8869895033,0.0149002608,-0.2192896578,-0.0587550208,-0.8984326197,0.2901257701,-1.0790434624,-0.8537447519,-0.7331886497,0.3445026422,0.5919738163,-0.9308529565,-0.1675970450,1.2095144874,-0.7167975597,0.1236370125,0.2119837361,-0.3750070955
1.1751686523,-0.4830572050,0.6394439534,0.1544126888,0.3556005876,-0.6587069336,0.6448334043,0.1650045245,0.3521925511,0.6824849377,0.1653520733,-0.2102849037,0.0855379870,-1.5595680224,-0.1123830514,-0.7037230732,1.0547297221,-0.1040322895,-0.1959218119,-0.0017914391,-1.0444578686,0.2770174968,-1.1779359403,-0.7001963899,-0.6907654566,0.4153829794,0.5088145888,-1.0097208725,-0.0633591864,1.0711645275,-0.6311522058,0.0991485246,0.2039049993,-0.4805673815
1.1733603261,-0.5349792249,0.6284363114,0.1735573171,0.4093272380,-0.6529153688,0.6132133325,0.1026404739,0.3705930223,0.7505594628,0.1713481035,-0.1318741045,0.1413506720,-1.6495157801,-0.0976518200,-0.7312461123,1.1809086431,-0.2389545370,-0.1614852605,0.0737734393,-1.1877561729,0.2341813025,-1.2949288210,-0.5433121734,-0.5896888347,0.4538604652,0.3764677075,-1.1109607799,-0.0020545073,1.0245389069,-0.5696541433,0.0813575174,0.1908720505,-0.5178918846
1.1746787927,-0.5925073620,0.6183615689,0.1993763156,0.4529515992,-0.6417044224,0.5859175435,0.0309467939,0.3674629618,0.7410228302,0.1683551183,-0.0942262484,0.1790820693,-1.6948261158,-0.0791082973,-0.7478718850,1.2272181784,-0.2806571460,-0.1421221470,0.1003269456,-1.2203153359,0.2356227545,-1.3315191445,-0.5291083624,-0.5981581959,0.4596324883,0.3908471303,-1.1585283285,0.0174609247,1.0251993859,-0.5720355991,0.0911290956,0.1889027893,-0.5216652058
1.1765716336,-0.6561737120,0.5967319172,0.2161379131,0.4840792803,-0.6268557951,0.5709671314,0.0052053073,0.3659342228,0.7376638783,0.1574572520,-0.0233016172,0.1421934735,-1.7654899805,-0.1459290043,-0.7404503465,1.4642708343,-0.4533377845,-0.0669803586,0.2082475533,-1.1676747874,0.1814095997,-1.2442884063,-0.6703448918,-0.6868081940,0.5099382748,0.7412053722,-1.2374218639,-0.0026631723,1.1282527600,-0.5024973280,0.1629267324,0.2075302092,-0.5468421685
1.1776652133,-0.7199342352,0.5784096881,0.2379613679,0.4918208457,-0.6191199740,0.5640718934,-0.0130979438,0.3257075687,0.7233667127,0.1465361126,0.0248190509,0.0932467356,-1.8046226862,-0.2020333956,-0.6914937910,1.6372449545,-0.4459274824,-0.0324526277,0.3040114270,-1.0533486289,0.1944675041,-1.1539587209,-0.8789748403,-0.7833878002,0.4687543114,0.8946640864,-1.1784101178,-0.1076468356,1.0760224446,-0.5623189878,0.2505390816,0.2096700166,-0.9031330125
1.1690697536,-0.7803281066,0.5669889848,0.2516186635,0.4909047843,-0.6095681759,0.5693216841,-0.0397529610,0.3176325280,0.7041971582,0.1625120945,0.0518240468,0.1086951394,-1.7921864325,-0.2129575862,-0.6626732709,1.7190417668,-0.4255055715,-0.0279130074,0.3004141032,-1.0219089627,0.2154361423,-1.1230277517,-0.9042781240,-0.7945140559,0.4633268836,0.9091241029,-1.1421266519,-0.1230446273,1.0372051831,-0.5927819009,0.2660812743,0.2000914208,-0.9207017146
1.1610648420,-0.8363743540,0.5594707577,0.2573670652,0.4844247194,-0.5920243937,0.5904252724,-0.0592732045,0.3323061603,0.6722303241,0.1816338115,0.0833504247,0.1232074135,-1.7593060949,-0.2403469529,-0.6183410987,1.8033896716,-0.3993985169,-0.0148199943,0.2654156338,-0.9627989804,0.2390585378,-1.1130314008,-0.9303800602,-0.8069454082,0.4551603681,0.9246672036,-1.0810218149,-0.1352366854,0.9960867281,-0.6218382999,0.2832694302,0.1923407228,-0.9391442594
1.1580326681,-0.8880891916,0.5584505235,0.2594343903,0.4825353528,-0.5793887334,0.6034584708,-0.0982958603,0.3486709229,0.6499808084,0.2103939316,0.1181325422,0.1407529399,-1.7167047778,-0.2538847170,-0.5723311790,1.8568739807,-0.3772677105,0.0082904590,0.2332954011,-0.8940855474,0.2615442845,-1.0977750681,-0.9589136349,-0.8218714732,0.4455397631,0.9427918060,-1.0030618330,-0.1429734157,0.9560549017,-0.6525531303,0.3035890449,0.1842832076,-0.9591937493
1.1578811476,-0.9369904326,0.5624056877,0.2576722663,0.4810764845,-0.5744104680,0.6101008388,-0.1488941551,0.3609344519,0.6314598521,0.2524524734,0.1423047779,0.1586109582,-1.6638897471,-0.2398465257,-0.5267075984,1.8709361238,-0.3589906965,0.0363559149,0.2186657344,-0.8234347639,0.2794835750,-1.0783372347,-0.9846008669,-0.8382378022,0.4367910231,0.9615410416,-0.9210075849,-0.1469974824,0.9452595799,-0.6814816974,0.3251416041,0.1765239735,-0.9788564677
1.1569020847,-0.9826071328,0.5711821503,0.2543764948,0.4778893576,-0.5721903899,0.6160458737,-0.2120898250,0.3745223708,0.5993157026,0.3150562952,0.1632096973,0.1722909131,-1.6074941317,-0.2067355335,-0.4810380319,1.8588654008,-0.3426353600,0.0606956346,0.2108897552,-0.7555599488,0.2908002483,-1.0678519803,-1.0036860431,-0.8548283213,0.4300848809,0.9787353857,-0.8491219952,-0.1510332249,0.9634885737,-0.7047754422,0.3441400049,0.1706721221,-0.9968855769
1.1568168319,-1.0247828439,0.5828966071,0.2506857511,0.4724817355,-0.5739646129,0.6200663569,-0.2924227821,0.3812252452,0.5553942515,0.4000739936,0.1668035818,0.1740218359,-1.5561956687,-0.1674661711,-0.4331077322,1.8365436305,-0.3239224504,0.0805641757,0.2067221550,-0.6982057215,0.2965560602,-1.0673616608,-1.0149467530,-0.8692664720,0.4255588177,0.9926562789,-0.7892808309,-0.1512178610,0.9910551909,-0.7194974577,0.3584799984,0.1675609198,-1.0123219471
1.1579365382,-1.0635956097,0.5959433675,0.2485407279,0.4635899125,-0.5791922981,0.6227745831,-0.3965894901,0.3776093615,0.5081863668,0.5077944422,0.1508807934,0.1657570212,-1.5102175197,-0.1317894434,-0.3861948661,1.8126465100,-0.3054044406,0.0939945754,0.2040549323,-0.6504396291,0.2957860557,-1.0718729366,-1.0193733502,-0.8796019443,0.4229130078,1.0025957227,-0.7409120648,-0.1510914300,1.0206751108,-0.7264395700,0.3676585317,0.1669451151,-1.0241477521
1.1595946142,-1.0947443246,0.6086175498,0.2491718875,0.4459985339,-0.5864111430,0.6285862308,-0.5226825534,0.3610541230,0.4609036566,0.6342575035,0.1102242559,0.1543391009,-1.4731420905,-0.1100643733,-0.3425774010,1.7834536770,-0.2969717191,0.1049460652,0.1977336499,-0.6082162823,0.2865887444,-1.0785291990,-1.0192113840,-0.8859202203,0.4211051914,1.0088219651,-0.7001044068,-0.1557210880,1.0558838352,-0.7266884957,0.3727537578,0.1679721104,-1.0317641977
1.1624132518,-1.1186470291,0.6195185635,0.2449739061,0.4260063186,-0.5980158349,0.6331535857,-0.6647500810,0.3471617532,0.4148382477,0.7829671072,0.0531776286,0.1463784034,-1.4466215172,-0.0951876016,-0.3107917567,1.7460194269,-0.2841237858,0.1257501234,0.1919438483,-0.5690701122,0.2740085044,-1.0850868609,-1.0152772968,-0.8890610188,0.4200244271,1.0119053047,-0.6630252940,-0.1608512948,1.0975614217,-0.7227037799,0.3746504938,0.1695100382,-1.0358159354
1.1676000860,-1.1336635725,0.6271505734,0.2355735561,0.4010172817,-0.6153188381,0.6364534288,-0.8173631369,0.3370092133,0.3755900851,0.9582151098,-0.0134477571,0.1405487374,-1.4135408427,-0.0892886391,-0.2776640170,1.7431496913,-0.2823215044,0.1379567628,0.1896570441,-0.5300111081,0.2593131493,-1.0892164275,-1.0078297590,-0.8891493147,0.4193783860,1.0120476661,-0.6269248278,-0.1652311088,1.1437925839,-0.7152520605,0.3740483694,0.1715340188,-1.0366410881
1.1722106078,-1.1390029901,0.6240121463,0.2215447300,0.3679284839,-0.6338816143,0.6432267581,-0.9758600623,0.3302886486,0.3375195220,1.1505106537,-0.0882556681,0.1434879362,-1.4025997180,-0.1000532126,-0.2523003499,1.7386359964,-0.2767324165,0.1522806987,0.1916630965,-0.4863287241,0.2422840314,-1.0962121096,-0.9978315100,-0.8866563368,0.4183200518,1.0095979284,-0.5871624559,-0.1710673035,1.1997687508,-0.7056447283,0.3709762369,0.1735130802,-1.0350651551
1.1769960300,-1.1384348971,0.6130360629,0.2064700301,0.3348874697,-0.6469939856,0.6531610000,-1.1549434567,0.3273999852,0.2957326606,1.3353912640,-0.1672387488,0.1551975259,-1.3794238558,-0.1166756747,-0.2385997574,1.7792952257,-0.2679452756,0.1685403557,0.2056942883,-0.4374609482,0.2217841567,-1.1101500126,-0.9856470380,-0.8823124360,0.4161231015,1.0048556997,-0.5397598977,-0.1813284887,1.2852858919,-0.6947874510,0.3642624540,0.1754168476,-1.0314742363
1.1800742489,-1.1332450896,0.5904665430,0.1963381126,0.3038639417,-0.6553709150,0.6630286677,-1.3394165778,0.3134332316,0.2417050547,1.4879762918,-0.2379703657,0.1620856609,-1.3822433260,-0.1306518248,-0.2334162420,1.8261251207,-0.2684554530,0.1967922097,0.2254372422,-0.3857432030,0.1954671867,-1.1292918886,-0.9713412798,-0.8763349650,0.4128681097,0.9984774779,-0.4875807098,-0.1979177381,1.4009636580,-0.6819336392,0.3523221173,0.1779278793,-1.0263971368
1.1862668436,-1.1286430888,0.5689581783,0.1894738242,0.2856148450,-0.6627977515,0.6657499311,-1.4714798401,0.2839349331,0.1758215962,1.6172393563,-0.2865222178,0.1553172371,-1.3934589490,-0.1565664028,-0.2537569313,1.8875887124,-0.2673423205,0.2194934804,0.2415490459,-0.3382698799,0.1664825870,-1.1461110665,-0.9535342526,-0.8685203603,0.4100376861,0.9913303446,-0.4442133012,-0.2174443522,1.5229951574,-0.6678503589,0.3344299924,0.1807010626,-1.0215026952
1.1921390725,-1.1217898930,0.5493239026,0.1849951694,0.2785408757,-0.6713602027,0.6614130677,-1.5331190077,0.2459646490,0.1067415613,1.7408581416,-0.3425062354,0.1370106153,-1.4105185716,-0.1834557637,-0.2921283993,1.9442620201,-0.2776993249,0.2334467371,0.2421216786,-0.3047151916,0.1429746183,-1.1510624974,-0.9314911036,-0.8592078104,0.4090122885,0.9842576325,-0.4282308385,-0.2312189837,1.5693095460,-0.6540886007,0.3142045956,0.1831576904,-1.0186571387
1.1957140055,-1.1129231112,0.5357103283,0.1882859290,0.2752474673,-0.6757354321,0.6573955175,-1.5804531977,0.2045207483,0.0699683708,1.8122150070,-0.4122818864,0.1140271276,-1.4256158408,-0.2140971238,-0.3290486056,1.9757959213,-0.2959629332,0.2228121136,0.2285992400,-0.2880048702,0.1268486401,-1.1542334280,-0.9090179120,-0.8497788211,0.4090976684,0.9788785052,-0.4328917939,-0.2347091120,1.5707907575,-0.6417610248,0.2942212467,0.1841377353,-1.0169957822
1.1976387771,-1.1026302957,0.5283014320,0.1950500629,0.2694768625,-0.6761915564,0.6573451700,-1.6240124964,0.1730200489,0.0707454098,1.8607886795,-0.4641766736,0.0979150725,-1.4308647213,-0.2448142259,-0.3486503374,1.9798964187,-0.3221912540,0.2001643422,0.2111853839,-0.2830715231,0.1145854153,-1.1591019128,-0.8906508104,-0.8415643044,0.4089190938,0.9754270458,-0.4429342780,-0.2372894788,1.5707940759,-0.6317888608,0.2776860427,0.1848632278,-1.0186110220
1.1996187329,-1.0915214292,0.5253616605,0.2045886072,0.2571779783,-0.6747351959,0.6608595954,-1.6597424008,0.1468083391,0.0904443817,1.8927282375,-0.4886626315,0.0867782410,-1.4298981466,-0.2756422439,-0.3417961267,1.9714070272,-0.3541053040,0.1756720333,0.1907342156,-0.2832786005,0.1009968320,-1.1627097157,-0.8763144770,-0.8338410599,0.4080384660,0.9728173064,-0.4525524717,-0.2453909841,1.5707945930,-0.6230059780,0.2655553842,0.1853751505,-1.0206312192
1.2011189739,-1.0783885634,0.5286906555,0.2140956256,0.2462507625,-0.6728985907,0.6638758255,-1.6827680693,0.1258792311,0.1110158698,1.8942495856,-0.4986447864,0.0776307766,-1.4375302402,-0.3005719506,-0.3248878403,1.9547684560,-0.3846762539,0.1514483049,0.1742745466,-0.2890377744,0.0859127818,-1.1697898204,-0.8628837007,-0.8250223845,0.4065563098,0.9690823649,-0.4612695774,-0.2569403556,1.5707954543,-0.6157171385,0.2561240309,0.1852988900,-1.0215679437
1.2017888891,-1.0625628551,0.5381456633,0.2236345449,0.2419668292,-0.6701319692,0.6651035918,-1.6979949098,0.1127138419,0.1314453230,1.8633985197,-0.5037119878,0.0732090229,-1.4553935848,-0.3168552534,-0.3186532532,1.9262385827,-0.4111858274,0.1283588719,0.1615676526,-0.3056257827,0.0723238401,-1.1827224947,-0.8471389871,-0.8141325671,0.4059456904,0.9632604356,-0.4755018017,-0.2664430903,1.5707960165,-0.6082807836,0.2477619544,0.1851549562,-1.0216298488
1.2015592773,-1.0442413698,0.5532142430,0.2344622077,0.2420440764,-0.6657738279,0.6657231769,-1.7115646163,0.1048095585,0.1523284272,1.8099876539,-0.5007688777,0.0734002302,-1.4788592542,-0.3281214142,-0.3235544083,1.8824274953,-0.4309668266,0.1050460749,0.1458206703,-0.3341138099,0.0607746787,-1.2047911173,-0.8294604340,-0.8000726573,0.4047494710,0.9553159959,-0.4985021815,-0.2716804274,1.5707959217,-0.5994974280,0.2386429584,0.1854555188,-1.0196760541
1.2012297849,-1.0241280207,0.5722076325,0.2463155465,0.2401189953,-0.6605041775,0.6673872572,-1.7225753452,0.0935993653,0.1730743318,1.7456639416,-0.4819295648,0.0758146081,-1.4978410621,-0.3390946241,-0.3308962851,1.8248631436,-0.4455631441,0.0790755690,0.1300505677,-0.3686941896,0.0484053523,-1.2308898078,-0.8102074820,-0.7801469219,0.4019750627,0.9427826603,-0.5251846144,-0.2754214169,1.5707961709,-0.5871474462,0.2279129022,0.1867140746,-1.0127149550
1.1995205598,-1.0039450094,0.5940924809,0.2591382339,0.2409324958,-0.6544632662,0.6681891509,-1.7301884581,0.0825785826,0.1926465079,1.6684933684,-0.4514577300,0.0797748263,-1.5109011505,-0.3440491968,-0.3417368055,1.7522310941,-0.4583712040,0.0512536099,0.1223093799,-0.4087665121,0.0348750248,-1.2550986815,-0.7886612760,-0.7527425147,0.3967426400,0.9227510921,-0.5550656756,-0.2803880714,1.5707966726,-0.5708102374,0.2150326223,0.1889098140,-0.9983818551
1.1966577771,-0.9828278339,0.6177859113,0.2659652729,0.2432511813,-0.6500013063,0.6690214034,-1.7263916460,0.0758978755,0.2048847517,1.5812282429,-0.4157166782,0.0852246284,-1.5116977692,-0.3370630130,-0.3576690873,1.6690088982,-0.4671574147,0.0248570482,0.1230893985,-0.4510610242,0.0254590481,-1.2684247312,-0.7650843249,-0.7208806780,0.3909968732,0.8951298382,-0.5859441564,-0.2875642074,1.5707970514,-0.5531211102,0.2001629918,0.1914502207,-0.9765094028
1.1932684133,-0.9632039126,0.6417677827,0.2679493854,0.2456824210,-0.6472573542,0.6700008897,-1.7101579645,0.0718505620,0.2103781412,1.4898074847,-0.3750406007,0.0913517819,-1.4994710056,-0.3207572309,-0.3765175641,1.5805312028,-0.4690405364,0.0018055437,0.1297100112,-0.4924739319,0.0239057761,-1.2636835330,-0.7398352276,-0.6910735543,0.3880805568,0.8596460794,-0.6199223075,-0.2973008840,1.5707965531,-0.5347966255,0.1835277128,0.1933466403,-0.9434605612
1.1894578824,-0.9452705249,0.6655067514,0.2649057793,0.2469547872,-0.6471092439,0.6708858976,-1.6812503663,0.0703541571,0.2086456045,1.3971258124,-0.3313318630,0.0968333648,-1.4765246719,-0.2969894465,-0.3974228261,1.4920166642,-0.4608220509,-0.0189751503,0.1265698953,-0.5357969916,0.0319362999,-1.2477732065,-0.7130033343,-0.6657219608,0.3883267529,0.8168877325,-0.6631787985,-0.3014066899,1.5707611698,-0.5236478856,0.1573609044,0.1879841148,-0.8977536015
1.1856887952,-0.9287715029,0.6883485037,0.2587594760,0.2448858514,-0.6490559332,0.6721613266,-1.6392949415,0.0682915537,0.2034371887,1.3034620376,-0.2867124222,0.1007230876,-1.4425501939,-0.2697897937,-0.4150650274,1.4034009689,-0.4432803010,-0.0394267329,0.1149498229,-0.5812978427,0.0488811357,-1.2538799224,-0.6816034059,-0.6547397801,0.3928905775,0.7743933832,-0.7054213972,-0.3009650409,1.5706700028,-0.5151066972,0.1339902880,0.1832429045,-0.8467592980
1.1822936242,-0.9138993004,0.7097383644,0.2502099573,0.2407859793,-0.6513218969,0.6746827966,-1.5857824019,0.0636444980,0.1969459015,1.2072190373,-0.2432985353,0.1038862623,-1.3980008372,-0.2409803452,-0.4301111026,1.3124929578,-0.4201041747,-0.0592669835,0.1159202686,-0.6246537109,0.0654956883,-1.2850517190,-0.6520224975,-0.6571658409,0.4010715652,0.7396885631,-0.7343239267,-0.3026745507,1.5707964504,-0.5042695719,0.1332753366,0.1860790176,-0.8027718539
1.1792045912,-0.9014664309,0.7291640261,0.2370870112,0.2330757382,-0.6540987313,0.6794264486,-1.5193858869,0.0576670178,0.1888712036,1.1139443085,-0.2023221093,0.1063398782,-1.3389864538,-0.2113267650,-0.4441186837,1.2219578343,-0.3957192397,-0.0771028450,0.1286198054,-0.6543122145,0.0682169001,-1.2963381785,-0.6331112611,-0.6581726433,0.4046454753,0.7080808827,-0.7497273779,-0.3043698897,1.5707994090,-0.4933730720,0.1481265177,0.1931405336,-0.7676415164
1.1768557805,-0.8910253152,0.7474496403,0.2210820154,0.2209481443,-0.6601449758,0.6830177676,-1.4413985596,0.0545791155,0.1807728707,1.0249905578,-0.1641292285,0.1071212027,-1.2694417907,-0.1808865586,-0.4553264480,1.1339142098,-0.3693012956,-0.0930109247,0.1362807020,-0.6662946042,0.0636885687,-1.2868836298,-0.6234551153,-0.6560810960,0.4032378690,0.6781432461,-0.7520791253,-0.2983587481,1.5707967991,-0.4922787579,0.1578496858,0.1936287411,-0.7330736462
1.1749369021,-0.8824111083,0.7642230032,0.2042487940,0.2050948251,-0.6671195388,0.6864182864,-1.3561139727,0.0513976550,0.1751452362,0.9399674726,-0.1281838804,0.1061640907,-1.1940377217,-0.1537119612,-0.4611474488,1.0497777606,-0.3399193318,-0.1065126526,0.1335444748,-0.6629241872,0.0632655820,-1.2767881755,-0.6175792461,-0.6586755709,0.4010849502,0.6510621371,-0.7410647826,-0.2874947029,1.5707927114,-0.5002108039,0.1571256102,0.1868358571,-0.6959052714
1.1735598795,-0.8753376490,0.7804766947,0.1873768963,0.1872089676,-0.6739084183,0.6897029396,-1.2674572823,0.0468105927,0.1723782506,0.8577230126,-0.0926339720,0.1039705066,-1.1176904060,-0.1318723887,-0.4610772216,0.9722819419,-0.3036460358,-0.1172715805,0.1245382036,-0.6485110101,0.0687660757,-1.2720044348,-0.6140392789,-0.6682663712,0.3993052707,0.6276345629,-0.7178938941,-0.2766270722,1.5706384105,-0.5133064681,0.1517874863,0.1757360026,-0.6575716895
1.1718986855,-0.8694612306,0.7967832237,0.1691666150,0.1697238666,-0.6809782788,0.6919863071,-1.1771729146,0.0457350235,0.1705858205,0.7771842508,-0.0563048423,0.1008665969,-1.0433956951,-0.1131957986,-0.4520159491,0.9054891286,-0.2561550466,-0.1178275797,0.1164482034,-0.6260668914,0.0792009313,-1.2705024025,-0.6132674256,-0.6817359711,0.3961687449,0.6062570487,-0.6851017518,-0.2677573975,1.5705869708,-0.5288555963,0.1482141653,0.1637319814,-0.6202111392
1.1687913104,-0.8643117551,0.8110886515,0.1490907263,0.1512324078,-0.6874070130,0.6945302820,-1.0863306838,0.0479816229,0.1708021714,0.7018582730,-0.0197552660,0.0971399719,-0.9679893208,-0.0965674228,-0.4175316693,0.8538378994,-0.2014461553,-0.0950661493,0.1069783238,-0.5964019338,0.0937719319,-1.2717151457,-0.6148170152,-0.6958864669,0.3910185066,0.5846511023,-0.6461351474,-0.2612300112,1.5705192756,-0.5463818756,0.1483329807,0.1518426822,-0.5844601441
1.1640020616,-0.8596067883,0.8232444153,0.1259876324,0.1321700526,-0.6932232128,0.6972085562,-0.9951290089,0.0551690709,0.1718325957,0.6341028673,0.0161105366,0.0931856179,-0.8823709246,-0.0817493535,-0.3686136538,0.8220952896,-0.1465922152,-0.0430090881,0.0932281415,-0.5611786189,0.1138142247,-1.2787681405,-0.6172333694,-0.7116454275,0.3847065023,0.5632065177,-0.6036694687,-0.2563998166,1.5696048321,-0.5654032882,0.1515400365,0.1405101434,-0.5510426493
1.1600626641,-0.8556760631,0.8349764257,0.1023732930,0.1134493550,-0.6976327482,0.6999696431,-0.9038784935,0.0627895211,0.1756286395,0.5692720525,0.0519188642,0.0895528642,-0.7728768279,-0.0811120807,-0.3433850765,0.8111738851,-0.1048497272,-0.0109976319,0.0761686325,-0.5213746752,0.1382320695,-1.2904248497,-0.6208811402,-0.7278060084,0.3766563478,0.5411209823,-0.5570239568,-0.2527320029,1.5587002249,-0.5864465778,0.1564929009,0.1286595039,-0.5181154574
1.1555991075,-0.8526372011,0.8445986895,0.0804801614,0.0931106408,-0.6984231390,0.7050237380,-0.8156161532,0.0634571272,0.1793534791,0.5088775326,0.0867055545,0.0864230627,-0.6476016777,-0.1016985303,-0.3438269910,0.8167953115,-0.0757615444,-0.0091903337,0.0555209050,-0.4798382939,0.1637122031,-1.3030655304,-0.6264148106,-0.7426286784,0.3661021605,0.5174106346,-0.5064516712,-0.2531540412,1.5365390266,-0.6085155820,0.1607309416,0.1165477809,-0.4860353772
1.1497566364,-0.8496505233,0.8518817696,0.0613659814,0.0733920968,-0.6976996943,0.7099739101,-0.7339251182,0.0612815442,0.1811275552,0.4513262345,0.1204032016,0.0831639676,-0.5218982976,-0.1285052885,-0.3449451953,0.8271361688,-0.0488199694,-0.0144439893,0.0340589786,-0.4383989143,0.1901090293,-1.3123089576,-0.6332739476,-0.7551474365,0.3537286302,0.4913472055,-0.4533378195,-0.2587863716,1.5021782341,-0.6316888220,0.1643042956,0.1042663274,-0.4544132729
1.1440963422,-0.8461438934,0.8566692758,0.0458395864,0.0518281672,-0.6977922521,0.7129505917,-0.6585181992,0.0544543479,0.1835959209,0.3999552644,0.1521427613,0.0793109268,-0.3988639336,-0.1530731046,-0.3280751261,0.8256893978,-0.0298584906,-0.0169311351,0.0183338700,-0.3972397323,0.2128335045,-1.3101550216,-0.6425926490,-0.7626918047,0.3382808980,0.4630294430,-0.3991317297,-0.2707870401,1.4596990205,-0.6550684163,0.1674251341,0.0925484976,-0.4237647183
1.1378620765,-0.8407585910,0.8594282232,0.0328029119,0.0346718219,-0.6979946249,0.7145105579,-0.5959904570,0.0509519437,0.1845382235,0.3515279017,0.1833275945,0.0745163678,-0.2837458070,-0.1641101988,-0.3018307577,0.7968123246,-0.0224278445,-0.0194534384,0.0097771855,-0.3577585918,0.2353796049,-1.2919646461,-0.6529922599,-0.7652133696,0.3219587815,0.4323323149,-0.3459586666,-0.2864733147,1.4071789429,-0.6790771826,0.1699835862,0.0816814492,-0.3948097687
1.1316848006,-0.8325868898,0.8590032883,0.0251330697,0.0200146938,-0.6978191366,0.7155530682,-0.5507575057,0.0442701497,0.1856880075,0.3085009686,0.2145419988,0.0693037318,-0.1761222595,-0.1691890761,-0.2719128158,0.7356859415,-0.0231054161,-0.0194029424,0.0080276465,-0.3219199631,0.2546903173,-1.2545341415,-0.6649595264,-0.7617898303,0.3055596613,0.4013421729,-0.2958070852,-0.3052318838,1.3435905730,-0.7027796360,0.1725131256,0.0724627838,-0.3686517398
1.1250876733,-0.8227388372,0.8563196783,0.0195706175,0.0069270956,-0.6963017519,0.7174488669,-0.5187163785,0.0365010069,0.1847660565,0.2741772899,0.2448462888,0.0640975386,-0.0753587206,-0.1680099184,-0.2434059878,0.6492382509,-0.0207405115,-0.0132231043,0.0112192236,-0.2896742611,0.2701193239,-1.1979234152,-0.6776138406,-0.7527788072,0.2903800841,0.3716431575,-0.2488532300,-0.3238061430,1.2677564706,-0.7257439095,0.1743112976,0.0645459226,-0.3457066603
1.1176307832,-0.8102182712,0.8513778137,0.0161017608,-0.0031897966,-0.6933980169,0.7203677871,-0.5014697048,0.0296790405,0.1806808294,0.2469402860,0.2751716409,0.0596353434,0.0124883934,-0.1584792064,-0.2122024730,0.5335966545,-0.0453151189,0.0124342767,0.0169383049,-0.2615348804,0.2827985536,-1.1278955097,-0.6900078712,-0.7403215407,0.2776950993,0.3450964228,-0.2055994400,-0.3392444197,1.1803463316,-0.7464641947,0.1764767480,0.0591277376,-0.3249207714
1.1108921551,-0.7969566963,0.8476313227,0.0115680407,-0.0107036263,-0.6901085032,0.7235342885,-0.4909638782,0.0269555299,0.1753457324,0.2258172505,0.3049601448,0.0557540512,0.0878856235,-0.1391692624,-0.1845559732,0.4183668135,-0.0983233256,0.0396680402,0.0306334232,-0.2356010313,0.2942540241,-1.0454192094,-0.7009852713,-0.7274838501,0.2688418339,0.3226287529,-0.1626798675,-0.3478254073,1.0884215899,-0.7641192895,0.1789730800,0.0561477252,-0.3062322264
1.1043281552,-0.7808548080,0.8456364087,0.0053142424,-0.0143319672,-0.6887618318,0.7248265259,-0.4862062512,0.0328651666,0.1704905666,0.2057962344,0.3351022102,0.0529582337,0.1388040299,-0.1138719424,-0.1820123167,0.3285570975,-0.1551023443,0.0571323068,0.0542645347,-0.2080594900,0.3058409941,-0.9510109300,-0.7103412947,-0.7156511252,0.2646175714,0.3042518131,-0.1196906410,-0.3471295981,0.9981129364,-0.7786785427,0.1823440374,0.0550220771,-0.2910346563
1.0972738267,-0.7615467223,0.8445921845,-0.0016810580,-0.0130178774,-0.6874121236,0.7261489387,-0.4880148616,0.0467877593,0.1674139380,0.1832619570,0.3625558011,0.0466772137,0.1604759325,-0.0850166944,-0.1951094790,0.2680967368,-0.1969006073,0.0648552936,0.0767254228,-0.1754021892,0.3183361420,-0.8521716482,-0.7181914564,-0.7073695046,0.2656434459,0.2915716372,-0.0773148184,-0.3362257232,0.9101628127,-0.7855050285,0.1835442159,0.0576253827,-0.2779996561
1.0909002923,-0.7440446105,0.8465446635,-0.0167841480,-0.0212838034,-0.6867153214,0.7264209244,-0.4190574991,0.0584478279,0.1727029714,0.0988116097,0.3606998197,-0.0142682052,0.2362656916,-0.0580962864,-0.2034737701,0.1648024449,-0.2610169660,0.0826449517,0.0980091118,0.0585861923,0.3338859895,-0.5802118537,-0.8145379862,-0.7367485904,0.2680197730,0.2475184490,0.1334602238,-0.2790753070,0.6825703722,-0.8081184908,0.2404626831,0.0798561281,-0.2133328788
1.0862523941,-0.7223536617,0.8508406088,-0.0119926577,-0.0127073120,-0.6848024125,0.7285192902,-0.4520901348,0.0670786197,0.1948952276,0.0907175894,0.3446713646,-0.0173237625,0.1854065112,-0.0495141548,-0.2081965239,0.1672298052,-0.2392367235,0.0785555145,0.1125701573,0.0536225859,0.3199184644,-0.5108422896,-0.8281859108,-0.7335696908,0.2757809956,0.2512500172,0.1200741516,-0.2686751165,0.6324129927,-0.8029522079,0.2391056846,0.0880306946,-0.2171968512
1.0836517567,-0.7070111813,0.8576118166,-0.0220711901,-0.0236180209,-0.6857654977,0.7271043486,-0.4044879375,0.0826372147,0.3132527793,0.0785853569,0.2243423797,-0.0375558959,0.2020793970,-0.0491693598,-0.2193978100,0.1639445489,-0.2260901425,0.0763316611,0.1298879063,0.1759273332,0.2741164081,-0.3663366762,-0.8334724649,-0.7139824802,0.3013005762,0.2463476628,0.1881428735,-0.2145650666,0.5257083134,-0.7223417883,0.2205262696,0.1372925692,-0.2164533863
1.0826554386,-0.6895067337,0.8662140200,-0.0153961245,-0.0218326687,-0.6846410944,0.7283905997,-0.4106987153,0.0875138224,0.3955180030,0.0980729364,0.2255685339,-0.0578183470,0.1622535142,-0.0551359045,-0.2192818959,0.1648268546,-0.2014756125,0.0718332109,0.1284386118,0.1902664271,0.2417608118,-0.3124924750,-0.8380423371,-0.6944594822,0.3049837338,0.2449505082,0.1789485468,-0.2073066204,0.4719710884,-0.6984099347,0.2091545235,0.1523391382,-0.2264080376
1.0817773579,-0.6738515281,0.8742417980,-0.0148029353,-0.0262546262,-0.6822539353,0.7304937614,-0.3724246988,0.0957954873,0.4749673305,0.1295266865,0.2215887112,-0.0534091359,0.1460439090,-0.0613177729,-0.2203219272,0.1699238778,-0.1802192546,0.0678234557,0.1121041622,0.2325279531,0.2053751205,-0.2753385203,-0.8245732703,-0.6622574623,0.3107174355,0.2319740143,0.1885855305,-0.1936385680,0.4094287115,-0.6576997610,0.1927217591,0.1759248257,-0.2343951578
1.0819851221,-0.6594237062,0.8812025841,-0.0170613395,-0.0317088872,-0.6804918916,0.7318703728,-0.3135716799,0.1049714678,0.5028674809,0.1661377597,0.2203932136,-0.0283978623,0.1383720277,-0.0673594130,-0.2235395471,0.1737209237,-0.1587283432,0.0651312783,0.0976049812,0.2876636258,0.1758391836,-0.2596362337,-0.7957466068,-0.6260775636,0.3173403931,0.2073723493,0.2134270125,-0.1774029987,0.3581103567,-0.6111255841,0.1727726578,0.2022233534,-0.2400578853
1.0826725163,-0.6294285088,0.8854375552,0.0335120697,0.0192427385,-0.6897142653,0.7230497151,-0.5146073164,0.1487588845,0.4645763913,0.3498844881,0.1705139922,-0.0132526988,-0.1301620613,-0.0838938730,-0.1258682710,0.2741786551,-0.1402223001,0.0626097802,0.1684478600,0.0334409101,0.1776108270,-0.2709707233,-0.6836358562,-0.4991882265,0.2484734226,0.0027618455,-0.0478986052,-0.2659003927,0.2852901000,-0.4962427515,0.0997349595,0.2377019560,-0.1962360153
1.0841433657,-0.6170401561,0.8894554586,0.0233847705,0.0092124763,-0.6904268719,0.7229654330,-0.4413104517,0.1472816924,0.3824183225,0.4083347605,0.1431827536,-0.0162314514,-0.1137365604,-0.0863932851,-0.1218066811,0.2766692989,-0.1227179854,0.0619393911,0.1518993239,0.0523202389,0.1708293047,-0.3201559777,-0.5741943668,-0.5419431396,0.2141722742,-0.0933415140,-0.0199497128,-0.2605677141,0.3178667322,-0.4523010485,0.1068048520,0.2244733393,-0.1451107339
1.0858904788,-0.6039727614,0.8923806738,0.0135493594,0.0001932502,-0.6910729236,0.7226580047,-0.3550201183,0.1420377242,0.3222032257,0.4331808050,0.1274001411,-0.0183650395,-0.0957032249,-0.0891976845,-0.1328798077,0.2710903142,-0.1045527142,0.0607457318,0.1219114017,0.1025236075,0.1630446160,-0.3370738915,-0.5224919579,-0.5737464852,0.2068247425,-0.1296502008,0.0241646310,-0.2503465603,0.3568583937,-0.4471138837,0.1288488024,0.2151712283,-0.1209102052
1.0877198605,-0.5897826239,0.8934509509,0.0054356325,-0.0054034089,-0.6924430403,0.7214318353,-0.2774372158,0.1389489947,0.2664389459,0.4506835281,0.1064058069,-0.0261992284,-0.0873397894,-0.0884935747,-0.1386273960,0.2651456459,-0.0905202214,0.0607055869,0.0862818314,0.1354961526,0.1553858781,-0.3387891740,-0.4757205985,-0.6085498955,0.1991171513,-0.1638876418,0.0506980538,-0.2511763601,0.3961644722,-0.4537107397,0.1681977314,0.1995161354,-0.0943079248
1.0897326712,-0.5743258864,0.8926814632,-0.0011455301,-0.0075091032,-0.6941920787,0.7197497197,-0.2035642943,0.1366197708,0.2224197577,0.4528403968,0.0818499594,-0.0310666674,-0.0873037669,-0.0851240187,-0.1430326106,0.2593222938,-0.0814918128,0.0610111836,0.0471230625,0.1505497501,0.1524719494,-0.3404057052,-0.4504142694,-0.6475567047,0.1874530203,-0.1877105117,0.0623035150,-0.2535400619,0.4118383895,-0.4630657222,0.2072669595,0.1848194961,-0.0699540220
1.0920769456,-0.5575538226,0.8905083919,-0.0073685765,-0.0070002729,-0.6955788194,0.7183778994,-0.1340109663,0.1317319814,0.1791086502,0.4375584987,0.0596893562,-0.0406893824,-0.0942063726,-0.0794755717,-0.1463869492,0.2543949214,-0.0754547435,0.0618621255,0.0088880845,0.1449540417,0.1623400761,-0.3586909228,-0.4505702582,-0.6811476773,0.1770111827,-0.1920966862,0.0637431933,-0.2512997386,0.3970387930,-0.4711377537,0.2332901267,0.1724289143,-0.0551356009
1.0950538442,-0.5391834932,0.8871439990,-0.0132853243,-0.0041104280,-0.6953978837,0.7184903534,-0.0737062513,0.1237248640,0.1272464647,0.4119516755,0.0585380766,-0.0556514897,-0.1073087081,-0.0719125673,-0.1466837405,0.2514166264,-0.0695444803,0.0633179671,-0.0250865700,0.1217682933,0.1827219586,-0.4000755955,-0.4683231424,-0.7011214750,0.1716593846,-0.1791135095,0.0630802752,-0.2460713290,0.3699131078,-0.4774527368,0.2388781698,0.1659826022,-0.0580555815
1.0956163285,-0.5264084179,0.8832497858,-0.0535796843,-0.0188887617,-0.6922023554,0.7194639194,0.0852881383,0.1570663133,0.0951763779,0.3479699777,0.0214354696,-0.0819634833,-0.0127284265,-0.0281693485,-0.1619049293,0.2319560817,-0.0807561889,0.0612748017,-0.0705529846,0.1916813807,0.1989165366,-0.4503118678,-0.4591486728,-0.7113307742,0.1850726879,-0.1679934915,0.1687643021,-0.1830421689,0.3691249915,-0.4608950966,0.2293856239,0.1723099277,-0.0624591010
1.0984244295,-0.5084587697,0.8835891591,-0.0544110627,-0.0220424164,-0.6927738773,0.7187613812,0.1337232801,0.1422678950,0.0943038519,0.2544471898,-0.0292613569,-0.0828367013,-0.0118707146,-0.0317242204,-0.1639230978,0.2030087543,-0.0604239072,0.0603747108,-0.1032493216,0.1864103373,0.2058708223,-0.4857263909,-0.4779771214,-0.7209715374,0.1959408431,-0.1403288651,0.2088758740,-0.1555811060,0.3317767440,-0.4654785040,0.2130956353,0.1716833314,-0.0833834317
1.1028533076,-0.4891510357,0.8841337328,-0.0499230792,-0.0236599851,-0.6935811441,0.7182569790,0.1468816418,0.1222182875,0.1004097894,0.1936117058,-0.0716854834,-0.0782548897,-0.0315789048,-0.0444195943,-0.1620233748,0.1891009778,-0.0313694318,0.0593752380,-0.1248879341,0.1425079885,0.2060952811,-0.5214712170,-0.5068802279,-0.7332731378,0.2080165708,-0.1047651398,0.2227533348,-0.1423238973,0.2871219226,-0.4792843341,0.1981794216,0.1669488244,-0.1076009986
1.1082368608,-0.4692550140,0.8866238247,-0.0441076195,-0.0239584635,-0.6934106150,0.7187922015,0.1341343702,0.1047460883,0.0954773094,0.1630127668,-0.0865442206,-0.0717490176,-0.0566883302,-0.0586449336,-0.1628672006,0.1786706769,-0.0014312783,0.0589798593,-0.1381096138,0.0812564326,0.2025763565,-0.5581048298,-0.5360289789,-0.7452823426,0.2225935535,-0.0678017807,0.2312046668,-0.1309799808,0.2439832671,-0.4951617843,0.1866321313,0.1617772808,-0.1292399283
1.1145028737,-0.4495508627,0.8900211217,-0.0380426093,-0.0239747435,-0.6945483146,0.7180394211,0.1102745620,0.0864202116,0.0885856779,0.1503834496,-0.0803734863,-0.0637537287,-0.0810869793,-0.0732065548,-0.1655370075,0.1671829109,0.0245693285,0.0539183517,-0.1326638949,0.0106301459,0.1958044940,-0.5930220043,-0.5625187817,-0.7530096849,0.2377255199,-0.0333786776,0.2412318194,-0.1195255815,0.2126708590,-0.5086567938,0.1785835987,0.1568950938,-0.1459699845
1.1202793387,-0.4300609637,0.8920442898,-0.0303309312,-0.0193769224,-0.6985164689,0.7146882623,0.0779739291,0.0723564582,0.0887100072,0.1427874773,-0.0675769862,-0.0554741388,-0.1108517477,-0.0830303160,-0.1767639025,0.1531209375,0.0399428423,0.0489484988,-0.1077939990,-0.0682020113,0.1869852239,-0.6267522011,-0.5875111712,-0.7543914642,0.2509041025,-0.0041694920,0.2522031451,-0.1084610534,0.2019095628,-0.5207412066,0.1745863461,0.1510976449,-0.1558929748
1.1252642454,-0.4119695293,0.8947668185,-0.0270368351,-0.0143373908,-0.7031341827,0.7103983178,0.0503651140,0.0670896983,0.0956255127,0.1397186185,-0.0544499413,-0.0475773759,-0.1303733147,-0.0864715752,-0.2175906208,0.1475195823,0.0418288361,0.0460460046,-0.0733199987,-0.1461701756,0.1747374849,-0.6544729640,-0.6125906034,-0.7513069242,0.2612784168,0.0193067922,0.2643514957,-0.0999032431,0.2061568479,-0.5306720575,0.1789441879,0.1454188356,-0.1544873713
1.1286666620,-0.3957037940,0.8971845174,-0.0270685655,-0.0115179441,-0.7060523638,0.7075483653,0.0293870006,0.0667951786,0.1043247684,0.1402319014,-0.0418765159,-0.0407379376,-0.1329168933,-0.0900980668,-0.2687877393,0.1567246091,0.0441503250,0.0392640983,-0.0421516273,-0.2137308188,0.1583585260,-0.6779464246,-0.6385482690,-0.7471279746,0.2683486614,0.0383960723,0.2752411462,-0.0990648785,0.2214054909,-0.5378767957,0.1872772391,0.1415814201,-0.1430124791
1.1307806989,-0.3814260652,0.8990530142,-0.0293852529,-0.0105730029,-0.7061848334,0.7073384618,0.0139153521,0.0694290140,0.1095200521,0.1428744072,-0.0301165927,-0.0351996488,-0.1196248750,-0.0943767599,-0.2952492359,0.1752530405,0.0516956602,0.0328282971,-0.0236454048,-0.2663310329,0.1405065235,-0.6987534823,-0.6671660911,-0.7399194050,0.2725046644,0.0575112512,0.2816859282,-0.1056169438,0.2417125788,-0.5432677936,0.1998744828,0.1387971764,-0.1244350226
1.1320801288,-0.3696500969,0.9000535200,-0.0331093752,-0.0118671214,-0.7035012923,0.7098231276,0.0040683319,0.0716958219,0.1056539960,0.1469219149,-0.0196900958,-0.0307936657,-0.0937604271,-0.0989161699,-0.2899907715,0.1954463692,0.0639049771,0.0346612148,-0.0214298758,-0.3024288247,0.1251652689,-0.7218087795,-0.6967559039,-0.7314641438,0.2748488231,0.0781478459,0.2826867516,-0.1151250735,0.2495489920,-0.5454392126,0.2118458193,0.1389600618,-0.1059952091
1.1331243995,-0.3601849738,0.9001289672,-0.0356940246,-0.0146129582,-0.6992878869,0.7137988858,-0.0029895005,0.0702903710,0.0968864139,0.1501969318,-0.0104685212,-0.0272541613,-0.0604179121,-0.1028505884,-0.2699287547,0.2091109237,0.0784577429,0.0414160064,-0.0250579218,-0.3256983963,0.1118623778,-0.7453999103,-0.7270595164,-0.7200765228,0.2746774841,0.1009389349,0.2794559059,-0.1271068405,0.2447724578,-0.5458102463,0.2228930228,0.1419730364,-0.0960889164
1.1343404128,-0.3528713430,0.8990266706,-0.0359926229,-0.0187903471,-0.6959027990,0.7169872720,-0.0076000788,0.0632414529,0.0889734614,0.1523414202,-0.0029266543,-0.0241933702,-0.0241122175,-0.1092438953,-0.2524474338,0.2123147391,0.0978197049,0.0602409483,-0.0224794244,-0.3385369402,0.0993855858,-0.7621550397,-0.7553441957,-0.7074851853,0.2727339532,0.1226511242,0.2759873581,-0.1399368499,0.2347425558,-0.5464207066,0.2309565418,0.1464782316,-0.0985906730
1.1359428614,-0.3467661627,0.8973432081,-0.0339818398,-0.0228331496,-0.6938532103,0.7189517400,-0.0121853609,0.0527615058,0.0832071913,0.1526471753,0.0025876453,-0.0232953000,0.0086570621,-0.1129557783,-0.2392587528,0.1877012203,0.0769594367,0.0760149735,-0.0152888412,-0.3433278597,0.0897567447,-0.7783366619,-0.7800669541,-0.6985630354,0.2694410077,0.1403414097,0.2727646008,-0.1506821535,0.2188193283,-0.5482705774,0.2346320221,0.1518950203,-0.1124075704
1.1377111264,-0.3422928106,0.8973617407,-0.0328200992,-0.0242496358,-0.6937463824,0.7190624126,-0.0150079308,0.0470520412,0.0804717892,0.1504425913,0.0053332735,-0.0266503040,0.0290717917,-0.1109675486,-0.2394156316,0.1524910139,0.0388415028,0.0869012431,-0.0020789698,-0.3397255285,0.0863773885,-0.7907306609,-0.7997996288,-0.6930140161,0.2657243771,0.1517106868,0.2684354769,-0.1549189556,0.2009057717,-0.5529346046,0.2326256300,0.1556386134,-0.1325324165
1.1386052619,-0.3390826683,0.8986367491,-0.0332737562,-0.0243959139,-0.6955423282,0.7172994955,-0.0146033636,0.0466989900,0.0812029953,0.1472503357,0.0052843820,-0.0341702277,0.0411892689,-0.1063177291,-0.2450627276,0.1269883697,0.0107703947,0.0912036036,0.0139681578,-0.3253915403,0.0908990136,-0.8032822377,-0.8138617443,-0.6921131181,0.2620558318,0.1582945305,0.2631269384,-0.1513660816,0.1836209152,-0.5585561420,0.2238924803,0.1570209557,-0.1513873504
1.1384050566,-0.3361651152,0.8995069860,-0.0340085966,-0.0248620160,-0.6986173225,0.7142542490,-0.0126997557,0.0480117422,0.0860094726,0.1444801302,0.0031864642,-0.0451180260,0.0470724505,-0.1043845311,-0.2465667229,0.1111293300,-0.0040862308,0.0935905358,0.0322094111,-0.2989354653,0.0984145081,-0.8126001645,-0.8199574907,-0.6947481696,0.2585852789,0.1588664939,0.2578157702,-0.1464917354,0.1731549457,-0.5629538436,0.2110131189,0.1582208471,-0.1645428266
1.1375333393,-0.3327468421,0.9001217996,-0.0340052434,-0.0255901086,-0.7025916180,0.7103195112,-0.0116010335,0.0489976167,0.0948448598,0.1418495566,0.0003219160,-0.0581953161,0.0466050307,-0.1044489124,-0.2427973020,0.1028892038,-0.0094725205,0.0964171085,0.0499213927,-0.2612213464,0.1042345381,-0.8126404083,-0.8155018901,-0.6913462583,0.2579100999,0.1530347158,0.2509486606,-0.1443568208,0.1721025329,-0.5675665214,0.2013432909,0.1583349021,-0.1712876348
1.1358880460,-0.3288527343,0.9004662731,-0.0341521386,-0.0259530679,-0.7066782087,0.7062336575,-0.0116323635,0.0518981891,0.1042652623,0.1399778729,-0.0029320097,-0.0736804114,0.0412404861,-0.1036017098,-0.2343085018,0.1013615704,-0.0097655531,0.0993896926,0.0619036417,-0.2156373027,0.1087804957,-0.8070032845,-0.7969625582,-0.6802401465,0.2625304639,0.1388528908,0.2428324489,-0.1453523279,0.1796911658,-0.5736677742,0.2001652652,0.1572455723,-0.1728269175
1.1333505082,-0.3250889550,0.9002621866,-0.0344993236,-0.0271801950,-0.7089268940,0.7039131286,-0.0121966312,0.0545821562,0.1102475680,0.1398732714,-0.0053601895,-0.0868320490,0.0345931223,-0.1023481373,-0.2240888713,0.1061992752,-0.0075332653,0.0985322417,0.0657539295,-0.1703441918,0.1114871239,-0.8037152307,-0.7668896352,-0.6645746494,0.2711342193,0.1221123268,0.2350951287,-0.1492299360,0.1934788630,-0.5809215315,0.2067549336,0.1562514623,-0.1723341810
1.1306608976,-0.3218382053,0.8998285393,-0.0335691531,-0.0293046606,-0.7092678992,0.7035292432,-0.0139279386,0.0538481101,0.1127002141,0.1401687258,-0.0069959984,-0.0950750912,0.0282460283,-0.1036093545,-0.2182213019,0.1128257946,-0.0049641702,0.0934842970,0.0630292343,-0.1296876439,0.1134227847,-0.8066621308,-0.7268837824,-0.6492932958,0.2848086542,0.1070619363,0.2279100426,-0.1542016917,0.2078319702,-0.5901473630,0.2163860300,0.1543714824,-0.1721333736
1.1279854029,-0.3194264557,0.8995693371,-0.0326804984,-0.0316355598,-0.7075071834,0.7052409247,-0.0156093819,0.0522951553,0.1120995824,0.1405009734,-0.0076241750,-0.0976333282,0.0259738607,-0.1050806690,-0.2174365784,0.1176878688,-0.0051604005,0.0888272247,0.0551052279,-0.0953995919,0.1145190582,-0.8095276490,-0.6811728584,-0.6358226795,0.3028836687,0.0959162408,0.2221258629,-0.1566671096,0.2144225006,-0.6002929716,0.2230828270,0.1519060748,-0.1737223858
1.1253003736,-0.3179108104,0.8997491244,-0.0325710730,-0.0331357705,-0.7040283750,0.7086502615,-0.0170142219,0.0527113143,0.1080627832,0.1403583653,-0.0073760600,-0.0968832245,0.0271186688,-0.1042147328,-0.2222840728,0.1200768793,-0.0066513943,0.0852960390,0.0469084720,-0.0665830662,0.1144712941,-0.8066774505,-0.6346629176,-0.6257092557,0.3227000620,0.0889179318,0.2192862127,-0.1556078520,0.2121297147,-0.6097733285,0.2253503046,0.1494880039,-0.1766388300
1.1227470817,-0.3171467874,0.9000045082,-0.0326702488,-0.0339854635,-0.7003678345,0.7122236584,-0.0180237509,0.0545586963,0.1027470780,0.1399328549,-0.0071281932,-0.0976465698,0.0296975674,-0.1021858730,-0.2292609259,0.1205883648,-0.0086665844,0.0828887330,0.0444776319,-0.0425375611,0.1132561149,-0.7938829159,-0.5939203635,-0.6180115241,0.3407741307,0.0871024547,0.2210740022,-0.1531486854,0.2055354584,-0.6170477579,0.2239068718,0.1475854096,-0.1799167069
1.1205150979,-0.3171619292,0.9001737757,-0.0328277968,-0.0344494392,-0.6982640245,0.7142569034,-0.0180153830,0.0570083948,0.0991553414,0.1397506765,-0.0068705025,-0.1007221635,0.0322357583,-0.0999208260,-0.2351149371,0.1201752144,-0.0106710468,0.0810804731,0.0522509266,-0.0212375436,0.1123329970,-0.7722505603,-0.5653403899,-0.6123168148,0.3536334303,0.0905478407,0.2274597426,-0.1512162012,0.2014676925,-0.6203293236,0.2201804817,0.1470794357,-0.1824769453
1.1185336939,-0.3176408254,0.9001375416,-0.0327060650,-0.0348652649,-0.6971941736,0.7152866635,-0.0175846109,0.0586978843,0.0962052075,0.1396269848,-0.0062766198,-0.1038334340,0.0339192472,-0.0982903689,-0.2387191202,0.1201343031,-0.0123706772,0.0791158731,0.0664599629,-0.0011234313,0.1121286518,-0.7438747425,-0.5498260215,-0.6065148701,0.3591779628,0.0970664264,0.2357817350,-0.1508527153,0.2002878961,-0.6187180428,0.2170920382,0.1485957792,-0.1829174427
1.1167102409,-0.3184852004,0.9000745291,-0.0324488850,-0.0352867880,-0.6965821334,0.7158737625,-0.0166458033,0.0596410003,0.0935878818,0.1393028422,-0.0058435517,-0.1053754683,0.0352143956,-0.0969944924,-0.2405787802,0.1205130077,-0.0137874094,0.0767067061,0.0807262009,0.0199462299,0.1145840348,-0.7219728726,-0.5452812014,-0.5983490294,0.3568359838,0.1029045759,0.2435448254,-0.1520943111,0.2044152978,-0.6132307497,0.2156057231,0.1516777438,-0.1805756473
1.1149601522,-0.3196262012,0.9000779855,-0.0322662439,-0.0358818098,-0.6959198781,0.7164962725,-0.0152317464,0.0601506848,0.0912813718,0.1390664821,-0.0051998101,-0.1048993797,0.0370166348,-0.0959343948,-0.2416988139,0.1210960517,-0.0150748688,0.0741237786,0.0914626322,0.0393679355,0.1214613621,-0.7086419923,-0.5470607869,-0.5878282312,0.3488762356,0.1056425610,0.2491552417,-0.1533708321,0.2136172465,-0.6044014301,0.2156771807,0.1567841395,-0.1762556579
1.1131388285,-0.3210872986,0.9001345464,-0.0323574357,-0.0366529369,-0.6940621208,0.7182529714,-0.0138693768,0.0612134327,0.0887298571,0.1391113698,-0.0031415381,-0.1047350018,0.0402092579,-0.0946079516,-0.2444036437,0.1218890131,-0.0161510805,0.0715528268,0.0955405340,0.0554585447,0.1319357710,-0.6975328834,-0.5485562893,-0.5778754307,0.3376174725,0.1033022195,0.2509385313,-0.1522926840,0.2194027434,-0.5938380152,0.2175684258,0.1631439397,-0.1710607645
1.1114489885,-0.3226740537,0.8997930144,-0.0318211666,-0.0365664485,-0.6927348424,0.7195614959,-0.0147146371,0.0629505830,0.0872408995,0.1394825438,0.0022059045,-0.1079640008,0.0412421182,-0.0935499048,-0.2476032492,0.1228046135,-0.0169447484,0.0694923374,0.0904705911,0.0713320958,0.1415872681,-0.6831319015,-0.5413772416,-0.5605362452,0.3307168239,0.0958527882,0.2487226908,-0.1463056594,0.2223461666,-0.5848646552,0.2211331652,0.1692212157,-0.1668170546
1.1086059981,-0.3235476047,0.8989491254,-0.0258757047,-0.0353610564,-0.6928668509,0.7197329856,-0.0233663712,0.0603596299,0.0896073348,0.1381292162,0.0108539874,-0.1138139238,0.0328518865,-0.0974004675,-0.2474848054,0.1231992321,-0.0183755970,0.0675466179,0.0901061149,0.0722760395,0.1341531173,-0.6251263865,-0.5136688659,-0.5154752617,0.3476850185,0.0923084732,0.2426653094,-0.1306789729,0.2139970066,-0.5799861859,0.2251462315,0.1734925676,-0.1664116066
1.1006531183,-0.3247259758,0.8974863195,-0.0171377946,-0.0373839044,-0.6949967880,0.7178357781,-0.0112566015,0.0558257667,0.1107411805,0.1090143611,0.0250214572,-0.1402058753,0.0328903992,-0.1031986566,-0.2499401256,0.1150456336,-0.0372686064,0.0591434406,0.0615592341,0.0906432957,0.0697243041,-0.5447220356,-0.4280130149,-0.2877955634,0.4795670698,0.1546125675,0.2694979535,-0.0849873129,0.2044902156,-0.5735332320,0.2565152264,0.1973105435,-0.1946895915
1.0856773519,-0.3255756632,0.8948408789,0.0066853567,-0.0292342992,-0.6975220376,0.7159355201,-0.0592612145,0.0563962541,0.1232216445,0.1159925044,0.0412020895,-0.1623351490,-0.0231271710,-0.1092101793,-0.2452227587,0.1311729820,-0.0260284969,0.0438042067,0.0462382489,0.0579509302,0.0490543004,-0.5511138282,-0.4486941306,-0.2370179212,0.4849962537,0.1747208571,0.2420854180,-0.0785565013,0.2121018582,-0.5996468220,0.2538768324,0.1853004341,-0.2034222057
1.0631439702,-0.3306801398,0.8911761552,0.0234860581,-0.0345840018,-0.6996086751,0.7133022176,-0.0690489817,0.0584363532,0.1346620265,0.1220560422,0.0471711213,-0.2168523306,-0.0552614259,-0.1197304892,-0.2291628621,0.1707044277,-0.0135887397,0.0218849724,0.0079797838,0.0603211922,0.0251063112,-0.6678287620,-0.4708041860,-0.1976435329,0.4862864810,0.1858114798,0.2426104125,-0.0806483798,0.2811681959,-0.6190263475,0.2500156682,0.1742170855,-0.2039307640
1.0311707763,-0.3404731131,0.8862331468,0.0364308357,-0.0444515203,-0.7024481168,0.7094106708,-0.0562461284,0.0696163880,0.1284972650,0.1136866822,0.0535563173,-0.3104653865,-0.0902329445,-0.1225342342,-0.1828463926,0.2354214874,0.0361262179,0.0069778540,-0.0365044879,0.0609703216,0.0465287825,-0.9072725662,-0.5315730212,-0.2173842298,0.4407048665,0.1637049451,0.2434160643,-0.1267110888,0.4156234838,-0.6293518291,0.2619286015,0.1714484289,-0.1714770548
0.9922189248,-0.3528454976,0.8797752938,0.0429814756,-0.0515365708,-0.7076456906,0.7033734080,-0.0358326595,0.0998056103,0.1286205871,0.1091369751,0.0545927320,-0.3811297472,-0.1353362132,-0.1068440729,-0.1283028779,0.3281514249,0.0985681056,0.0757546368,-0.0778606349,0.0054840160,0.1651620830,-1.1732621395,-0.6739580804,-0.4196987560,0.2776569180,0.1058276005,0.2326152673,-0.2078440458,0.5699709389,-0.6768646870,0.3244174632,0.1638540349,-0.1036244473
0.9478394490,-0.3657012086,0.8707829821,0.0442142520,-0.0553623272,-0.7119370338,0.6986599836,-0.0144197065,0.1415692893,0.1393113118,0.1075551015,0.0529606565,-0.3825516795,-0.2022090828,-0.0711338522,-0.0934324340,0.4635912043,0.1540852600,0.1950155860,-0.1265660183,-0.1242118673,0.2974216709,-1.4301470307,-0.8264485103,-0.6815260388,0.1080319677,0.1133636956,0.2565155833,-0.3349111215,0.7069720486,-0.8215643387,0.4364819973,0.1247371581,-0.0604259492
0.9011981608,-0.3776339448,0.8586909973,0.0453104716,-0.0531462566,-0.7125147323,0.6981727529,-0.0065114438,0.1900792705,0.1505419144,0.1085024254,0.0553287854,-0.3463596523,-0.3084000630,-0.0425231954,-0.0863621267,0.6509486872,0.1786727565,0.3078034655,-0.1845964947,-0.2589820551,0.4012748168,-1.5708000000,-0.9242108121,-0.9107213485,0.0015116068,0.1289868962,0.2803913991,-0.5017185846,0.7987230820,-1.0222356297,0.5724299848,0.0678482293,-0.0267543378
0.8537089054,-0.3893392776,0.8445745902,0.0439629757,-0.0454405028,-0.7154643040,0.6957824712,0.0014165174,0.2581774760,0.1420309521,0.1103832675,0.0463154264,-0.3941332425,-0.4456856211,-0.0732098796,-0.1404558485,0.8846111141,0.1469515136,0.3120786874,-0.1712201803,-0.3371756386,0.4694810829,-1.5708000000,-0.9182383672,-1.0115623453,0.0017334904,0.0890596239,0.3338534485,-0.6524279031,0.7753918245,-1.2024728843,0.6400172504,0.0095584446,-0.0096721551
0.8071074438,-0.4019928142,0.8300766867,0.0399227867,-0.0352143553,-0.7256256412,0.6860273676,0.0237464705,0.3341462042,0.1562715580,0.1088410068,0.0514615143,-0.4509531506,-0.5733988766,-0.1800901897,-0.2044670159,1.0942949854,0.1103554204,0.2230071649,-0.1155681184,-0.3767453737,0.5145441316,-1.5101662672,-0.8469904547,-1.0322700457,0.1294859455,0.0412984200,0.4218748024,-0.7539485018,0.6604318037,-1.3130931722,0.5799642287,-0.0360030628,0.0325646578
0.7617847318,-0.4148921749,0.8144472083,0.0415840570,-0.0288737384,-0.7340902199,0.6771621833,0.0471215903,0.3944118992,0.1948027527,0.1040555890,0.0679096020,-0.4953474395,-0.6891651050,-0.3156349483,-0.1855281504,1.2294980086,0.0846382302,0.1489190464,-0.0975067546,-0.3556091431,0.5665769672,-1.4398795662,-0.7947823656,-0.9863832259,0.2472372782,0.0406013002,0.4708871404,-0.8373470514,0.5852124016,-1.3654377999,0.4655874939,-0.0518678396,0.0732832127
0.7161952499,-0.4258238606,0.7980466013,0.0517442055,-0.0207721154,-0.7378596982,0.6726471008,0.0330405971,0.4447440771,0.2107703793,0.1187800677,0.0937415664,-0.5052823731,-0.7795080780,-0.4258588456,-0.1117333176,1.2307351342,0.0769178673,0.1290745218,-0.0872269161,-0.3564901156,0.6067294251,-1.4335901903,-0.7849186819,-0.9636173051,0.2678409659,0.0444070442,0.4567658747,-0.8749182506,0.5597984797,-1.3705378197,0.4426419315,-0.0494708362,0.0701806791
0.6666872030,-0.4369797824,0.7767554539,0.0638808527,-0.0200882455,-0.7423232620,0.6666872383,0.0319783954,0.4819099630,0.2379056311,0.1325051810,0.1316369452,-0.5052665459,-0.8694422876,-0.5292590063,-0.0184996653,1.1989690129,0.0667323059,0.1001439497,-0.0822739070,-0.3185372086,0.6474012271,-1.4631817679,-0.7889794349,-0.9280435774,0.2743582947,0.0395986248,0.4481735828,-0.9346493594,0.5485149591,-1.3753664350,0.4192288647,-0.0472175110,0.0665777185
0.6125090861,-0.4485701176,0.7508357917,0.0788592493,-0.0217868174,-0.7500283354,0.6563261761,0.0372636638,0.5139726445,0.2817186269,0.1495828151,0.1848048921,-0.5037174365,-0.9517771391,-0.6115124303,0.0475759534,1.1256987957,0.0615036479,0.0618274741,-0.0618764875,-0.2700037152,0.6579952832,-1.4933137530,-0.8149712948,-0.8835653405,0.2665612257,0.0357582465,0.4359548764,-0.9907070097,0.5437516626,-1.3800670945,0.3946596432,-0.0461503111,0.0622860383
0.5544740288,-0.4604446109,0.7197315615,0.0980328806,-0.0277685394,-0.7569387474,0.6454937608,0.0382994984,0.5282312407,0.3514802263,0.1703366662,0.2464651554,-0.4623740299,-1.0192056964,-0.6772755499,0.0582940267,1.0166561275,0.0693771621,-0.0072796409,-0.0324809672,-0.2355403235,0.6091527589,-1.5008610761,-0.8639587714,-0.8402496458,0.2580426862,0.0510362052,0.4151999293,-1.0231061278,0.5392535254,-1.3772202231,0.3692329654,-0.0411855262,0.0576502311
0.4982929625,-0.4680401660,0.7009662915,0.1112375251,-0.0245274686,-0.7728532707,0.6242775331,0.0823014510,0.5361056894,0.5766381115,0.1500596065,0.3172977559,-0.2277999129,-0.9777630080,-0.6996858894,-0.0617175462,0.8376945327,0.0999822532,0.0906987109,0.0745123116,-0.1729169380,0.4569472956,-1.4679022559,-0.9818236112,-0.7275039010,0.2634717245,0.1235683428,0.3566981266,-0.9938167678,0.5777319155,-1.3320100716,0.3087997148,-0.0015719358,0.0291059952
0.4422366827,-0.4768591196,0.6745216278,0.1294464957,-0.0159337272,-0.7917889468,0.5967076209,0.1237147450,0.5201381999,0.8046686762,0.1040065552,0.2628420979,0.1910130422,-1.0634138199,-0.6343193699,-0.0294428439,0.9554380632,0.0120327434,0.1809465320,0.1737827586,-0.1521667555,0.2964690866,-1.4164289214,-1.0923374703,-0.6109930669,0.2832979227,0.2575645213,0.1452772394,-0.9080224570,0.7460405290,-1.1701155500,0.2990923801,0.1051830310,-0.1014818767
0.3916733698,-0.4778021099,0.6518342909,0.1518014734,0.0100384308,-0.8149200807,0.5592502165,0.1158147618,0.5164975062,0.8098946794,0.0971808506,0.1162692335,0.4731537818,-1.2338023898,-0.5265667968,-0.0192582597,1.1481646436,-0.0757590310,0.1014971272,0.2278592924,-0.2158639112,0.1573881133,-1.3958558779,-1.1328321609,-0.6333180827,0.2796982135,0.3514266995,-0.1368511593,-0.7940129283,0.9436202737,-0.9881646073,0.3473550317,0.1939942328,-0.2116301558
0.3457281029,-0.4736055777,0.6337633330,0.1889956628,0.0514115876,-0.8288492359,0.5240672020,0.0701052170,0.5401066109,0.8045250531,0.1064550110,0.0398724139,0.5061400000,-1.3877272695,-0.4229127471,-0.0611839861,1.2840294418,-0.1550183716,0.0397557821,0.2024027512,-0.3548342473,0.0454479613,-1.3391440364,-1.1209354067,-0.7525186319,0.2749545149,0.4423110177,-0.4426515543,-0.6528285254,1.0411285256,-0.8177827826,0.3398551235,0.2561149873,-0.2859847650
0.3011969589,-0.4715050342,0.6214158437,0.2333750588,0.0954302307,-0.8331180080,0.4922840012,0.0166578966,0.5706177056,0.8494560373,0.1154992029,0.0292234483,0.4676666829,-1.5183925978,-0.3381710139,-0.1295345116,1.3807398632,-0.2238225981,-0.0164838592,0.1493693654,-0.5540571305,-0.0203654203,-1.3132159694,-1.0751027669,-0.8583734533,0.2937796557,0.5228900583,-0.6888986033,-0.5222681922,1.0667137591,-0.6958959075,0.2354341154,0.2726195632,-0.3570825988
0.2531811776,-0.4734338195,0.6135243377,0.2789028513,0.1358381019,-0.8288095356,0.4656564863,-0.0437151729,0.5944405808,0.8869806127,0.1171939553,0.0177097362,0.4075711880,-1.6255266475,-0.2751695403,-0.2110023848,1.4606907803,-0.2791437002,-0.0754757489,0.1034868125,-0.7738948911,-0.0595945800,-1.2913083632,-0.9894545929,-0.8785985360,0.3244320165,0.5615807044,-0.8675940606,-0.4225337452,1.0438159578,-0.5845498157,0.1133205998,0.2665071315,-0.4175328252
0.2047996329,-0.4798946631,0.6080857688,0.3299740471,0.1701554249,-0.8155016312,0.4439835009,-0.1233968592,0.5961611905,0.8980507214,0.1133655152,-0.0145555363,0.3880972445,-1.7206035610,-0.2371524564,-0.2896736732,1.5274365402,-0.3411355576,-0.1340321719,0.0724892392,-0.9803862383,-0.1029233390,-1.2583420908,-0.8273929471,-0.8488664602,0.3753020211,0.5404057465,-1.0013008746,-0.3573534736,0.9541630417,-0.4816733783,0.0262191656,0.2706601756,-0.4763045501
0.1546966976,-0.4934945805,0.6016384229,0.3828552360,0.2003287911,-0.7993785839,0.4174735000,-0.1898931643,0.5839432404,0.8920352420,0.1104460605,-0.0279073763,0.3383087302,-1.8005652300,-0.1846275561,-0.3501578176,1.5819422130,-0.4234847533,-0.1823635992,0.0758993983,-1.1601833889,-0.1528005545,-1.3152606344,-0.6520777087,-0.7069662627,0.4153592313,0.4439341032,-1.0973831714,-0.3314814434,0.9724110588,-0.4330023665,-0.0637391306,0.2560465654,-0.4892930012
0.1002060778,-0.5138652844,0.5924034250,0.4281526646,0.2212514359,-0.7830906413,0.3930676092,-0.2321508266,0.5624602994,0.7948883123,0.1077280594,-0.0104462139,0.3047579894,-1.8667208515,-0.1375132502,-0.3965172435,1.6567670908,-0.4595939835,-0.2253432883,0.0916567436,-1.2731198651,-0.1814123398,-1.4339097570,-0.5435726469,-0.6140960762,0.4302051505,0.3768178158,-1.1696242904,-0.3130432269,1.1789838199,-0.4184052130,-0.0480535619,0.2248002972,-0.6817468373
0.0414086995,-0.5383101199,0.5801540234,0.4531819105,0.2267789074,-0.7718687250,0.3839481143,-0.2346643256,0.5382170066,0.6440370605,0.1083514110,-0.0016581526,0.2667401112,-1.8769951206,-0.1193317409,-0.4374642231,1.7413278050,-0.4477974525,-0.2597965122,0.0403483693,-1.2666825167,-0.0996316812,-1.4715494984,-0.5803864690,-0.6842536321,0.5069480243,0.6054245652,-1.0678066929,-0.2355452509,0.8654216046,-0.5562459068,0.0767464352,0.1723875544,-0.8958540199
-0.0155704751,-0.5599012867,0.5723297609,0.4668956052,0.2227475698,-0.7619928608,0.3895624393,-0.2495112888,0.5242276817,0.5989147194,0.1278062345,0.0390710616,0.2750818263,-1.8603691583,-0.1025583554,-0.4488690477,1.7896141848,-0.4335213848,-0.2589246563,0.0629714501,-1.2470266812,-0.0681537159,-1.3997643431,-0.6102867736,-0.6952591890,0.5037813341,0.6259084650,-1.0481818090,-0.2469747761,0.8468959508,-0.5869831276,0.0983427253,0.1642316811,-0.9149316950
-0.0683949856,-0.5744401020,0.5676773120,0.4676111120,0.2087779019,-0.7589781420,0.4021241295,-0.2614315169,0.5129424250,0.5512629749,0.1621819096,0.0986245425,0.2558359610,-1.8106039683,-0.0866063617,-0.4522260279,1.8243936296,-0.4183121592,-0.2555202234,0.0595643936,-1.2050403838,-0.0368750929,-1.3760752268,-0.6431971090,-0.7082640313,0.4944425550,0.6445037047,-0.9980367145,-0.2615225189,0.8410881821,-0.6172724955,0.1190808092,0.1562377309,-0.9349046706
-0.1208964969,-0.5888738271,0.5728790349,0.4783157053,0.1963298829,-0.7505275349,0.4115544709,-0.3263852837,0.4924533414,0.5122770042,0.1987775267,0.1742212827,0.2171094043,-1.7468314897,-0.0690611431,-0.4516463058,1.8104206958,-0.4106784210,-0.2516829786,0.0397924434,-1.1558447294,-0.0105087129,-1.3556249742,-0.6769687465,-0.7225024693,0.4841289421,0.6642943492,-0.9373799133,-0.2690586086,0.8193233984,-0.6514112530,0.1414938981,0.1481049909,-0.9609319474
-0.1738526691,-0.6005406821,0.5853384170,0.4888402247,0.1780536725,-0.7420336302,0.4227507730,-0.4285762031,0.4632307267,0.4687242092,0.2377358854,0.2454075614,0.1824607181,-1.6634064878,-0.0458216817,-0.4396898049,1.7467223815,-0.4140199936,-0.2460666873,0.0142931411,-1.1117436031,0.0044632166,-1.3460073406,-0.7036938613,-0.7336179993,0.4740410150,0.6812194373,-0.8729654997,-0.2761825032,0.8104578896,-0.6824202767,0.1634977493,0.1419913147,-0.9900759067
-0.2279130039,-0.6073865524,0.6040802064,0.4958437863,0.1597938106,-0.7315389129,0.4398359884,-0.5643257069,0.4294301342,0.4337127108,0.2671116582,0.2793858100,0.1541940041,-1.5648941318,-0.0221470957,-0.4302552337,1.6420262156,-0.4233261162,-0.2342149951,-0.0166931707,-1.0744705499,0.0071414998,-1.3529865566,-0.7193909430,-0.7390577421,0.4635329820,0.6910519801,-0.8084958642,-0.2865040535,0.8344622332,-0.7040010455,0.1802587095,0.1393281404,-1.0180676988
-0.2801299093,-0.6094915215,0.6303720738,0.5006017798,0.1471982549,-0.7193963505,0.4584751058,-0.7329711879,0.3781232140,0.4085333756,0.2803694766,0.2658241063,0.1302352522,-1.4749190940,0.0006427924,-0.4181799031,1.5193862857,-0.4173240885,-0.2054297575,-0.0465798048,-1.0443556677,0.0021100734,-1.3566347804,-0.7258197632,-0.7379476973,0.4527567878,0.6932788668,-0.7542368871,-0.2987605643,0.8779743327,-0.7169925521,0.1893742598,0.1395407517,-1.0435521534
-0.3279323189,-0.6070258901,0.6607678450,0.5097403932,0.1366878975,-0.7047289095,0.4741711868,-0.9249219005,0.2892699466,0.3994882287,0.2910334557,0.2313904198,0.1031577690,-1.4198156090,0.0072283878,-0.3711166028,1.4155777200,-0.3792478009,-0.1190786543,-0.0646736961,-1.0238489397,-0.0064167079,-1.3399512723,-0.7322320072,-0.7317412028,0.4412954816,0.6890223041,-0.7151660875,-0.3158712823,0.9316509838,-0.7239476460,0.1921618924,0.1418965477,-1.0678357849
-0.3691508232,-0.6023872531,0.6851246540,0.5171639525,0.1228983449,-0.6933802752,0.4864784035,-1.1057910542,0.1700355845,0.3968960352,0.3121433772,0.1963776883,0.0692722419,-1.3954319975,-0.0201204644,-0.2937242720,1.3592715433,-0.3134614512,0.0299291946,-0.0711188962,-1.0096457590,-0.0131401895,-1.3013153016,-0.7439971394,-0.7224706222,0.4297629790,0.6789076484,-0.6896295612,-0.3344582866,0.9740101928,-0.7250238028,0.1902923871,0.1464855979,-1.0888570775
-0.3988356921,-0.6003509995,0.7023179125,0.5053910466,0.1180826807,-0.6935820879,0.4995800816,-1.2610256691,0.0521543626,0.3911361012,0.3528979639,0.1686480033,0.0088698244,-1.3623036508,-0.0808460307,-0.2390728313,1.3546719704,-0.2791603748,0.1439199136,-0.0537707174,-0.9934920176,-0.0107367740,-1.2408446583,-0.7578175880,-0.7075810863,0.4130311300,0.6560902396,-0.6638012276,-0.3441914097,1.0073274027,-0.7190793301,0.1825409784,0.1531578916,-1.1061357127
-0.4208888042,-0.5999536629,0.7059343870,0.4775491159,0.1145035617,-0.7056918977,0.5107198075,-1.3865803449,-0.0639996392,0.3927793705,0.4096995602,0.1540021503,-0.0665481358,-1.3208308757,-0.1732624951,-0.2164770293,1.4145069415,-0.2622704707,0.2137213192,-0.0309350181,-0.9796960248,-0.0007092949,-1.2075566551,-0.7698521610,-0.6839350742,0.3896745331,0.6251335543,-0.6321782926,-0.3409538666,1.0350961776,-0.7073359769,0.1700319208,0.1605098656,-1.1179105054
-0.4401692749,-0.6038266557,0.6954361519,0.4440966631,0.1162567725,-0.7248268922,0.5137007816,-1.4812561602,-0.1458560901,0.4106611326,0.4666270651,0.1481188428,-0.1116497457,-1.2997252973,-0.2963652530,-0.1900695198,1.5059529599,-0.2538389398,0.2508403752,-0.0051320655,-0.9842581889,0.0412253400,-1.2463813649,-0.7769847834,-0.6813624955,0.3750281853,0.6045665678,-0.5953003558,-0.3203387972,1.0562158228,-0.6930690376,0.1531953884,0.1676789407,-1.1251633522
-0.4584822061,-0.6101334328,0.6641432548,0.3935241158,0.1281202236,-0.7479235531,0.5189743127,-1.6271102983,0.0110950221,0.5020220762,0.9360853013,0.0004630937,0.1332092004,-1.3520624769,-0.4975477908,-0.1318698489,1.7021943607,-0.2799057441,0.3119808834,0.0442098059,-1.0623715147,0.2014368723,-1.5309356254,-0.8748364686,-0.7740584437,0.2971321754,0.4851942380,-0.4432320770,-0.1746569908,1.0257063806,-0.5728645974,0.0110204265,0.1985654940,-1.1919165337
-0.4762060340,-0.6078826685,0.6518190784,0.3594173205,0.1415787385,-0.7658549940,0.5140435571,-1.6148523401,0.0813686440,0.4415439959,0.9817907785,-0.0121539130,0.1275916623,-1.4072276189,-0.5737436039,-0.0586718871,1.6639081344,-0.2888037909,0.3047260125,0.0779207016,-1.1029631928,0.2279293205,-1.5461685013,-0.8829702069,-0.7905815504,0.2942377777,0.4738203361,-0.4451827793,-0.1443873698,1.0253768264,-0.5715336739,-0.0022103968,0.1946930058,-1.1916264848
-0.4959439070,-0.6072602559,0.6390236974,0.3305510025,0.1357569382,-0.7814765045,0.5114690229,-1.5955550023,0.1373249060,0.3943227092,1.0497250544,-0.0186425607,0.1165299937,-1.4838865661,-0.6757298182,0.0363928134,1.5728619980,-0.2942909547,0.2790359136,0.1055071382,-1.1415978734,0.2472903772,-1.5610222701,-0.8959721829,-0.8092519556,0.2902119331,0.4629576540,-0.4271334937,-0.1076886665,1.0266366247,-0.5686678862,-0.0188600360,0.1891028492,-1.1824300847
-0.5139816016,-0.6057146762,0.6254199726,0.3132291236,0.1234812540,-0.7906146933,0.5114374867,-1.5825984257,0.1733746762,0.3598972798,1.1155629689,-0.0334366429,0.0998226250,-1.5710103784,-0.7598401964,0.1224826986,1.4169481352,-0.2920666860,0.2369657075,0.1297665057,-1.1793563277,0.2498768564,-1.5521999457,-0.9167581152,-0.8316135355,0.2873074180,0.4570107770,-0.3999109951,-0.0768963471,1.0229855249,-0.5641624576,-0.0381835596,0.1824455048,-1.1680101252
-0.5341735375,-0.5982603133,0.6165533131,0.2986563077,0.1165302499,-0.7978839894,0.5104960824,-1.5796700541,0.2142341544,0.3245515860,1.1686104526,-0.0459737887,0.0779222198,-1.5952806310,-0.7682520937,0.1881134554,1.2536112237,-0.2694737933,0.2982309129,0.1419311936,-1.2050969638,0.2473836508,-1.5099939592,-0.9431768401,-0.8536705716,0.2853003640,0.4549310237,-0.3737654029,-0.0473172307,1.0069004277,-0.5592819633,-0.0585239542,0.1762092525,-1.1495383809
-0.5550402557,-0.5903900782,0.6103953686,0.2860687917,0.1050837950,-0.7961803994,0.5227033711,-1.5754980004,0.2305574900,0.2965345482,1.2094169642,-0.0539590116,0.0533627271,-1.5172322463,-0.7530038578,0.2293666157,1.2159779711,-0.2705424695,0.3593135534,0.1258677792,-1.2078703173,0.2324486008,-1.4336232539,-0.9767198788,-0.8727769511,0.2833347111,0.4550810384,-0.3448970146,-0.0225639564,0.9787380840,-0.5508714277,-0.0771668495,0.1733374717,-1.1210687026
-0.5704073440,-0.5848757267,0.6148426238,0.2662795374,0.1018237360,-0.7970280270,0.5324222562,-1.5560437058,0.2417214100,0.2613378246,1.2245071301,-0.0572435263,0.0322289890,-1.4428747119,-0.7256148241,0.2112962763,1.2166746339,-0.2723142958,0.4030108112,0.1095125707,-1.1762593598,0.2106093401,-1.3439629904,-1.0147136045,-0.8848512143,0.2774234214,0.4569175596,-0.3167519366,0.0030043084,0.9491240437,-0.5448815685,-0.0950589866,0.1711622576,-1.0820860514
-0.5869725076,-0.5783223408,0.6262743946,0.2466088517,0.1036784959,-0.8002406883,0.5367026035,-1.5257109031,0.2584141016,0.2185880634,1.2118077151,-0.0549013647,0.0115262356,-1.3758384557,-0.6864873347,0.1665256393,1.2206484157,-0.2670476813,0.4269162309,0.1062323398,-1.1123934283,0.1823479473,-1.2626082717,-1.0549859655,-0.8867840888,0.2668445451,0.4594707034,-0.2980410734,0.0235509215,0.9224581686,-0.5403466401,-0.1161695860,0.1698517665,-1.0311510669
-0.6008280518,-0.5713149083,0.6416307302,0.2391894422,0.0999710837,-0.8030338056,0.5365919308,-1.4883753451,0.2629334291,0.1902138916,1.1743254324,-0.0463192609,-0.0126802442,-1.3232907284,-0.6555305077,0.1277030705,1.1996184379,-0.2625768891,0.4344211949,0.1070608841,-1.0253753411,0.1457748246,-1.1857236402,-1.0954373451,-0.8825485201,0.2534956606,0.4619817280,-0.2972511217,0.0286809803,0.8945634739,-0.5330601244,-0.1419211966,0.1720652633,-0.9663060150
-0.6145215240,-0.5635740690,0.6607177501,0.2279677500,0.0964332142,-0.8029796164,0.5421762405,-1.4380580479,0.2589197728,0.1679316043,1.1171314827,-0.0308921562,-0.0352427624,-1.2595739606,-0.6289062057,0.0849165287,1.1698039588,-0.2582847982,0.4304942932,0.1165829090,-0.9212263093,0.1038633832,-1.1320279027,-1.1271285571,-0.8771436956,0.2379487599,0.4581861518,-0.3074130420,0.0156179096,0.8913865196,-0.5203061068,-0.1582269869,0.1836186894,-0.9026166715
-0.6283565764,-0.5556257504,0.6832366438,0.2148224610,0.0949635851,-0.8032549421,0.5473707389,-1.3766122912,0.2562976604,0.1455858724,1.0421994491,-0.0089359842,-0.0563707744,-1.1892633660,-0.5966050725,0.0341349528,1.1302967281,-0.2479172668,0.4175346512,0.1415476668,-0.8053911792,0.0627515926,-1.1032857849,-1.1459204504,-0.8730194177,0.2232401064,0.4446347643,-0.3255554469,-0.0174453880,0.9288137935,-0.5002361117,-0.1506358762,0.2066614520,-0.8515488214
-0.6433743792,-0.5476427664,0.7066931203,0.1984359014,0.0940760733,-0.8040461230,0.5525239520,-1.3059543832,0.2588840466,0.1215896827,0.9575006156,0.0183717676,-0.0768552583,-1.1133809133,-0.5573800284,-0.0133957858,1.0846017942,-0.2285445716,0.4014176881,0.1687600290,-0.6876515576,0.0330419305,-1.0932351959,-1.1504872719,-0.8759419978,0.2129230861,0.4234911163,-0.3494318967,-0.0556990682,0.9876814245,-0.4810265087,-0.1224736473,0.2323270116,-0.8124187248
-0.6593460834,-0.5395857930,0.7302676895,0.1798968658,0.0920913559,-0.8041387011,0.5590324224,-1.2285454657,0.2632990619,0.0984271843,0.8672132129,0.0505760326,-0.0972733098,-1.0329467272,-0.5143587221,-0.0455488365,1.0333457764,-0.1997017951,0.3856484319,0.1834256198,-0.5732372283,0.0197169450,-1.0943914534,-1.1444815573,-0.8884166244,0.2083256674,0.4024989436,-0.3751860726,-0.0860693497,1.0402467255,-0.4688144578,-0.0869022441,0.2535853567,-0.7809954114
-0.6768657768,-0.5306036621,0.7527000238,0.1617232020,0.0884814864,-0.8015225126,0.5688394275,-1.1492987788,0.2645701304,0.0772993926,0.7718285898,0.0871021590,-0.1173873765,-0.9491853501,-0.4713982850,-0.0486086774,0.9736261214,-0.1649360713,0.3709532468,0.1878672054,-0.4604050909,0.0207951721,-1.0938464150,-1.1316594792,-0.9047563504,0.2070702402,0.3814980899,-0.4005372145,-0.1040040529,1.0689645279,-0.4668507165,-0.0579587104,0.2646226844,-0.7525185471
-0.6950982762,-0.5208412947,0.7722470703,0.1469409730,0.0818703384,-0.7950825337,0.5827086431,-1.0731842744,0.2566587974,0.0590973376,0.6742279838,0.1262554280,-0.1358143112,-0.8624986089,-0.4348641893,-0.0201441748,0.9006588358,-0.1359536649,0.3572142259,0.1890437083,-0.3511419686,0.0312531303,-1.0814658428,-1.1153169118,-0.9190811367,0.2081806350,0.3593700802,-0.4215113612,-0.1168059580,1.0768901544,-0.4732489006,-0.0415446511,0.2654880386,-0.7250374488
-0.7125129306,-0.5117731843,0.7871955057,0.1335087356,0.0718189422,-0.7843298404,0.6015348357,-1.0016866539,0.2384405951,0.0439509250,0.5815001946,0.1653291582,-0.1515411372,-0.7671980295,-0.4042147361,0.0166590221,0.8237020711,-0.1227440344,0.3437604790,0.1856163370,-0.2490818175,0.0483783062,-1.0572848104,-1.0989848184,-0.9286180971,0.2110419575,0.3386820356,-0.4353940460,-0.1312806143,1.0676333243,-0.4840423407,-0.0360034731,0.2599432497,-0.6988570074
-0.7278783114,-0.5039699290,0.7981012041,0.1216946915,0.0585347603,-0.7701489872,0.6234056636,-0.9314800774,0.2160883635,0.0441827657,0.4983008451,0.1979495429,-0.1560833702,-0.6700347360,-0.3831587344,0.0092216792,0.7566448838,-0.1229134461,0.3291628370,0.1787497922,-0.1568959095,0.0717475141,-1.0222807351,-1.0843175864,-0.9355282951,0.2139847198,0.3204165704,-0.4405459612,-0.1517487053,1.0469451616,-0.4967318682,-0.0361478927,0.2513666889,-0.6734087823
-0.7404449067,-0.4958831044,0.8091548572,0.1099350107,0.0450975806,-0.7540046516,0.6460321099,-0.8589817454,0.2163769061,0.0945969139,0.4298785816,0.2127725491,-0.1543382941,-0.5815391030,-0.3755584956,-0.0357305331,0.6996444363,-0.1233577694,0.3118502526,0.1766413187,-0.0765470755,0.1000933160,-0.9706345678,-1.0708275829,-0.9371385822,0.2179746259,0.3043212462,-0.4366616976,-0.1793799541,1.0203482654,-0.5105845139,-0.0376751458,0.2409783826,-0.6492847724
-0.7506537846,-0.4895017914,0.8183239831,0.0954931512,0.0316604145,-0.7402568778,0.6647544141,-0.7814994351,0.2407238426,0.2072796180,0.3845600206,0.2164028637,-0.1510737420,-0.5012198201,-0.3744093004,-0.0845337208,0.6526870664,-0.1190772496,0.2958044613,0.1800725009,-0.0102982747,0.1320290243,-0.9040317908,-1.0577575281,-0.9328525062,0.2240041611,0.2913439213,-0.4240970928,-0.2112454693,0.9933227952,-0.5252898289,-0.0376423240,0.2295546842,-0.6277418747
-0.7580670067,-0.4857286735,0.8263185304,0.0808686987,0.0165187040,-0.7304643973,0.6779447988,-0.6885531441,0.2697248718,0.3388609963,0.3638904196,0.2209565549,-0.1465489312,-0.4255717761,-0.3758719293,-0.1317304107,0.6118599744,-0.1109977225,0.2801938155,0.1881224600,0.0471577914,0.1659583044,-0.8295629272,-1.0435049014,-0.9231649229,0.2335266337,0.2815527225,-0.4023210055,-0.2473243660,0.9712870300,-0.5394313042,-0.0340892768,0.2184236422,-0.6076554373
-0.7627069398,-0.4828209481,0.8342250920,0.0679324021,0.0012346221,-0.7235769733,0.6868915694,-0.5787305825,0.2888690310,0.4134268129,0.3529777588,0.2252576092,-0.1279617622,-0.3532320514,-0.3796428159,-0.1781269210,0.5690636645,-0.1004715801,0.2648928299,0.1962637994,0.1003363206,0.1997449284,-0.7481234524,-1.0244455903,-0.9070410640,0.2469053705,0.2722723830,-0.3713382188,-0.2873431630,0.9515270251,-0.5528360289,-0.0288372642,0.2073404489,-0.5864273860
-0.7638647485,-0.4801242569,0.8418776817,0.0555991023,-0.0125178440,-0.7172328588,0.6944991502,-0.4684257813,0.2924573384,0.4090668878,0.3436202478,0.2272262118,-0.1038335310,-0.2839843181,-0.3833828525,-0.2222530602,0.5240863893,-0.0870785446,0.2514282373,0.2002251695,0.1496666481,0.2317527254,-0.6628019785,-0.9989840333,-0.8851122801,0.2641812854,0.2619775856,-0.3331714369,-0.3284635935,0.9290291187,-0.5640266228,-0.0231777262,0.1976756170,-0.5635454682
-0.7635173129,-0.4771779343,0.8499659445,0.0427629601,-0.0230653014,-0.7114931072,0.7010113263,-0.3653598890,0.2932792087,0.3573765092,0.3363915180,0.2254333033,-0.0800050477,-0.2196156970,-0.3799804600,-0.2625868559,0.4777540071,-0.0706000448,0.2403770794,0.1932299040,0.1951743154,0.2623121274,-0.5811820234,-0.9654996024,-0.8580115045,0.2853775695,0.2494499338,-0.2924567963,-0.3632249032,0.9003653172,-0.5719530068,-0.0173256634,0.1905384318,-0.5387294323
-0.7623873037,-0.4741426330,0.8580305969,0.0306355732,-0.0296830010,-0.7078699559,0.7050535488,-0.2697418149,0.3005552891,0.3043428276,0.3315649876,0.2176412601,-0.0620751339,-0.1635380821,-0.3687879421,-0.2965567904,0.4288323445,-0.0511804918,0.2315354947,0.1803637109,0.2366747334,0.2899450188,-0.5063671836,-0.9240412813,-0.8232349647,0.3079364504,0.2321878474,-0.2524264290,-0.3889630420,0.8686282420,-0.5765750678,-0.0106648796,0.1855772927,-0.5122638738
-0.7592650237,-0.4708201415,0.8644667794,0.0208290771,-0.0325947698,-0.7045264666,0.7086227405,-0.1869752024,0.3076911048,0.2616493480,0.3237625380,0.2047981160,-0.0400530705,-0.1177003331,-0.3552743801,-0.3229851504,0.3798549718,-0.0293307907,0.2258854046,0.1599143924,0.2727292991,0.3153523135,-0.4408868146,-0.8757714925,-0.7789813339,0.3299068058,0.2096008877,-0.2166378149,-0.4072948931,0.8301304720,-0.5770537616,-0.0040939981,0.1833825589,-0.4861915919
-0.7546066122,-0.4664282201,0.8685257041,0.0133594009,-0.0317060878,-0.6994965444,0.7138072813,-0.1207450264,0.3100517741,0.2218172323,0.3033081705,0.1822970103,-0.0161578050,-0.0824915824,-0.3406259658,-0.3453356805,0.3347982807,-0.0077354907,0.2240560239,0.1297019173,0.3014388624,0.3395448870,-0.3909665551,-0.8227071535,-0.7297662316,0.3485784361,0.1823863506,-0.1862661928,-0.4188673779,0.7831827677,-0.5735496504,0.0011825310,0.1835120068,-0.4614041133
-0.7477471173,-0.4613803208,0.8694846092,0.0066051498,-0.0273404044,-0.6941338486,0.7192962356,-0.0687485547,0.3073791603,0.1721636126,0.2723066631,0.1606062532,-0.0104492361,-0.0575033809,-0.3255978709,-0.3659630025,0.2968868343,0.0112772071,0.2262071099,0.0942520390,0.3241714900,0.3648307580,-0.3570711637,-0.7664742464,-0.6830447818,0.3637672650,0.1499242674,-0.1599256833,-0.4225970812,0.7289209101,-0.5670261425,0.0034674967,0.1846180138,-0.4378985197
-0.7383657997,-0.4577944544,0.8677683726,-0.0098849969,-0.0273582024,-0.6861415410,0.7268862368,0.0248283494,0.3031811595,0.0652766670,0.1841924483,0.1428556815,-0.1076277764,0.0263079208,-0.2918984336,-0.4127699414,0.2001891723,0.0431808207,0.2390566887,0.0446254848,0.3704545178,0.4146679491,-0.3409801909,-0.6281611078,-0.6014648471,0.3758379899,0.0497496059,-0.0553692816,-0.4050655231,0.6285387600,-0.5598955803,0.0245664816,0.1847136725,-0.3674286314
-0.7267038558,-0.4503712551,0.8640912007,-0.0104420759,-0.0195249351,-0.6803173315,0.7325831478,0.0254367045,0.2977205315,0.0924629541,0.1678269324,0.1097488681,-0.1669694612,0.0134530861,-0.2936678549,-0.4219981604,0.1971355036,0.0501189811,0.2456557790,0.0164374297,0.3537936394,0.4274920485,-0.3515638030,-0.6110167552,-0.6035366038,0.3672964805,0.0276404991,-0.0592680562,-0.4125683415,0.5776818326,-0.5593012813,0.0245309664,0.1837597841,-0.3601641674
-0.7153460673,-0.4433998391,0.8644172166,-0.0109319293,-0.0198547503,-0.6748529972,0.7376040361,0.0335552552,0.2849474426,0.1258826900,0.1478922510,0.0656708018,-0.2187689720,0.0185264700,-0.3035664066,-0.4315100104,0.1886950753,0.0484776294,0.2553813407,-0.0127888495,0.3427583811,0.4346833980,-0.3794264341,-0.5878900374,-0.6323238161,0.3573520670,-0.0027379623,-0.0402871632,-0.4165913426,0.5326549019,-0.5522448479,0.0216075534,0.1850294157,-0.3518622342
-0.7001054890,-0.4383802853,0.8680582610,-0.0144366479,-0.0357276397,-0.6657006895,0.7452232625,0.0743685976,0.2530944525,0.1405479857,0.1099558014,0.0087186312,-0.2655474263,0.0836122750,-0.3230647328,-0.4699329192,0.1352035066,0.0593895123,0.2778168788,-0.0296002934,0.2878455657,0.4036572663,-0.4605659360,-0.4702832114,-0.8321021100,0.2941297915,-0.1562664398,0.1079746321,-0.4199057356,0.4227404760,-0.5530534670,0.0340607027,0.1848576416,-0.3212617887
-0.6803432259,-0.4273834002,0.8707332888,-0.0004609736,-0.0406222192,-0.6587828153,0.7512355324,0.0364215359,0.2032983113,0.1294550216,0.1195479494,0.0230836609,-0.2516526173,0.0633898260,-0.3731685233,-0.4809476844,0.1374820548,0.0815386305,0.2814376351,-0.0468142724,0.2428748086,0.3863232600,-0.4821177155,-0.4821009894,-0.8765839733,0.2789943243,-0.1592502779,0.1150783870,-0.4205240764,0.3660323960,-0.5480805626,0.0270919004,0.1864605960,-0.3281106850
-0.6593667452,-0.4144331357,0.8727367439,0.0103478673,-0.0483982124,-0.6533323157,0.7554517986,0.0277790558,0.1486804321,0.1137502629,0.1105426431,0.0239014400,-0.2176344034,0.0704856657,-0.4225295174,-0.5042076325,0.1174982326,0.1305646180,0.3068527191,-0.0280554159,0.1602003518,0.3059727700,-0.5424029252,-0.4510447625,-1.0697298862,0.2407159204,-0.2057846693,0.2591900317,-0.3815039047,0.1910287976,-0.5371263032,0.0316925472,0.1918622373,-0.3584706046
-0.6415753851,-0.3998897676,0.8751480538,0.0242997538,-0.0390695293,-0.6539714712,0.7551188044,-0.0215744489,0.1168532730,0.1001046737,0.1149229531,0.0373338838,-0.2066912366,0.0167667327,-0.4475202140,-0.5129074264,0.1158307812,0.1590604259,0.2859262925,-0.0276716007,0.1020930289,0.2902878261,-0.5391074255,-0.4804939283,-1.0842667663,0.2411173220,-0.1889517840,0.2606698570,-0.3433110570,0.1240736573,-0.5361219753,0.0206740326,0.1911151701,-0.3586605212
-0.6254110541,-0.3862161214,0.8776763735,0.0310970425,-0.0348355463,-0.6565748169,0.7528140331,-0.0497222944,0.0902522114,0.0927612322,0.1203211174,0.0429407453,-0.1923377037,-0.0222053661,-0.4550202521,-0.5385134381,0.1221763705,0.1742851984,0.2294049664,-0.0190227462,0.0516106136,0.2599971891,-0.5307231829,-0.5175188693,-1.0769401141,0.2439843876,-0.1656026846,0.2875975452,-0.2951513909,0.0700509901,-0.5267635103,0.0105596605,0.1926327672,-0.3504190900
-0.6121719496,-0.3733610837,0.8815928866,0.0322599862,-0.0305541174,-0.6585722704,0.7512045685,-0.0697220685,0.0767475991,0.0965715331,0.1232093836,0.0478329664,-0.1774211017,-0.0428779018,-0.4346118060,-0.5648276410,0.1354406681,0.1645593838,0.1498246840,0.0020559383,0.0132541590,0.2236754807,-0.5193503104,-0.5587096026,-1.0434783327,0.2479040360,-0.1380661461,0.3268199179,-0.2511200705,0.0516325413,-0.5132071347,0.0091753543,0.1957269124,-0.3348676798
-0.6020929025,-0.3634930872,0.8866087266,0.0242383020,-0.0355233738,-0.6565956926,0.7530157310,-0.0467828191,0.0665614261,0.1135265367,0.1006525414,0.0462242972,-0.1441352667,-0.0161660485,-0.3977358780,-0.5917969855,0.1607317630,0.1217502047,0.0298756796,0.0265622628,0.0485435830,0.1557296853,-0.5349829832,-0.6388218771,-0.8199340013,0.2821593992,-0.0362935638,0.4250901727,-0.1919062582,0.0389114705,-0.4713151370,0.0745538217,0.2059320500,-0.2869872719
-0.5941943435,-0.3542776563,0.8918822795,0.0171961396,-0.0312270783,-0.6527629744,0.7567229754,-0.0541383070,0.0717503304,0.1112575886,0.0978649074,0.0557649681,-0.1326634555,-0.0115963703,-0.3325153705,-0.5529471647,0.1984199884,0.1275609704,0.0127904752,0.0104028006,0.0606884720,0.1280740483,-0.5274440054,-0.6874059992,-0.6361334466,0.2865711647,0.0499623824,0.4285325376,-0.1616073316,0.0614104649,-0.4488920942,0.1637540718,0.2109920496,-0.2264751747
-0.5875432152,-0.3459748272,0.8968776629,0.0141030950,-0.0215893589,-0.6505099658,0.7590598044,-0.0826254499,0.0811651223,0.1094680913,0.1076841582,0.0683085477,-0.1296471614,-0.0262485924,-0.2561523138,-0.5155584921,0.2355663601,0.1335045082,0.0070874597,-0.0043029981,0.0341470573,0.1168877807,-0.5121318648,-0.7127507663,-0.6077831470,0.2795042392,0.0695511698,0.4097369968,-0.1431194066,0.0775228206,-0.4581321172,0.1830600231,0.2027952926,-0.2054718419
-0.5804938974,-0.3393680982,0.9001430724,0.0092750581,-0.0199213913,-0.6503341470,0.7593303686,-0.0891537804,0.0818002926,0.1096958386,0.1149178450,0.0731225162,-0.1230966526,-0.0256418359,-0.1826362474,-0.4658979232,0.2684284770,0.1320122401,0.0197904959,-0.0211920798,0.0249003152,0.1021258845,-0.5084629292,-0.7348324632,-0.5895214592,0.2712693598,0.0834006425,0.4008517081,-0.1260789993,0.0920173614,-0.4617834311,0.1995862261,0.1958780674,-0.1746660130
-0.5726683213,-0.3338549984,0.9006728696,0.0075985146,-0.0222721048,-0.6513641913,0.7584002283,-0.0896926954,0.0716620717,0.1090705242,0.1184314220,0.0757865636,-0.1143139745,-0.0200590451,-0.1217581741,-0.4152323066,0.2794660491,0.1248744485,0.0446234740,-0.0317621207,0.0190936107,0.0899220254,-0.5179944442,-0.7541885086,-0.5908340530,0.2622711073,0.0932007363,0.3943027125,-0.1192305863,0.1000866367,-0.4650704188,0.2053700788,0.1875551557,-0.1400340414
-0.5637069023,-0.3286263648,0.8978883233,0.0104659049,-0.0277107847,-0.6533910907,0.7564407841,-0.0908375659,0.0499730536,0.1075053919,0.1217501634,0.0795566875,-0.1042567571,-0.0091089496,-0.0811390250,-0.3757415363,0.2568363535,0.1028701422,0.0451668239,-0.0293164854,0.0095440468,0.0818074273,-0.5396009071,-0.7705338004,-0.6133042169,0.2530423705,0.0991360373,0.3875208363,-0.1242523424,0.1038321683,-0.4697640408,0.1987358128,0.1784407219,-0.1084942174
-0.5545508874,-0.3231122841,0.8957641737,0.0122939446,-0.0320654725,-0.6564155501,0.7536174693,-0.0922822413,0.0309123383,0.1074270524,0.1250659676,0.0830022726,-0.0943315896,0.0180020019,-0.0687360778,-0.3953834327,0.2085080148,0.0383352409,0.0182257699,-0.0108167884,-0.0045780901,0.0813903275,-0.5669986933,-0.7821694740,-0.6517904152,0.2449458909,0.1025194678,0.3804975260,-0.1327109025,0.1068083601,-0.4767466075,0.1905472196,0.1697451946,-0.0852140097
-0.5473180080,-0.3177865518,0.8947338102,0.0099087959,-0.0351840819,-0.6561908862,0.7537091063,-0.0940936742,0.0212713173,0.1056961455,0.1311353017,0.0882705184,-0.0853960189,0.0484025538,-0.0642880903,-0.4150115391,0.1669705217,-0.0312110599,0.0070965857,0.0162169612,-0.0162955212,0.0860320392,-0.5920166210,-0.7877953685,-0.6946278394,0.2395792625,0.1032075075,0.3771331899,-0.1428904501,0.1254349075,-0.4857848020,0.1879658524,0.1635518087,-0.0732712092
-0.5410837653,-0.3122250016,0.8937313585,0.0039556678,-0.0332867413,-0.6525403226,0.7570122013,-0.1041066602,0.0242717458,0.1035028356,0.1419757906,0.1007631967,-0.0773933760,0.0628166763,-0.0560875067,-0.4220668671,0.1453552743,-0.0746710397,0.0054158590,0.0394790196,-0.0228727670,0.0988811113,-0.6121236209,-0.7851835660,-0.7314909798,0.2404469601,0.1045847218,0.3718091728,-0.1512671307,0.1605983697,-0.4988410276,0.1947175102,0.1584851945,-0.0756198005
-0.5361311080,-0.3058958919,0.8936888352,-0.0023936584,-0.0304163743,-0.6491334927,0.7600623812,-0.1222030974,0.0314760240,0.1041210347,0.1598346639,0.1298791965,-0.0698374543,0.0651986129,-0.0485877605,-0.4262060952,0.1389357929,-0.0922487970,0.0066371425,0.0578962018,-0.0213805965,0.1122623212,-0.6193578379,-0.7747269708,-0.7528338701,0.2487127926,0.1071319985,0.3603000863,-0.1575748399,0.1995446545,-0.5140419919,0.2091223702,0.1560851435,-0.0889576087
-0.5317874822,-0.2982299258,0.8946308766,-0.0010802719,-0.0264394245,-0.6490614446,0.7602756283,-0.1529685177,0.0367511751,0.1104586528,0.1795466471,0.1750028723,-0.0873816776,0.0533046380,-0.0514251396,-0.4263888854,0.1340232243,-0.0968002959,0.0092359587,0.0682357576,-0.0125842438,0.1189705655,-0.6131175488,-0.7583867928,-0.7547272404,0.2616886228,0.1096636161,0.3357477644,-0.1683556610,0.2298084508,-0.5324932008,0.2280901135,0.1551441869,-0.1105578996
-0.5276606606,-0.2914892054,0.8945939070,-0.0005961953,-0.0227447651,-0.6510246826,0.7587154821,-0.1764196207,0.0537789148,0.1055145878,0.1979070044,0.2108438915,-0.1556155715,0.0404972709,-0.0534906824,-0.4202252074,0.1334053476,-0.0967373296,0.0125447288,0.0702672042,0.0026073912,0.1288685895,-0.6017432774,-0.7392426674,-0.7430827983,0.2752689431,0.1097150701,0.3009663598,-0.1772147242,0.2473666583,-0.5562135028,0.2441464726,0.1523335959,-0.1338456162
-0.5231183114,-0.2868131094,0.8940231151,-0.0029299066,-0.0215106017,-0.6556659516,0.7547389414,-0.1817330323,0.0747559513,0.0607530317,0.2101977243,0.2174908763,-0.2329026601,0.0345293359,-0.0553875861,-0.4084126041,0.1351907046,-0.0953494082,0.0165288746,0.0676580877,0.0243003282,0.1482094760,-0.5957993560,-0.7191590512,-0.7290974183,0.2856915738,0.1054624625,0.2644914244,-0.1816342718,0.2548833270,-0.5846782665,0.2547270987,0.1475578218,-0.1534424200
-0.5186289503,-0.2837089700,0.8941890984,-0.0055624996,-0.0232968615,-0.6615699277,0.7495008643,-0.1700253328,0.0969693806,0.0016816323,0.2163812613,0.1968875763,-0.2657807101,0.0345503702,-0.0604479600,-0.3945277758,0.1361828277,-0.0926348415,0.0211401790,0.0613227331,0.0481824021,0.1727270710,-0.5978703672,-0.6969119366,-0.7217784553,0.2937328640,0.0988398286,0.2302003958,-0.1850120982,0.2573235975,-0.6184834796,0.2570592270,0.1392747957,-0.1704402863
-0.5140401538,-0.2823982189,0.8942851469,-0.0083698898,-0.0256979075,-0.6681681975,0.7435192145,-0.1465383914,0.1234090993,-0.0191968327,0.2252263863,0.1789487523,-0.2611298382,0.0376891704,-0.0657277027,-0.3801824940,0.1359931827,-0.0889058895,0.0260792706,0.0534681283,0.0706697145,0.1964938826,-0.6092004156,-0.6697824821,-0.7221996677,0.3014966557,0.0917358850,0.2008865363,-0.1898046939,0.2628508146,-0.6557064506,0.2534791259,0.1282103753,-0.1857740661
-0.5093373637,-0.2826647644,0.8930757048,-0.0123647381,-0.0260282876,-0.6754190436,0.7368709229,-0.1195030889,0.1534546207,-0.0090416831,0.2340505036,0.1836797961,-0.2316180191,0.0406894988,-0.0665880021,-0.3636993790,0.1357951359,-0.0851143678,0.0312662459,0.0500135925,0.0884555035,0.2139239168,-0.6133425900,-0.6348368071,-0.7234462466,0.3107677234,0.0812640221,0.1750409370,-0.1921448710,0.2682913070,-0.6936797687,0.2452530301,0.1154116926,-0.2009614977
-0.5043012433,-0.2838987451,0.8907654242,-0.0172913261,-0.0242907044,-0.6830495871,0.7297631351,-0.0892750841,0.1747114860,-0.0127681147,0.2267158727,0.1911086422,-0.2105937831,0.0425676628,-0.0638712702,-0.3461457955,0.1360802405,-0.0814816812,0.0366412545,0.0508955026,0.1028196404,0.2234466435,-0.6024695891,-0.5927546085,-0.7242329846,0.3219394346,0.0649878106,0.1522939536,-0.1923454723,0.2672381527,-0.7293397306,0.2378837233,0.1039099207,-0.2150151982
-0.5005071096,-0.2857437874,0.8909008987,-0.0194011582,-0.0229641732,-0.6896380899,0.7235299211,-0.0564861455,0.1798501241,-0.0139462599,0.1952766913,0.1573939271,-0.1983998589,0.0436187155,-0.0634449732,-0.3290563897,0.1337426918,-0.0775697238,0.0413374692,0.0456125090,0.1150506046,0.2234849095,-0.5864999850,-0.5528781407,-0.7271133331,0.3301391811,0.0429132390,0.1301709337,-0.1948331682,0.2601802790,-0.7613656813,0.2350197561,0.0947824919,-0.2273951421
-0.4969447132,-0.2887611839,0.8917038789,-0.0213906808,-0.0240947666,-0.6919731865,0.7212038478,-0.0241164041,0.1737838287,0.0069483791,0.1659599663,0.1136588385,-0.1859160432,0.0508298914,-0.0656472608,-0.3180926005,0.1313930138,-0.0745077305,0.0458723121,0.0261122439,0.1269017187,0.2183665472,-0.5771818522,-0.5227157598,-0.7405025710,0.3303184829,0.0189606039,0.1144970535,-0.1982129872,0.2488591710,-0.7862891923,0.2353376549,0.0899229459,-0.2379029241
-0.4920998145,-0.2922595825,0.8935293873,-0.0216915676,-0.0281373174,-0.6904692189,0.7224887715,0.0011911151,0.1614897184,0.0294074281,0.1428698797,0.0763306748,-0.1734352375,0.0626580782,-0.0749676288,-0.3155827901,0.1282156208,-0.0715838607,0.0511181364,0.0027509701,0.1343919459,0.2087703778,-0.5754098877,-0.5062644673,-0.7607768945,0.3224753334,-0.0006347214,0.1091912295,-0.2034750146,0.2359547575,-0.8021171751,0.2372249463,0.0900238292,-0.2464263228
-0.4867614752,-0.2953086773,0.8958816905,-0.0209997751,-0.0328544764,-0.6887402403,0.7239588899,0.0189460219,0.1471795078,0.0396475497,0.1271854294,0.0536218382,-0.1621470098,0.0744631944,-0.0870837151,-0.3174409369,0.1239249557,-0.0683250374,0.0567447586,-0.0118444846,0.1348647165,0.1968914133,-0.5754655078,-0.5026277579,-0.7808196918,0.3100004479,-0.0123130592,0.1151243522,-0.2066270455,0.2204119169,-0.8086985730,0.2354836171,0.0938179974,-0.2544740056
-0.4812357544,-0.2979007322,0.8974103074,-0.0208524667,-0.0358840724,-0.6887054196,0.7238524387,0.0328714116,0.1357602249,0.0386623401,0.1159203147,0.0407242532,-0.1535152595,0.0836006778,-0.0969236589,-0.3197381451,0.1195334053,-0.0649973082,0.0625563505,-0.0121793068,0.1279855205,0.1855925541,-0.5668235052,-0.5063677328,-0.7915489125,0.2983399097,-0.0185355738,0.1308114918,-0.2058545057,0.2038506877,-0.8042395484,0.2298647750,0.1014049208,-0.2611351709
-0.4757789943,-0.2998810334,0.8979552719,-0.0211405523,-0.0367653504,-0.6900068707,0.7225592740,0.0425740858,0.1284990127,0.0365396428,0.1082081349,0.0331315594,-0.1474804517,0.0886897212,-0.1039541022,-0.3227128101,0.1160497138,-0.0616229034,0.0683747712,-0.0009350969,0.1149632718,0.1765551047,-0.5500681122,-0.5160680989,-0.7903636861,0.2896026670,-0.0198477019,0.1524938920,-0.2017403944,0.1919781400,-0.7876836877,0.2209134764,0.1128581505,-0.2638164630
-0.4704242541,-0.3015325710,0.8981301107,-0.0218325196,-0.0378928156,-0.6909980571,0.7215325084,0.0501012701,0.1216942755,0.0347005532,0.1044119642,0.0284290346,-0.1424877545,0.0934878557,-0.1109236205,-0.3261919660,0.1142371003,-0.0586029872,0.0740095809,0.0151518154,0.0997830657,0.1686553325,-0.5330493971,-0.5310453058,-0.7822753503,0.2830495704,-0.0158006494,0.1775082681,-0.1977118154,0.1889937901,-0.7598255947,0.2088456858,0.1277367297,-0.2616303835
-0.4649624447,-0.3028034620,0.8982982705,-0.0226434654,-0.0399571427,-0.6905568304,0.7218185120,0.0559142663,0.1134936320,0.0274109682,0.1032554745,0.0258693700,-0.1379826666,0.0995971458,-0.1186113070,-0.3274071602,0.1131434549,-0.0557529022,0.0794261115,0.0304295545,0.0847893951,0.1608466182,-0.5239682476,-0.5497806275,-0.7700587326,0.2785826112,-0.0070549449,0.2034614726,-0.1957817484,0.1969907084,-0.7212265333,0.1955044518,0.1461658398,-0.2523906965
-0.4596853533,-0.3039669775,0.8985320498,-0.0232431607,-0.0419728255,-0.6897474680,0.7224586270,0.0602436506,0.1054261096,0.0223526726,0.1034280215,0.0245654295,-0.1335850764,0.1056084052,-0.1260235065,-0.3274677209,0.1117662165,-0.0527218151,0.0846359545,0.0439771761,0.0698754219,0.1519989243,-0.5187266245,-0.5707541061,-0.7551992180,0.2759929402,0.0057804263,0.2272130730,-0.1949227424,0.2139301391,-0.6749356032,0.1839511452,0.1663156732,-0.2354754010
-0.4548558893,-0.3049794834,0.8988512716,-0.0235291485,-0.0431726420,-0.6892994940,0.7228061356,0.0629804619,0.0987905857,0.0218302254,0.1038303248,0.0242478216,-0.1293002610,0.1099722553,-0.1323149946,-0.3276855266,0.1099355721,-0.0491981466,0.0895639633,0.0544448436,0.0560494432,0.1426410011,-0.5150853530,-0.5918873834,-0.7423002815,0.2738828082,0.0204766901,0.2458889357,-0.1932285159,0.2343626056,-0.6256583086,0.1793374471,0.1873793613,-0.2112346545
-0.4507108081,-0.3055809725,0.8991485440,-0.0233154099,-0.0429920191,-0.6895318712,0.7226021565,0.0633792929,0.0940991569,0.0248592114,0.1039667223,0.0242308012,-0.1251348102,0.1110427863,-0.1370948473,-0.3296105685,0.1080083074,-0.0451225202,0.0941911753,0.0609356632,0.0448382973,0.1340167212,-0.5123764203,-0.6113330602,-0.7318887672,0.2729659148,0.0349462263,0.2568307013,-0.1892414673,0.2519311010,-0.5800142852,0.1847805556,0.2064347028,-0.1814244421
-0.4472307041,-0.3058996572,0.8994373354,-0.0226417983,-0.0422127625,-0.6906803705,0.7215719350,0.0629207733,0.0900938088,0.0285408227,0.1035564325,0.0240800632,-0.1212486578,0.1096129514,-0.1413419213,-0.3308807953,0.1063918891,-0.0409070881,0.0983435222,0.0659649879,0.0365338975,0.1260242016,-0.5104267295,-0.6295959561,-0.7242144177,0.2718351325,0.0479336170,0.2620591278,-0.1842431398,0.2676022771,-0.5436072221,0.1983927552,0.2202120408,-0.1493311291
-0.4443453556,-0.3062161940,0.8996669787,-0.0222839587,-0.0417552814,-0.6922728925,0.7200820537,0.0635634130,0.0866310626,0.0317957538,0.1030601082,0.0235937730,-0.1178720875,0.1080798582,-0.1450684389,-0.3297491845,0.1057748495,-0.0371667467,0.1019210035,0.0661644769,0.0323337581,0.1191860640,-0.5091939608,-0.6458294542,-0.7193750852,0.2701589306,0.0584915512,0.2621954681,-0.1798588675,0.2774136521,-0.5189931206,0.2160662196,0.2270819219,-0.1197725419
-0.4420692713,-0.3063337158,0.8998037308,-0.0223448622,-0.0413388188,-0.6936775288,0.7187512054,0.0643657469,0.0844235798,0.0344870163,0.1027092517,0.0230612121,-0.1151137549,0.1066536682,-0.1474665268,-0.3269655550,0.1057748056,-0.0339673867,0.1047851076,0.0605627075,0.0319254274,0.1142165591,-0.5107145377,-0.6584268631,-0.7162247157,0.2689846049,0.0667176515,0.2588636867,-0.1770853047,0.2799678157,-0.5058900386,0.2308967564,0.2275249686,-0.0977622031
-0.4400974448,-0.3060747474,0.8998664248,-0.0226411348,-0.0409257095,-0.6948797530,0.7176033683,0.0646818455,0.0828949126,0.0361810123,0.1028035978,0.0227059500,-0.1127867799,0.1050789611,-0.1491287560,-0.3238804447,0.1060603074,-0.0310876135,0.1070525302,0.0517446459,0.0342081677,0.1106335956,-0.5133124466,-0.6667459222,-0.7127764838,0.2687464970,0.0727728315,0.2538712546,-0.1748760376,0.2721565162,-0.5021304789,0.2354426300,0.2237522783,-0.0855102712
-0.4386063374,-0.3056926249,0.8998781545,-0.0233278802,-0.0406011000,-0.6966720996,0.7158598650,0.0654700206,0.0822974325,0.0391361534,0.1035626547,0.0223274192,-0.1108332684,0.1035210659,-0.1499806274,-0.3201137879,0.1064597518,-0.0285382272,0.1087294338,0.0429412846,0.0380198062,0.1085969089,-0.5156161299,-0.6697493032,-0.7088981829,0.2699625515,0.0759520263,0.2479798000,-0.1713038195,0.2535076836,-0.5060424713,0.2292707577,0.2160728034,-0.0823196919
-0.4374290857,-0.3053789129,0.8998611982,-0.0244131271,-0.0405271945,-0.6993569577,0.7132050136,0.0674647466,0.0822078470,0.0448468956,0.1047879504,0.0216856726,-0.1091243627,0.1023188104,-0.1504657002,-0.3147214265,0.1067508121,-0.0263133339,0.1099751744,0.0382574838,0.0420053227,0.1082392392,-0.5200168697,-0.6676300995,-0.7053893947,0.2718955873,0.0762091768,0.2434384215,-0.1671886432,0.2338371074,-0.5159084482,0.2160404880,0.2059478704,-0.0859617236
-0.4365331580,-0.3051462927,0.8998405982,-0.0257079493,-0.0404175859,-0.7033629080,0.7092151576,0.0707116986,0.0826534444,0.0538769661,0.1058427710,0.0205308016,-0.1078216394,0.1008446640,-0.1504868178,-0.3066951098,0.1063959052,-0.0244465972,0.1107257878,0.0386600605,0.0447340595,0.1086180356,-0.5264583724,-0.6600721295,-0.7020715803,0.2749868249,0.0736096804,0.2395781649,-0.1645678746,0.2196875666,-0.5298305408,0.2006679819,0.1946904340,-0.0946241924
-0.4364811146,-0.3044703392,0.8998059925,-0.0270952079,-0.0395139508,-0.7074484356,0.7051391412,0.0729057564,0.0852696813,0.0633608909,0.1064255564,0.0195447773,-0.1073188875,0.0980638562,-0.1482033758,-0.2988036100,0.1057358907,-0.0229617861,0.1105503904,0.0413642012,0.0453491847,0.1105710368,-0.5314976116,-0.6484458945,-0.6977766103,0.2794918008,0.0696311793,0.2357099018,-0.1613369383,0.2092159591,-0.5459375681,0.1873367874,0.1833491206,-0.1060168342
-0.4376383778,-0.3027709901,0.8998926196,-0.0278295628,-0.0372500275,-0.7127940311,0.6998304224,0.0722727908,0.0901845895,0.0754580805,0.1067022239,0.0192683170,-0.1080899589,0.0901028753,-0.1438534675,-0.2889144726,0.1058071081,-0.0199919242,0.1087756862,0.0418819286,0.0443778352,0.1166888346,-0.5388218319,-0.6350371501,-0.6894550527,0.2844528623,0.0653179034,0.2304129475,-0.1584403209,0.2078875099,-0.5631513479,0.1798824659,0.1729507583,-0.1183604631
-0.4423923374,-0.2986453034,0.8998838385,-0.0265692561,-0.0338935076,-0.7190992537,0.6935716027,0.0653269519,0.0983858271,0.0902027278,0.1073184951,0.0214592406,-0.1116050253,0.0732482707,-0.1367784424,-0.2755875639,0.1088530394,-0.0152367453,0.1038873957,0.0497236535,0.0360444489,0.1174779902,-0.5115891952,-0.6123181856,-0.6713638628,0.2928856583,0.0567777395,0.2212663680,-0.1463521483,0.2030623583,-0.5794783868,0.1759044524,0.1638476051,-0.1321181715
-0.4497697064,-0.2932253377,0.8995715734,-0.0253859523,-0.0393558712,-0.7238581582,0.6883574912,0.0816363631,0.0970627043,0.1157370232,0.0888821314,0.0253680992,-0.1236359063,0.0739013027,-0.1380023865,-0.2620768477,0.1069598242,-0.0126798844,0.0892538918,0.0662739421,0.0300315125,0.0676362993,-0.3734243452,-0.4992122444,-0.5722903828,0.3643129435,0.0451473136,0.2679224724,-0.0835674678,0.1736106402,-0.5943364881,0.1786696197,0.1660386957,-0.1901854587
-0.4622047229,-0.2850293886,0.8986979852,-0.0142282116,-0.0422558630,-0.7223442776,0.6900947360,0.0592035903,0.0940180772,0.1080074893,0.0885614305,0.0481485870,-0.1455296911,0.0459574589,-0.1435990703,-0.2703772561,0.1226768344,-0.0066032803,0.0618367620,0.0766372138,-0.0034291799,0.0454453013,-0.3326612473,-0.4836037336,-0.3787203266,0.4572161691,0.1366986062,0.3031590857,-0.0143187044,0.1364186529,-0.6442318509,0.1729947495,0.1615860745,-0.2700756885
-0.4837945045,-0.2736783643,0.8964373717,0.0052814811,-0.0389383169,-0.7095669387,0.7035415218,-0.0032983342,0.1012995839,0.0916591025,0.0987037408,0.0773806177,-0.1586751872,-0.0037374310,-0.1390131245,-0.2865080814,0.1425846340,0.0052999747,0.0413794978,0.0894853999,-0.0498449801,0.0468505216,-0.3632986523,-0.5269490336,-0.3364852693,0.4492317660,0.1656136831,0.2887508659,-0.0002226419,0.1600367463,-0.6647458013,0.1588019149,0.1497683690,-0.2753860545
-0.5138282514,-0.2609126223,0.8921000494,0.0161003065,-0.0394879287,-0.6916879564,0.7209363735,-0.0522452832,0.1209707574,0.0568489170,0.1107121909,0.1159363091,-0.1893198898,-0.0363959033,-0.1224070697,-0.3313636544,0.1719887683,0.0070461474,0.0040111445,0.1063965716,-0.0669494685,0.0587548880,-0.4647702168,-0.5912126351,-0.2988940291,0.4174691875,0.2002187475,0.2830660934,-0.0192216588,0.2753081434,-0.6521535465,0.1608347837,0.1527446800,-0.2543147666
-0.5507070669,-0.2467199229,0.8866710149,0.0192612654,-0.0373059638,-0.6819361060,0.7302057354,-0.0852054324,0.1580121608,0.0323351502,0.1060651559,0.1643264949,-0.2371168619,-0.0740993047,-0.0904739194,-0.3961576688,0.2020900117,0.0242154668,-0.0394076459,0.1238818500,-0.0242541149,0.1344771781,-0.5713201181,-0.7111436122,-0.3071601927,0.3587406541,0.3041404316,0.2078415640,-0.0887703597,0.4313453037,-0.5675828254,0.2400032892,0.1751657346,-0.1468036328
-0.5923099299,-0.2334074174,0.8802626557,0.0145577128,-0.0369558111,-0.6932347782,0.7196164835,-0.0897443935,0.2145556628,0.0463445945,0.1067070231,0.1960569349,-0.2804384238,-0.1180603857,-0.0480677695,-0.3999933046,0.2474943344,0.0712528512,-0.0138633510,0.1606513639,0.0316067920,0.2567216188,-0.6221463258,-0.8061476649,-0.4091619866,0.3474155202,0.3967481937,0.1371800357,-0.1986620514,0.6086170543,-0.5532398087,0.3558984014,0.1727253031,-0.0900788980
-0.6360604322,-0.2198916995,0.8715744572,0.0157185859,-0.0386795376,-0.7182291586,0.6945528743,-0.0792876134,0.2681172972,0.0880408431,0.1061042713,0.2302626537,-0.3338807018,-0.1836092262,-0.0187732339,-0.3294806753,0.3236973581,0.1192116649,0.1327314574,0.1380052253,0.1300140176,0.4484393289,-0.6852369153,-0.8716773494,-0.4840279613,0.3397224405,0.4590789088,0.0305219255,-0.3498308400,0.8098706806,-0.6357569182,0.4866649598,0.1579111207,-0.0815298307
-0.6805524886,-0.2075331119,0.8583924209,0.0203608125,-0.0507918607,-0.7437435395,0.6662215635,-0.0564000839,0.3046144549,0.1371014368,0.1125535716,0.2886474671,-0.3749992919,-0.2544515989,-0.0093525927,-0.2573760230,0.4445181628,0.1341532221,0.2128994707,0.1078653380,0.2199373607,0.6658266393,-0.8092446363,-0.8738935599,-0.5600471259,0.3291355734,0.4446682183,-0.1359737415,-0.5453874010,1.0433331139,-0.7884455614,0.5739456826,0.1579680567,-0.1328640822
-0.7255549607,-0.1958799241,0.8423613618,0.0166107531,-0.0679593224,-0.7614175662,0.6444756809,-0.0380566321,0.3419714232,0.1783000058,0.1390632887,0.3958089339,-0.3732222968,-0.2704442248,-0.0555239798,-0.4076449976,0.5627315838,0.1121326700,0.0011916745,0.0755982791,0.3058219637,0.8749861835,-0.9718386615,-0.8286045839,-0.7003674850,0.2934198964,0.3527643801,-0.3088683927,-0.7239405862,1.2197734503,-0.9764587295,0.5992145657,0.1637413805,-0.2180847627
-0.7729551213,-0.1852327636,0.8224682148,0.0082336901,-0.0885016946,-0.7710189978,0.6305785925,-0.0660560832,0.3801392334,0.2338961887,0.2292209415,0.5061400000,-0.2480474568,-0.2238031642,-0.0147827976,-0.3638659258,0.5424359782,0.0853471651,-0.1814516728,0.0744871290,0.3831013982,0.9837848079,-1.0533522560,-0.6900960952,-0.7576411398,0.2374684595,0.2145574768,-0.4417725160,-0.8954503362,1.2913291966,-1.1453150335,0.5615291119,0.1614390536,-0.3110147022
-0.8217728861,-0.1727097876,0.8020155665,0.0000443487,-0.1032299904,-0.7701292241,0.6294795829,-0.1914637206,0.4267532134,0.2491368091,0.4161760088,0.5061400000,0.0037105042,-0.1357998395,0.0769324898,-0.3495375621,0.4551190753,-0.1140919955,-0.2999532872,0.0901838544,0.4622976697,0.9968359898,-1.0695197713,-0.4486953431,-0.6615797117,0.3011760542,0.0432361714,-0.5611664324,-1.0285199092,1.3170940555,-1.2677786052,0.4397581508,0.1521826173,-0.4312626323
-0.8662850052,-0.1481079174,0.7848699360,0.0050531300,-0.0943332044,-0.7846828053,0.6126570064,-0.3575410892,0.4368410753,0.1966478168,0.5603189745,0.5061400000,0.1246475541,-0.1281346726,0.1745300000,-0.3312355679,0.3881891015,-0.2259986674,-0.4023051968,0.1498949745,0.6355610819,0.9975054529,-1.0725419396,-0.3160430020,-0.6227496065,0.3597860779,-0.1181516772,-0.7133699034,-1.0426198187,1.3437464325,-1.2583386192,0.3158916046,0.1585489692,-0.5737746674
-0.9025795347,-0.1190172778,0.7783080585,0.0447547729,-0.0891305249,-0.8241199088,0.5575653646,-0.5539241364,0.3344015521,0.0933273085,0.7371357981,0.4030679994,0.1639729989,-0.2221163665,0.1745300000,-0.2721959696,0.4396042342,-0.2236660686,-0.4508076173,0.2446957296,0.8814515816,0.8768714309,-0.9840589017,-0.3737452055,-0.8105571482,0.2469974774,-0.1900646905,-0.9116285638,-0.9389009762,1.3665878717,-1.1378764534,0.3026856246,0.2006061527,-0.6261242296
-0.9390789380,-0.0903240103,0.7829217241,0.0933934426,-0.0942479849,-0.8609017998,0.4911650164,-0.6977647765,0.1430087799,-0.0072183178,0.7925679264,0.3375847468,0.0705255395,-0.2515106798,0.1745300000,-0.1757924691,0.3857786444,-0.1805370559,-0.4841616334,0.3051857282,1.0471999600,0.6408715612,-0.9604517881,-0.4720263166,-0.9555246946,0.1351537252,-0.1612170258,-1.0273183522,-0.7596755429,1.2932798243,-1.0371112136,0.3094410202,0.2501562293,-0.6253775552
-0.9816901363,-0.0617644613,0.7918380254,0.1499493798,-0.0981951361,-0.8774544621,0.4449118628,-0.8329087688,-0.0426091036,-0.0089515707,0.7155344427,0.2959566086,-0.0099005027,-0.2819120415,0.1745300000,-0.1085594556,0.3107823088,-0.1453135441,-0.4957368863,0.3751826402,1.0471999987,0.4493555107,-1.0535930391,-0.5317953489,-0.9555833438,0.1089557947,-0.1264541430,-1.0414422869,-0.6820192264,1.1370414579,-1.0299266114,0.2730386283,0.2452026653,-0.6681977226
-1.0339995652,-0.0305024005,0.8007802878,0.2107769326,-0.0945129262,-0.8822215861,0.4102748646,-0.9726942291,-0.1745299861,0.1024204276,0.5749942317,0.2665923983,-0.0925536176,-0.3170714315,0.1745300000,-0.0330175245,0.2254983025,-0.1143151986,-0.3522060612,0.4474291193,1.0471999976,0.2950659177,-1.0853498575,-0.5810661903,-0.8974284484,0.1094132922,-0.0860109887,-0.9946589405,-0.6789105557,1.1091840178,-1.0526647484,0.2244840926,0.2193676384,-0.7181878430
-1.1026285752,0.0081103559,0.7991699392,0.2559162452,-0.0771919089,-0.8829490203,0.3859395189,-1.1125783456,-0.1745300000,0.2554159923,0.5108401048,0.2654099410,-0.1184383692,-0.3701296053,0.1745300000,-0.0130481180,0.1995795591,-0.0782151355,-0.2415106948,0.4895115352,1.0468617166,0.2378096075,-1.0820651665,-0.6063041946,-0.8807261732,0.1072215662,-0.0695190506,-0.9684351275,-0.6923391157,1.1313609902,-1.0518591131,0.2241519026,0.2167349403,-0.7156197747
-1.1697080539,0.0324897347,0.7793330581,0.2771745085,-0.0886469163,-0.8779127129,0.3802437173,-1.2965578499,-0.1745300000,0.7355548223,0.7555258280,0.1466707045,-0.1753507597,-0.2901095511,0.1745300000,0.0426692206,0.1252938075,-0.0196223388,0.3857504069,0.4967052476,1.0472000000,0.1050171697,-1.1636013725,-0.6734465764,-0.8525108850,0.0977129871,0.0163665880,-0.8252876190,-0.8029839329,1.2711981778,-1.0111532369,0.2186351586,0.2221880701,-0.6799463614
-1.2427529768,0.0651729881,0.7539478768,0.2949981951,-0.0741976989,-0.8760061896,0.3742778676,-1.3678207678,-0.1745300000,0.8637688096,0.8297469889,0.1675034899,-0.1616869799,-0.2495729998,0.1745300000,0.0622656193,0.1416390329,0.0225123303,0.4069190369,0.4875222327,1.0466124555,0.0832332992,-1.1695266791,-0.6926979220,-0.8669864878,0.0952339198,0.0391025272,-0.7912560820,-0.8258788430,1.3041224027,-0.9934082482,0.2122583242,0.2275732616,-0.6746835559
-1.3160145927,0.0966110040,0.7155013190,0.3089216727,-0.0653716118,-0.8763123998,0.3638276109,-1.4078432804,-0.1745300000,0.9829747664,0.8989902584,0.1933994499,-0.1160480262,-0.1791338691,0.1745300000,0.0782541298,0.1809263603,0.0865611120,0.4183402559,0.4691193852,1.0242261621,0.0611811788,-1.1680534572,-0.7149750964,-0.8879071665,0.0929877844,0.0678376693,-0.7567032166,-0.8598581322,1.3286313576,-0.9585346610,0.2003958726,0.2406065208,-0.6692286247
-1.3854650093,0.1297136710,0.6774781422,0.3165466468,-0.0635752267,-0.8758114417,0.3587627760,-1.3518325877,-0.1745300000,1.1187605829,0.9178620631,-0.1146944190,0.4973076251,-0.0863510485,0.1745300000,0.1241381727,0.1579295569,0.4376341098,0.4017837356,0.4208590140,0.9769329551,0.0378516110,-1.1303667367,-0.7461251000,-0.9719635992,0.1048486682,0.1976084332,-0.6713663013,-0.9083178104,1.3122568092,-0.7601280930,0.0528212448,0.3082487458,-0.6594445374
-1.4391308381,0.1631090296,0.6506426240,0.3373126832,-0.0517717129,-0.8645033394,0.3690173705,-1.4055275698,-0.1745300000,1.0527811679,0.9349493034,-0.1579987545,0.5061399998,-0.0596450057,0.1745300000,0.3994705403,0.0499532520,0.5059758809,0.5061360776,0.3380975572,0.8647377057,0.0630304012,-1.0602444612,-0.7462413502,-0.9982737532,0.1252578475,0.2618481840,-0.6869929086,-0.9274373043,1.2166044542,-0.6461062316,-0.0475468769,0.3335306747,-0.6469729085
-1.4872019443,0.1965039330,0.6220969119,0.3810822755,-0.0710496470,-0.8356183714,0.3891917063,-1.5269224317,-0.1745300000,1.0230379400,1.0251598312,-0.1780330094,0.4571444696,-0.1563177941,0.1745300000,0.5408746747,0.1117544213,0.4003878555,0.5061400000,0.2342232819,0.6811428712,0.1041986986,-1.0695141536,-0.7557643757,-1.0262453738,0.1469288236,0.3604088350,-0.7104025106,-0.9957334756,1.1841493226,-0.5021548668,-0.1819311322,0.3619864534,-0.6321727007
-1.5446133405,0.2180700782,0.6249701989,0.4236128515,-0.0540100426,-0.8151967175,0.3912663787,-1.5933272554,-0.1745300000,0.9301269622,1.0145402016,-0.1932099067,0.3734111839,-0.2048353128,0.1745300000,0.3848228264,0.0832136807,0.4068273407,0.5061400000,0.1693081954,0.4435020497,0.1702285098,-1.0708359825,-0.7720517380,-1.0479682273,0.1829271232,0.4442217764,-0.6987840127,-0.9822660531,1.2020167781,-0.4599209374,-0.2878321958,0.3397136214,-0.6127879701
-1.5973115648,0.2453357910,0.6267788934,0.4598909041,-0.0547296374,-0.7924521230,0.3968937591,-1.6479830694,-0.1566533394,0.8710190539,1.0292666752,-0.1831881819,0.2779892753,-0.2581555588,0.1745300000,0.2175832850,0.0909688650,0.3517654377,0.5061400000,0.0700666662,0.2355244949,0.2324359725,-1.0853953253,-0.7825542442,-1.0085088176,0.2301432491,0.5060386553,-0.6758889223,-0.9272946280,1.2901227506,-0.4543064148,-0.3171408164,0.3035035460,-0.5952753001
-1.6547392512,0.2747296598,0.6273220306,0.5060535536,-0.0696661670,-0.7552820621,0.4106159187,-1.7162388931,-0.1307063871,0.8507481939,1.0691907299,-0.1781917371,0.1631033996,-0.3626990178,0.1745300000,0.0249700649,0.1708485126,0.3294404162,0.5061400000,-0.0513415858,0.0233081750,0.2948915355,-1.0623587840,-0.7941375561,-0.9634510720,0.2558302370,0.5717724792,-0.7698862825,-0.8498126951,1.2508486489,-0.4507346022,-0.3515111111,0.1895338478,-0.9390034762
-1.7128630631,0.3027989639,0.6340081584,0.5410546294,-0.0860508895,-0.7259539651,0.4157474871,-1.7395760711,-0.1134857422,0.8182836414,1.0579975137,-0.1635589776,0.0455411123,-0.4258576702,0.1314117865,-0.2089626945,0.2299194198,0.3403370767,0.5061400000,-0.1966981720,-0.1424744861,0.3740189064,-0.9985617037,-0.8096513508,-0.9270355237,0.2787147311,0.6575021753,-0.7565013889,-0.7657249732,0.9558572187,-0.6046568723,-0.2183769726,0.1060786830,-1.0875018990
-1.7727491533,0.3290974643,0.6407632345,0.5395624204,-0.0783270324,-0.7204181723,0.4286431237,-1.6998962206,-0.0971437003,0.7102598396,1.0199913640,-0.1351665265,-0.0540306956,-0.4525259889,0.1312601245,-0.4019807093,0.3357770598,0.3733169463,0.3932146154,-0.2157294372,-0.2892318984,0.5088876049,-1.0096137695,-0.8504483843,-0.9246361047,0.2822423949,0.7375075125,-0.6070463409,-0.7392083261,0.9415222823,-0.7593648985,-0.0989816841,0.0848343475,-1.1898729216
-1.8297469226,0.3537991482,0.6508600675,0.5214945926,-0.0689799410,-0.7309215067,0.4347860493,-1.6107957801,-0.0736628160,0.5887526865,0.9456540759,-0.0925372275,-0.1460045431,-0.5216206059,0.0836975813,-0.4848114940,0.6169128672,0.3392806964,0.2991317555,-0.1782936121,-0.4093326180,0.6160300876,-0.9859986287,-0.9165914084,-0.9322257680,0.2821742005,0.7739925479,-0.4884093564,-0.6684581163,0.9120861295,-0.8032660712,-0.0298186061,0.1230226796,-1.2570264453
-1.8802393735,0.3778911557,0.6634194449,0.5060948730,-0.0642029115,-0.7427605489,0.4336504729,-1.5072018802,-0.0513561923,0.4854741349,0.8342223107,-0.0365180388,-0.2335237803,-0.7151975867,-0.0528059036,-0.4423034800,1.1306459616,0.2034331787,0.2459871063,-0.0941673906,-0.5195001573,0.6763402160,-0.9447919767,-1.0849101538,-0.9398292094,0.2427073447,0.7820399971,-0.4076092739,-0.5993479317,0.8888873502,-0.7810197729,-0.0153360050,0.1662493234,-1.3051797727
-1.9282521549,0.4016738150,0.6766639368,0.4885653302,-0.0543863112,-0.7550546966,0.4338645553,-1.3922552384,-0.0228218971,0.3837208752,0.6979546744,0.0220286389,-0.3123730881,-0.9032933592,-0.2227789047,-0.3752878226,1.5851988240,-0.0046768578,0.1568944839,0.0451224540,-0.6130098622,0.7301873850,-0.8649729726,-1.3391056716,-0.9521627094,0.1234097132,0.7288700686,-0.3425446712,-0.5265884516,0.8365398045,-0.7058578554,-0.0474979929,0.1958873462,-1.3221468070
-1.9842490586,0.4244398840,0.6950208068,0.4713095976,-0.0307536984,-0.7652701876,0.4373591352,-1.3464985638,0.0575063017,0.3257800683,0.6644900544,0.0368823831,-0.3271029560,-0.9671062829,-0.3469263101,-0.3096126586,1.6901714481,-0.0548800028,0.1367217653,0.1328084237,-0.6475271042,0.7635521892,-0.8475957811,-1.3901962253,-0.9607989140,0.1052597622,0.7312270604,-0.3493489150,-0.4884611610,0.8406639981,-0.7000409723,-0.0580500394,0.1952502643,-1.3174224969
-2.0351393637,0.4489104608,0.7117470503,0.4441975560,-0.0003052514,-0.7814913104,0.4381321374,-1.2848902915,0.1561203148,0.2542339451,0.6141200406,0.0563536782,-0.3492068096,-1.0742107230,-0.5151163030,-0.1925053769,1.7482422035,-0.1144613510,0.1092664027,0.2662079260,-0.6504694080,0.8250363244,-0.8655396555,-1.4516081391,-0.9731953954,0.0763749441,0.7367632612,-0.3439480171,-0.4331712515,0.8648884587,-0.6866666323,-0.0799348092,0.1951744961,-1.3018507663
-2.0861009230,0.4794878621,0.7262202464,0.4191905043,0.0346337469,-0.7952068356,0.4367217801,-1.2331742060,0.2676748490,0.1838183651,0.5452235084,0.0835863765,-0.3792778663,-1.2383637949,-0.6703239102,-0.0548956778,1.6805477692,-0.1690924622,0.0803427056,0.4144140364,-0.6132920898,0.9119259449,-0.9057619258,-1.5043094242,-0.9816625149,0.0449145079,0.7365088975,-0.3460616871,-0.3655483506,0.8739665450,-0.6749674351,-0.1096964320,0.1923939688,-1.2798713782
-2.1393429161,0.5157409579,0.7356493257,0.3976309886,0.0689549579,-0.8030791748,0.4384046643,-1.1979437885,0.3811101080,0.1186357316,0.4658202861,0.1216376196,-0.4144342451,-1.4185989234,-0.7659921222,0.0576097395,1.4956916400,-0.2035955398,0.0536503847,0.5408983038,-0.5359699427,1.0053731597,-0.9572188638,-1.5341957478,-0.9799466652,0.0218902785,0.7254960071,-0.3630440639,-0.2885390976,0.8406691036,-0.6720827002,-0.1440189433,0.1832461045,-1.2496051985
-2.1989203670,0.5621709874,0.7447621301,0.4207479548,0.1163785825,-0.7852889817,0.4390312054,-1.2892445442,0.4768465235,0.0750957750,0.3682605385,0.1467423340,-0.4103455508,-1.6423123581,-0.8009675165,0.1144673651,1.2492875703,-0.2253628425,0.0421157919,0.6106975163,-0.4809135991,1.0220054229,-0.9678012493,-1.5455734755,-0.9578694308,0.0160957840,0.7182426261,-0.4270635755,-0.2402895164,0.7826074540,-0.6937609570,-0.1721764255,0.1600623577,-1.2173873147
-2.2660700339,0.6154682021,0.7313146851,0.4279690996,0.1423922142,-0.7760198424,0.4408629166,-1.3246178250,0.5738238747,0.0315517575,0.3095373367,0.1609824865,-0.3799862080,-1.7971962323,-0.7915302608,0.1926303061,1.0015255892,-0.2200438374,0.0323853732,0.6498541384,-0.4134119426,0.9920569285,-0.9604841462,-1.5394528107,-0.9052119290,0.0177685621,0.7081313286,-0.4936623485,-0.1847391261,0.7333906092,-0.7306267259,-0.2007925766,0.1295598379,-1.1665081171
-2.3410041326,0.6709725528,0.7081045454,0.4175577228,0.1575277988,-0.7741163945,0.4489703203,-1.3126948672,0.6607397217,0.0034316271,0.2925708710,0.1693115929,-0.3661915302,-1.7932468780,-0.7442756274,0.3168805654,0.8092654845,-0.1903990618,0.1136758366,0.6527457267,-0.3377853932,0.9204920364,-0.9201936918,-1.5083257964,-0.8169122165,0.0304555699,0.6916855717,-0.5497942771,-0.1528528529,0.7340176521,-0.7550495148,-0.2017955301,0.1180493374,-1.1166207227
-2.4162862643,0.6856274652,0.6877725657,0.2652637359,0.0926526650,-0.8332544662,0.4761697478,-0.7431712264,0.6887162683,-0.0770640762,0.2199799026,0.2122230667,-0.3214339068,-0.9607573411,-0.6436095181,0.5598595810,0.4151963249,-0.2708230860,0.5061399911,0.8446074991,0.2326203373,0.9400098352,-0.7449821186,-1.2695785288,-0.4071246529,0.1462750048,0.5255205758,-0.3084540533,0.1135510094,0.4448940176,-0.6141233896,-0.2260850520,0.1702493176,-0.8021518069
-2.4658515518,0.7212923754,0.6934376674,0.2177955573,0.0818753679,-0.8296154644,0.5075428066,-0.6170320690,0.6627033464,-0.0299069234,0.2109280294,0.2883954247,-0.2323949346,-0.8256551239,-0.5944356214,0.4358862401,0.4312515710,-0.2033458022,0.5061400000,0.6089470219,0.5961707710,0.7632658739,-0.4456939021,-1.1065741737,-0.0656796783,0.2792795335,0.4880100414,-0.2818472900,0.2319517694,0.5059463822,-0.5740424588,-0.1098340074,0.1636951602,-0.5386938147
-2.5096166838,0.7575354471,0.7074904701,0.2113713050,0.0804330982,-0.8233111895,0.5205875271,-0.5950177538,0.5985916603,0.0480944605,0.2664490567,0.3044856686,-0.1967396789,-0.8248433867,-0.5320289839,0.4096613525,0.4564533229,-0.1825047724,0.5061400000,0.4904953169,0.6423686338,0.6985954199,-0.4633042542,-1.0801904151,-0.0327807130,0.2962016026,0.4725374793,-0.2826624463,0.2312474196,0.5523334221,-0.5816230624,-0.0945201841,0.1585635361,-0.5065257124
-2.5510719026,0.7844921653,0.7281842088,0.1966973729,0.0726113678,-0.8230735957,0.5278139717,-0.5389677449,0.5330396589,0.1777316290,0.3319937336,0.2982931278,-0.1614035057,-0.7970335480,-0.4669731396,0.3828737981,0.4829389550,-0.1724167138,0.5061396426,0.3786757039,0.6877301464,0.6396407054,-0.5200009201,-1.0462203004,-0.0153478228,0.3181013288,0.4487145535,-0.2617529651,0.2226266881,0.6047733395,-0.5850844859,-0.0788820381,0.1557136091,-0.4739768568
-2.5821451251,0.8091028084,0.7550292477,0.1844448873,0.0681755731,-0.8241368054,0.5311597695,-0.4769104861,0.4779543577,0.2859767449,0.3694738721,0.2732561987,-0.1017356972,-0.7750025864,-0.4061414767,0.3506240499,0.4936040809,-0.1565137683,0.4943769642,0.2965807290,0.7052158700,0.5726543109,-0.5583972273,-1.0204433404,-0.0205476442,0.3366043331,0.4335173787,-0.2252636500,0.1955173203,0.6435586162,-0.5819969653,-0.0620943532,0.1558577272,-0.4493938239
-2.6063413095,0.8296206734,0.7840937438,0.1697730834,0.0663609114,-0.8225521633,0.5386847578,-0.4144560366,0.4247420182,0.3716905121,0.3864796296,0.2414409027,-0.0649884503,-0.7402839689,-0.3546011053,0.3127437481,0.4877908458,-0.1357208933,0.4707235179,0.2180210999,0.7034801280,0.5177011051,-0.5987779937,-1.0010258613,-0.0580246661,0.3488549830,0.4366022089,-0.1845733505,0.1511403719,0.6616918956,-0.5805109991,-0.0437716451,0.1551869151,-0.4362840366
-2.6290260130,0.8462172013,0.8147850258,0.1559787365,0.0629654577,-0.8187550219,0.5489500879,-0.3571551137,0.3716326909,0.4321118162,0.3929994662,0.2262628792,-0.0390953539,-0.6945482902,-0.3144794131,0.2727162743,0.4666925065,-0.1087481357,0.4399601630,0.1491168425,0.6900062982,0.4806079135,-0.6495098013,-0.9831430966,-0.1242218509,0.3588832174,0.4480759235,-0.1445772374,0.0955093894,0.6692795693,-0.5827736128,-0.0313513131,0.1508861758,-0.4322043435
-2.6507367591,0.8611681942,0.8462851652,0.1438219053,0.0597610038,-0.8145854736,0.5587435800,-0.3057885119,0.3215046596,0.4588875631,0.3892277358,0.2295713328,-0.0243636717,-0.6521457190,-0.2781838093,0.2412214552,0.4369572296,-0.0601071335,0.4044423297,0.1065634165,0.6723677435,0.4422798898,-0.6828833334,-0.9692994925,-0.1909329702,0.3659624241,0.4525024630,-0.1045248591,0.0303396772,0.6603066854,-0.5874999938,-0.0263203117,0.1443490933,-0.4359668812
-2.6726685015,0.8758686180,0.8743391814,0.1364902587,0.0562787881,-0.8101530577,0.5673227744,-0.2664140631,0.2696819137,0.4477818524,0.3697935495,0.2343605069,-0.0148988736,-0.6218420763,-0.2523916881,0.2241045219,0.4032714559,0.0102400105,0.3830492585,0.0812779836,0.6513739064,0.4050609241,-0.6995030994,-0.9587086130,-0.2475781824,0.3706149301,0.4451387558,-0.0653595641,-0.0439257842,0.6454159606,-0.5941640523,-0.0249968789,0.1370560395,-0.4479311662
-2.6956058351,0.8901927751,0.8935425485,0.1263227173,0.0559270655,-0.8017403506,0.5814870116,-0.2350132583,0.2323409235,0.4221571677,0.3362178657,0.2280359127,-0.0288728774,-0.5894659115,-0.2350932585,0.2105102346,0.3744488887,0.0803831315,0.3973473827,0.0615846104,0.6256156840,0.3819155040,-0.7096176171,-0.9497551831,-0.2935281113,0.3734279660,0.4289794861,-0.0235389315,-0.1190835977,0.6290402239,-0.6021524821,-0.0209975293,0.1308183100,-0.4633729460
-2.7188174701,0.9041673695,0.9037572357,0.1116261711,0.0568243614,-0.7865326994,0.6047122478,-0.2092099728,0.2174666268,0.3874882528,0.2974392963,0.2193252332,-0.0622436380,-0.5388730876,-0.2304954120,0.1978805145,0.3523025139,0.1210553800,0.4031192263,0.0387813504,0.5951315319,0.3794059177,-0.7187629733,-0.9423716175,-0.3306249199,0.3744001607,0.4078259411,0.0269970294,-0.1854096269,0.6094452096,-0.6112960872,-0.0152537051,0.1254000102,-0.4779454706
-2.7429289301,0.9170756249,0.9031542863,0.0969483755,0.0515261269,-0.7628356344,0.6372031589,-0.1880281167,0.2110730295,0.3481301114,0.2629020840,0.2097358820,-0.0930007065,-0.4705611970,-0.2595834001,0.1477770532,0.3419528183,0.1293717879,0.3767952402,0.0092431296,0.5589888035,0.3910158199,-0.7226761096,-0.9390494205,-0.3661082872,0.3728051113,0.3829942589,0.0915682165,-0.2431269287,0.5738198093,-0.6198068053,-0.0102392417,0.1208928495,-0.4877895364
-2.7709104236,0.9243403473,0.8942656064,0.0631230602,0.0342723935,-0.7253278797,0.6846461489,-0.0913634338,0.2205584003,0.2452261384,0.1718488462,0.1755021025,-0.1943494287,-0.2432494797,-0.3046652202,-0.1191415431,0.2035391365,0.1697026045,0.1833189579,-0.0377032079,0.5176229373,0.4360307901,-0.7337780630,-0.9193894537,-0.5718245724,0.3161159584,0.1493595523,0.4283183982,-0.3380193666,0.4180136197,-0.7657768904,0.0140769003,0.0774386362,-0.4867507160
-2.7969391157,0.9363239294,0.8745644312,0.0500469225,0.0295193553,-0.6874042217,0.7239470624,-0.0974195721,0.2552986331,0.2636147320,0.1820845524,0.1654600365,-0.1481167020,-0.1506132265,-0.3287636902,-0.1860652664,0.1947704435,0.1899190672,0.2100868161,-0.0360572351,0.4333628655,0.4924573538,-0.7498790847,-0.9767966242,-0.7408407303,0.2387653730,0.0051661383,0.6113064271,-0.3441344840,0.2904228300,-0.8367016674,0.0249377549,0.0815457591,-0.4766934359
-2.8213818728,0.9473154678,0.8464025158,0.0367090012,0.0267973669,-0.6488463449,0.7595609068,-0.1114820861,0.2997503224,0.2675474189,0.2134035383,0.1348613311,-0.1729741433,-0.0770758643,-0.3220386949,-0.1109639460,0.1998640800,0.0315069087,0.2974609889,-0.0265125767,0.3499326301,0.5410922683,-0.7643750777,-1.0586444226,-0.8758491237,0.1900675992,-0.0763473233,0.7718094721,-0.3244460363,0.1959325861,-0.8641005385,0.0219912175,0.0936936583,-0.4487830488
-2.8417124618,0.9571381996,0.8159056332,0.0155181499,0.0262785925,-0.6150408404,0.7879044278,-0.1299929026,0.3552400242,0.2593948358,0.2565733988,0.0372699361,-0.2368530733,-0.0213536577,-0.2843316632,-0.1330269099,0.2265462592,-0.1557522027,0.3143818892,-0.0009310552,0.2849693734,0.5771960304,-0.7636923593,-1.1488135838,-0.9835669647,0.1830429592,-0.1115111035,0.8841904764,-0.2912234474,0.1640325266,-0.8456477562,0.0076886479,0.1130381893,-0.4037289941
-2.8582881220,0.9672736227,0.7947091264,-0.0060802771,0.0338575631,-0.5948298300,0.8031152900,-0.1796211967,0.4257322779,0.2097208088,0.3088309341,-0.0129910857,-0.2852508052,-0.0275252906,-0.2360014912,-0.1878309449,0.2827256478,-0.2108846378,0.3103388193,0.0421989880,0.2463697352,0.5688642547,-0.7042009662,-1.2261305818,-1.0933185235,0.2058209872,-0.0998990057,0.8912217832,-0.2873671193,0.2488146825,-0.7538551570,-0.0387761891,0.1398433533,-0.3355114350
-2.8620329486,0.9757732395,0.7810435523,-0.0203563455,0.0313317346,-0.5938361000,0.8037180027,-0.2110991187,0.4614839885,0.1731976765,0.3717063207,-0.0220150229,-0.3137951260,-0.0449421291,-0.2242685230,-0.1754839837,0.3371729421,-0.2175696766,0.3140784087,0.0706331808,0.3026078890,0.4629595653,-0.5218844130,-1.2463256826,-1.1670863540,0.2610528485,-0.0238994008,0.8018804574,-0.3239492284,0.3447181512,-0.5697558441,-0.0276377475,0.1975611765,-0.2082515608
-2.8539528066,0.9793197741,0.7820375513,-0.0332914952,0.0225403594,-0.6009847474,0.7982486718,-0.1844123098,0.4687230436,0.1941370249,0.3893422779,-0.0239274895,-0.3113021335,-0.0185423665,-0.2260927679,-0.1694765004,0.3221211514,-0.2078743219,0.3309583207,0.0781187454,0.3817202898,0.3082513828,-0.3078492942,-1.2196445268,-1.1422589727,0.3268173817,0.0783373736,0.7123459271,-0.3172160531,0.2912594155,-0.4254456243,0.1299992044,0.2896954890,-0.1332287909
-2.8349808921,0.9841282444,0.7958631853,-0.0348423525,0.0147477940,-0.6187451372,0.7846801694,-0.1283919566,0.4374912395,0.2617812194,0.3638524378,-0.0269118974,-0.2879542823,-0.0021227048,-0.2498559830,-0.1371431655,0.2736679995,-0.1674254360,0.3463486709,0.1064390555,0.4174246985,0.1542593422,-0.1352510823,-1.1723595712,-1.0638708265,0.3807573322,0.1122942835,0.6471569486,-0.3016022785,0.1821497211,-0.4033836722,0.2941114495,0.3506523550,-0.1769337042
-2.8062745254,0.9952755269,0.8167922581,-0.0101977838,0.0164171192,-0.6404944883,0.7677195411,-0.1163401578,0.3574494821,0.3196766212,0.3214060209,0.0079640064,-0.2680190713,-0.0417214259,-0.3092437976,-0.0910161405,0.2193183919,-0.0948743382,0.3571416037,0.1337917315,0.4142835663,0.0083330841,-0.0435576878,-1.1205857875,-0.9163982874,0.4407281993,0.1195324609,0.5769059597,-0.3194069815,0.1646945500,-0.4720009772,0.3785259552,0.3542735950,-0.2409576533
-2.7792434932,1.0032901943,0.8411092355,0.0024577635,0.0202613167,-0.6573883255,0.7532755326,-0.1019646621,0.3051993280,0.3160270365,0.2675446210,0.1220728811,-0.2700332575,-0.0652258290,-0.3368989673,-0.0627068762,0.1606392023,0.0273887536,0.3468303408,0.1253069767,0.4136752505,-0.0756238978,0.0143693936,-1.0278413947,-0.5832345327,0.5170774272,0.1711863044,0.5335280553,-0.3300735028,0.2187763072,-0.6328051100,0.3637933429,0.3073423367,-0.3241667655
-2.7523355272,1.0101819537,0.8631271958,0.0102679024,0.0232718413,-0.6688999831,0.7429170910,-0.1051725706,0.2771173113,0.1870739926,0.2481680560,0.2183234498,-0.3251910718,-0.0883314070,-0.3509957145,-0.0997380988,0.1333456878,0.1306708046,0.2609815946,0.1210037204,0.4164078136,-0.1014673467,0.0100276466,-0.9301571886,-0.2736223835,0.5169271445,0.2082806999,0.4990844200,-0.3234073647,0.2333188218,-0.7845108202,0.2645906211,0.2033603438,-0.3492157688
-2.7249452948,1.0161984768,0.8780434289,0.0102648227,0.0263122670,-0.6782223902,0.7343137528,-0.0964599490,0.2791265556,0.0476487968,0.2305716876,0.2222144474,-0.3471339256,-0.0974838765,-0.3491550784,-0.2153200010,0.1305999866,0.1614472419,0.1619701619,0.1132494875,0.4215513102,-0.0850158080,-0.0504154469,-0.8271290469,-0.0233219525,0.4769421036,0.2253749962,0.4631109380,-0.3105116429,0.2511672915,-0.9179854172,0.2052153708,0.1109509024,-0.3116678676
-2.6991927017,1.0228984626,0.8845775853,0.0061925653,0.0247198785,-0.6904111294,0.7229682234,-0.0773470935,0.3088537710,0.0525606682,0.2222922882,0.1846944434,-0.2957893176,-0.0991504721,-0.3488187606,-0.2956654681,0.1559687754,0.1545635975,0.1489875051,0.1027151798,0.4361525920,-0.0612697742,-0.1353759102,-0.7987253232,0.0163295270,0.4675435727,0.2123978342,0.4089591585,-0.2998380525,0.2776315724,-0.9999638736,0.2192676891,0.0704928274,-0.2881172587
-2.6723297091,1.0285518757,0.8801960716,-0.0028570765,0.0181135928,-0.7068843894,0.7070913625,-0.0362229881,0.3324103820,0.1049518917,0.2081094955,0.2043389708,-0.2343505440,-0.0839981504,-0.3511850067,-0.3449920665,0.1832738725,0.1636565938,0.1199766337,0.0997416708,0.4680478463,-0.0208292963,-0.2576827751,-0.7600622608,0.0193051287,0.4529295816,0.1880638626,0.3639415002,-0.2898603252,0.3186609945,-1.1091691726,0.2802297370,0.0258743942,-0.2444119914
-2.6478812471,1.0346160709,0.8696168676,-0.0122897300,0.0085722818,-0.7223795453,0.6913344133,0.0314699859,0.3231963701,0.1072558868,0.1715547855,0.1642682378,-0.3258817341,-0.0657045836,-0.3469790881,-0.3266374345,0.2144757573,0.1797482612,0.0797255337,0.1043619327,0.4906594101,0.0293901980,-0.3890445767,-0.7143039636,-0.1121322807,0.3966739091,0.1213011187,0.3623728018,-0.2713232149,0.2964312226,-1.2737747290,0.4741408891,-0.0089097149,-0.1344121619
-2.6276630428,1.0413815016,0.8564518207,-0.0151244322,-0.0071944050,-0.7307580775,0.6824310399,0.0732156732,0.2829136361,0.1643981178,0.1717004892,0.0235833177,-0.2974057170,-0.0508951954,-0.3501440813,-0.2688137952,0.2662038992,0.1835902574,0.0836327132,0.0892877886,0.4972445427,0.0655890844,-0.5038204273,-0.7090170526,-0.3083414400,0.3464408506,0.0618548872,0.3690593853,-0.2538559344,0.2554562994,-1.4116756887,0.6310243992,-0.0258652043,-0.0816978820
-2.6101006914,1.0498928324,0.8459802960,-0.0083628446,-0.0285266685,-0.7241306525,0.6890218357,0.0794300361,0.2247367603,0.1750267093,0.1766431360,-0.0681181178,-0.2652278341,-0.0282950280,-0.3611233576,-0.2171193410,0.3184287043,0.1846622190,0.1635033463,0.0494395284,0.4542777125,0.0858377611,-0.6400843613,-0.6838952176,-0.4907058630,0.3057209042,-0.0048646404,0.3983865046,-0.2412410166,0.1794981142,-1.5172051741,0.7429276444,-0.0397573683,-0.0688738241
-2.5993659141,1.0576909612,0.8419473225,-0.0048186249,-0.0329478979,-0.7084538498,0.7049711764,0.0467792442,0.2030201826,0.1122955304,0.1937371656,-0.0748330813,-0.2453128048,-0.0003805924,-0.3356762162,-0.2801451922,0.3396090266,0.1273257581,0.1472118812,0.0368830007,0.3637247995,0.1189316277,-0.7274668815,-0.6192563895,-0.7238146486,0.2619736576,-0.0654957523,0.4359803495,-0.1710158772,0.0857462850,-1.5572644815,0.7948578053,-0.0263953615,-0.0914175752
-2.5925389763,1.0606301617,0.8435201712,-0.0100138817,-0.0377559406,-0.7022772791,0.7108310871,0.0495498887,0.1948731965,0.0880816641,0.1953355469,-0.0696683865,-0.2359458987,0.0370945213,-0.2922323490,-0.3196066544,0.3289902151,0.0606810393,0.1025118379,0.0657986108,0.2956775134,0.1337120857,-0.6936112926,-0.5327004411,-0.9569924190,0.2376560403,-0.1084775415,0.4729429436,-0.0915272293,0.0336184227,-1.5168231163,0.8078732081,0.0238658402,-0.1375941137
-2.5914281172,1.0632641678,0.8505362177,-0.0090900443,-0.0400088449,-0.7029971672,0.7100082016,0.0548778494,0.1868022291,0.0982258946,0.1823022345,-0.0597625199,-0.2317918802,0.0504587149,-0.2355715900,-0.2580404499,0.2960642391,0.0090579204,0.1255959999,0.0998929363,0.2329479132,0.1433019716,-0.6056424148,-0.4875522073,-1.0236247523,0.2724378543,-0.1063433729,0.4708743936,-0.0586900534,0.0432342089,-1.4406474068,0.8012128374,0.0817298061,-0.1569168731
-2.5946451247,1.0662839030,0.8585716695,-0.0088990546,-0.0360279585,-0.6998420367,0.7133329634,0.0547188846,0.1922498891,0.0909729272,0.1566233374,-0.0336066752,-0.2297082239,0.0607696097,-0.1599875443,-0.1379579716,0.2377885162,-0.0643880615,0.1635797602,0.1058403496,0.1837677274,0.1425517474,-0.4697891117,-0.4644529994,-1.0545620325,0.3674508817,-0.0741468931,0.4166195089,-0.0571507578,0.1167229251,-1.2719775385,0.7628312220,0.1809333937,-0.1927275399
-2.5992566350,1.0691590353,0.8658634853,-0.0088220182,-0.0274242306,-0.6922818665,0.7210519405,0.0393850107,0.2068041269,0.0707843616,0.1396437870,-0.0028967674,-0.2310429096,0.0714323529,-0.1139577596,-0.1869773029,0.1867737097,-0.1119682858,0.0890214115,0.0955366283,0.1469126962,0.1570051288,-0.3761819408,-0.5267892140,-0.9362351264,0.4598868684,-0.0044155484,0.3332243911,-0.0763087563,0.2295145454,-1.0616235599,0.6653951786,0.2674189684,-0.2348394323
-2.6030150316,1.0719817243,0.8711160959,-0.0081400927,-0.0234967379,-0.6866973855,0.7265179577,0.0285439323,0.2127753044,0.0570640245,0.1286715475,0.0234452049,-0.2303262497,0.0816223075,-0.0979821226,-0.2568797127,0.1584587005,-0.1365769393,0.0769103156,0.0917911950,0.1222003165,0.1755472751,-0.3367911810,-0.6225484385,-0.7191318470,0.4940334941,0.0697696976,0.2625807388,-0.0994436744,0.3299460550,-0.8566853119,0.5054180163,0.3142874623,-0.2510128011
-2.6059887908,1.0742334908,0.8744684442,-0.0092490265,-0.0233879420,-0.6833964071,0.7296141518,0.0283467611,0.2152291784,0.0598502564,0.1202265151,0.0333669868,-0.2257079889,0.0871725580,-0.0911941406,-0.2617609447,0.1474582741,-0.1330604594,0.0771127476,0.0945279359,0.1094227342,0.1967274894,-0.3167693404,-0.7172680275,-0.4614254653,0.4621669167,0.1353199281,0.2112162941,-0.1116380006,0.3953674902,-0.6665821533,0.3204200137,0.3297823281,-0.2406952985
-2.6079931722,1.0757301733,0.8754041749,-0.0121051482,-0.0275695908,-0.6820714805,0.7306653670,0.0392559469,0.2138751928,0.0835137911,0.1150751006,0.0278863105,-0.2160993277,0.0957900099,-0.0898973099,-0.2543207160,0.1455716360,-0.1261079247,0.0788253847,0.0988598316,0.1186680923,0.2069467141,-0.2867474340,-0.8033461901,-0.2553820536,0.3829420333,0.1708233251,0.1756651711,-0.1261288727,0.4544463827,-0.5011509901,0.1876105694,0.3251046902,-0.2062808065
-2.6099003433,1.0772550196,0.8761943918,-0.0139969488,-0.0272394252,-0.6799471540,0.7326212984,0.0279676938,0.2198303905,0.0957577903,0.1276940069,0.0304700823,-0.2167159660,0.0850344695,-0.0850023941,-0.2534667735,0.1600174282,-0.1195072235,0.0750757908,0.0954845962,0.0886520345,0.2083694405,-0.2594908934,-0.8522902134,-0.2321113157,0.3468102496,0.1789370941,0.1625693732,-0.1422442723,0.4609837225,-0.4780665479,0.1993834799,0.3249867749,-0.1956836921
-2.6112982626,1.0779013551,0.8771029197,-0.0185931808,-0.0307561793,-0.6749953090,0.7369461879,0.0303776180,0.2250569826,0.0986408117,0.1327939573,0.0304268236,-0.2180748232,0.0929280923,-0.0807325635,-0.2571917560,0.1674532846,-0.1191155149,0.0726163585,0.0838071524,0.0852035330,0.2050700956,-0.2357286600,-0.9071403783,-0.2350289414,0.3074445441,0.1877900756,0.1646742667,-0.1642584522,0.4843876820,-0.4654199088,0.2493782295,0.3196966445,-0.1867989028
-2.6106120582,1.0768211785,0.8786646411,-0.0247672817,-0.0389947594,-0.6669913034,0.7436320271,0.0634496661,0.2207910339,0.0793449605,0.1032340150,0.0331870628,-0.2177907303,0.1412039426,-0.0769063998,-0.2893695848,0.1309201850,-0.1213421775,0.0750882248,0.0338899294,0.2137819074,0.1813190075,-0.1474153321,-1.0458021764,-0.3832126931,0.2202602664,0.2074605578,0.2004057200,-0.1995431116,0.5148244213,-0.4573526080,0.4155001237,0.2728834394,-0.1576014292
-2.6082871866,1.0780115853,0.8803711258,-0.0186711441,-0.0345108623,-0.6619932338,0.7484820286,0.0365912775,0.2148761148,0.0764054521,0.1099118805,0.0411892624,-0.2141514331,0.1210060366,-0.0817057090,-0.2906386214,0.1384804488,-0.1144093865,0.0736061320,0.0103363851,0.1922562879,0.1753198520,-0.1211055870,-1.0838871625,-0.4305719231,0.2021429466,0.2174166053,0.1688007295,-0.2228401184,0.5088951763,-0.4850301574,0.4072931904,0.2573990914,-0.1738652458
-2.6038559005,1.0773582175,0.8820052358,-0.0219364833,-0.0410518315,-0.6592126603,0.7505146276,0.0602192600,0.2044781328,0.0681712989,0.0953203116,0.0393453790,-0.2042509088,0.1521990512,-0.0864588415,-0.3053202380,0.1162264515,-0.1151067929,0.0803943113,-0.0263263767,0.2584167748,0.1238535511,-0.0607754504,-1.1351261415,-0.6675513233,0.1859054419,0.2007454726,0.2175202113,-0.2443486070,0.4687785443,-0.5429469898,0.2627185548,0.2205864995,-0.2114058794
-2.5984839948,1.0784297093,0.8828430144,-0.0166716562,-0.0391646689,-0.6601490433,0.7499276133,0.0420578460,0.1921920523,0.0709063309,0.1062246507,0.0442112864,-0.1997437240,0.1341267987,-0.1003685758,-0.2990881682,0.1252845792,-0.1082440971,0.0832602150,-0.0472582060,0.2396498481,0.1157116778,-0.0470193434,-1.1474381401,-0.7076283929,0.1820397568,0.1923661216,0.1872218804,-0.2441733824,0.4083168523,-0.5675787068,0.2134191512,0.2058386483,-0.2250117872
-2.5927491088,1.0796916965,0.8828626812,-0.0155357323,-0.0403758977,-0.6624592762,0.7478476685,0.0395076865,0.1820474909,0.0686246055,0.1137770335,0.0422051574,-0.1960272907,0.1305737964,-0.1123490838,-0.2924540552,0.1294342148,-0.1068965203,0.0892302562,-0.0565732247,0.2385258305,0.1059731335,-0.0472094167,-1.1394465499,-0.7455370599,0.1858429914,0.1722436827,0.1806784021,-0.2380255907,0.3552989454,-0.5860524149,0.1564158001,0.1915004498,-0.2342803792
-2.5866587144,1.0814290845,0.8822707479,-0.0156448019,-0.0418103795,-0.6651258828,0.7453956617,0.0395449314,0.1731786470,0.0662808838,0.1197376299,0.0386223535,-0.1927589394,0.1301718698,-0.1228411731,-0.2853532849,0.1297715517,-0.1065711613,0.0968130710,-0.0583826375,0.2433600081,0.1018663176,-0.0618780986,-1.1179128850,-0.7752852444,0.1952288375,0.1472926042,0.1835518882,-0.2334905097,0.3239741744,-0.5991119374,0.1101222615,0.1805635490,-0.2452647728
-2.5797652676,1.0843182028,0.8812889274,-0.0156111540,-0.0425737411,-0.6675149979,0.7432143002,0.0368363589,0.1641924779,0.0683461950,0.1263733272,0.0361660309,-0.1902279046,0.1282093951,-0.1338104738,-0.2810399430,0.1288373952,-0.1049123236,0.1056156806,-0.0581611790,0.2500173005,0.1051265109,-0.0890023648,-1.0842656615,-0.7976384916,0.2083026583,0.1201985831,0.1870700274,-0.2307505687,0.3113955310,-0.6059772514,0.0801868623,0.1741465780,-0.2588531251
-2.5713319543,1.0883692860,0.8806519468,-0.0142322021,-0.0416343586,-0.6693717025,0.7416235895,0.0264086513,0.1588606649,0.0716421247,0.1362207684,0.0387360140,-0.2078071944,0.1212890953,-0.1465607484,-0.2808005538,0.1278087367,-0.1007611418,0.1159965984,-0.0591765865,0.2536019792,0.1143700424,-0.1248562236,-1.0389765420,-0.8099102306,0.2289579906,0.0972906496,0.1879835341,-0.2245087009,0.3054093295,-0.6068373333,0.0635546065,0.1726204151,-0.2720873692
-2.5603453337,1.0931569665,0.8800070409,-0.0110906596,-0.0387538382,-0.6704746546,0.7408366047,0.0085320894,0.1595103004,0.0570380645,0.1488972266,0.0449453436,-0.2623224731,0.1088911683,-0.1617598623,-0.2775394557,0.1273836623,-0.0947108061,0.1286018800,-0.0556033435,0.2520425252,0.1253295933,-0.1619105444,-0.9836798847,-0.8137832235,0.2565258331,0.0800573585,0.1875002076,-0.2151776620,0.3030583735,-0.6030110559,0.0581982693,0.1752918477,-0.2817507089
-2.5489584828,1.0970936767,0.8796318523,-0.0135607880,-0.0381779438,-0.6716178412,0.7397891760,0.0083233966,0.1710194831,-0.0070948220,0.1539533003,0.0520591644,-0.3836217919,0.1198794145,-0.1678868696,-0.2712695204,0.1087697930,-0.0881901664,0.1494427129,-0.0380432113,0.2242215813,0.1278589920,-0.2454352220,-0.8066699105,-0.7937384813,0.3501504879,0.0610800066,0.2150054749,-0.1770476431,0.3145196779,-0.5737980757,0.0627690697,0.1937916662,-0.2893486122
-2.5351733989,1.1012240846,0.8798744257,-0.0030204965,-0.0321675669,-0.6763897532,0.7358349176,-0.0273429066,0.1795299632,-0.0117096658,0.1704322548,0.0660871317,-0.3899696882,0.0845225917,-0.1959057402,-0.2638989982,0.1162369627,-0.0757687686,0.1609235172,-0.0201201933,0.2061740792,0.1256208160,-0.2513300556,-0.7749121579,-0.7826657200,0.3655218140,0.0622110566,0.1913374150,-0.1850310451,0.3096587172,-0.5817421492,0.0670835730,0.1898525064,-0.2919416115
-2.5205039862,1.1035248786,0.8804660306,-0.0007883190,-0.0322641718,-0.6859516347,0.7269310535,-0.0254585302,0.2109927843,0.0273716644,0.1723068081,0.0789680349,-0.3692011045,0.0768745467,-0.2173689139,-0.2367555448,0.1118110761,-0.0688334851,0.1810268022,0.0076445077,0.2165451084,0.1116258020,-0.2575600022,-0.6778853290,-0.7511194630,0.4028474558,0.0562749724,0.2026648379,-0.1748161410,0.3248372565,-0.5753380594,0.0876870438,0.1930724713,-0.2777167502
-2.5049202271,1.1058953709,0.8797583996,0.0082203828,-0.0254043921,-0.6937638045,0.7197074584,-0.0535160255,0.2493776790,0.0555487625,0.1768413455,0.0914635672,-0.3435761746,0.0417013219,-0.2424607473,-0.2239245884,0.1160379548,-0.0565209561,0.1931740107,0.0227674805,0.2077780372,0.1057707444,-0.2408519204,-0.6528158246,-0.7306626630,0.4076798912,0.0551748391,0.1797287638,-0.1843888198,0.3234409573,-0.5893984544,0.0987951563,0.1861752043,-0.2744530194
-2.4882476225,1.1062844897,0.8774648123,0.0073456128,-0.0232805883,-0.6998095606,0.7139122040,-0.0502251339,0.2987719356,0.1032347645,0.1675799209,0.0989285154,-0.2707177593,0.0363168364,-0.2584560723,-0.2069880071,0.1155200134,-0.0523603781,0.2128445074,0.0336743862,0.2285516228,0.1007227161,-0.2257705424,-0.6062717130,-0.7021729341,0.4121680108,0.0478840928,0.1855817320,-0.1832939092,0.3346314818,-0.5988654588,0.1150586338,0.1821417363,-0.2632068163
-2.4697457959,1.1062657369,0.8728738780,0.0082409100,-0.0163316922,-0.7029694240,0.7109847764,-0.0672271563,0.3437974846,0.1278416848,0.1616652621,0.1150391263,-0.2155710818,0.0184408521,-0.2730339161,-0.1966808700,0.1184792249,-0.0441076673,0.2287941721,0.0366119456,0.2290558496,0.1075691330,-0.2129016003,-0.5839452590,-0.6851358908,0.4080572771,0.0419496594,0.1757927845,-0.1873729699,0.3317784497,-0.6147221253,0.1243955157,0.1747900257,-0.2600467280
-2.4492311953,1.1061459817,0.8667197399,0.0043006400,-0.0114060573,-0.7025430039,0.7115368817,-0.0761202235,0.3811793342,0.1410563528,0.1534689211,0.1280067497,-0.1637069694,0.0149416246,-0.2854966988,-0.1886182319,0.1228629870,-0.0391751805,0.2491499138,0.0327213398,0.2340916334,0.1192211340,-0.2075612078,-0.5614244817,-0.6759898737,0.4022655964,0.0320983158,0.1787866238,-0.1871795457,0.3239493918,-0.6291337866,0.1292661351,0.1678313476,-0.2590129547
-2.4266087418,1.1067598448,0.8591693045,-0.0009608856,-0.0072853360,-0.6998299273,0.7142717084,-0.0827211439,0.4016809895,0.1418636803,0.1439701777,0.1324277593,-0.1346045367,0.0163608656,-0.2999989878,-0.1858198427,0.1271698714,-0.0353920297,0.2729257879,0.0284207392,0.2364076445,0.1339188400,-0.2103067173,-0.5442585599,-0.6777049168,0.3930903339,0.0224828676,0.1914364404,-0.1847898752,0.3109476672,-0.6390548519,0.1286780834,0.1635012470,-0.2615072441
-2.4001284081,1.1078329741,0.8505909258,-0.0063323203,-0.0055760606,-0.6950489515,0.7189129045,-0.0876885984,0.4027476461,0.1344603535,0.1441958521,0.1482550944,-0.1850709306,0.0223692709,-0.3228666112,-0.1898221060,0.1330133760,-0.0299211891,0.3015984630,0.0196404403,0.2360414027,0.1483372444,-0.2241907572,-0.5343811413,-0.6880144028,0.3821803365,0.0141530299,0.2109968255,-0.1840190706,0.2921319404,-0.6442263557,0.1246460899,0.1612257647,-0.2668298447
-2.3725905191,1.1105521670,0.8453923321,-0.0052931439,-0.0079175751,-0.6879326794,0.7257120112,-0.0929831423,0.3773449748,0.1427729634,0.1474620151,0.1452428198,-0.2643642277,0.0283955780,-0.3603842120,-0.1989996609,0.1362564109,-0.0188466628,0.3307689817,0.0031540329,0.2300277452,0.1546169199,-0.2503805639,-0.5341106961,-0.7030689100,0.3690024614,0.0088579325,0.2332122064,-0.1906820603,0.2680202648,-0.6455428623,0.1208718035,0.1613380769,-0.2741461698
-2.3465703456,1.1137821429,0.8456221452,0.0037169648,-0.0136232933,-0.6833482155,0.7299560305,-0.1019106227,0.3290121570,0.1479142586,0.1492471401,0.1311192255,-0.2908810373,0.0270521876,-0.4097515622,-0.2117630993,0.1349020850,0.0026629878,0.3519437799,-0.0089920593,0.2153484511,0.1490852724,-0.2861917622,-0.5431327866,-0.7162043601,0.3541168906,0.0072057941,0.2539078577,-0.2073259935,0.2401196679,-0.6443559768,0.1200036351,0.1634228590,-0.2826234534
-2.3176905685,1.1175870922,0.8482087019,0.0175411497,-0.0221317254,-0.6818031852,0.7309903635,-0.1116140473,0.2645472536,0.1538118262,0.1539576542,0.1188135733,-0.2903148294,0.0160694182,-0.4689767556,-0.2321045215,0.1363393855,0.0398128874,0.3568366550,-0.0096236733,0.1905935036,0.1319084767,-0.3122717436,-0.5567420685,-0.7259999674,0.3409274416,0.0107343196,0.2730362133,-0.2276547699,0.2063623044,-0.6396193888,0.1255253514,0.1676733349,-0.2914541869
-2.2895692495,1.1215324718,0.8548291314,0.0223805564,-0.0212847935,-0.6857142705,0.7272152415,-0.1175547186,0.2248468684,0.1621167366,0.1570475134,0.1083042993,-0.2754381477,-0.0150999927,-0.4839793528,-0.2932499627,0.1522271916,0.0987512351,0.2993197362,0.0080033314,0.1618372492,0.1193341454,-0.3189840938,-0.5713485230,-0.7297849451,0.3327317015,0.0206391176,0.2917421016,-0.2280565289,0.1704921731,-0.6315890458,0.1331223555,0.1734705327,-0.3005543050
-2.2659406784,1.1243048779,0.8630981687,0.0221861419,-0.0168725977,-0.6896926438,0.7235655794,-0.1202231484,0.2016872996,0.1675082770,0.1564958478,0.0995745314,-0.2552484956,-0.0441357521,-0.4677304703,-0.3971990281,0.1752785192,0.1448451014,0.1936739573,0.0309057834,0.1355921189,0.1141142024,-0.3169919161,-0.5875782710,-0.7261688494,0.3296675098,0.0346341511,0.3116999607,-0.2137791940,0.1428082064,-0.6238127403,0.1403365546,0.1778269172,-0.3056678241
-2.2459203862,1.1257740052,0.8726529311,0.0174605860,-0.0134604980,-0.6905055497,0.7229910295,-0.1166038926,0.1875378262,0.1705146764,0.1535400155,0.0919269011,-0.2326550227,-0.0479408347,-0.4260890337,-0.4849868666,0.1938231230,0.1478006714,0.1039609939,0.0453110484,0.1158686739,0.1125538541,-0.3133447127,-0.6076200126,-0.7139000277,0.3289400952,0.0512054428,0.3309699415,-0.1943561520,0.1281213039,-0.6187093191,0.1452518332,0.1798366111,-0.3055074683
-2.2292945314,1.1260934467,0.8814977638,0.0119456983,-0.0100365422,-0.6892289015,0.7243756550,-0.1106804229,0.1783992096,0.1720049697,0.1472986689,0.0851553415,-0.2101695825,-0.0467831146,-0.3634843984,-0.5107666078,0.2114364157,0.1396162355,0.0482025112,0.0473053850,0.1035789985,0.1126859008,-0.3074090579,-0.6310613772,-0.6941422204,0.3287470194,0.0696628958,0.3454466019,-0.1818640088,0.1317339031,-0.6179367530,0.1536933021,0.1786681026,-0.3022627037
-2.2150431576,1.1259578007,0.8885064140,0.0076197387,-0.0059855804,-0.6875220411,0.7260988606,-0.1064987791,0.1716755841,0.1724093982,0.1399889251,0.0798735071,-0.1899395219,-0.0561243400,-0.2855424222,-0.4728820646,0.2304203460,0.1325378068,0.0257207030,0.0385032119,0.0971757583,0.1136738983,-0.3031571102,-0.6583072456,-0.6677590603,0.3271743439,0.0905720247,0.3506701616,-0.1782871046,0.1442881404,-0.6202701030,0.1686731203,0.1757805666,-0.2993573371
-2.2025730581,1.1248929763,0.8930308848,0.0001515963,-0.0075645242,-0.6860426038,0.7275220277,-0.0823850078,0.1633557498,0.1749155395,0.1248892682,0.0678455868,-0.1673762050,-0.0584213357,-0.1989624350,-0.3872585548,0.2466380473,0.1189880910,0.0453443329,0.0219360546,0.1205497477,0.1130649857,-0.3072531534,-0.6900379896,-0.6243485311,0.3248985823,0.1174043867,0.3657160572,-0.1780101783,0.1630226329,-0.6159306547,0.1942579930,0.1769050043,-0.2942685315
-2.1911402837,1.1249549657,0.8952998606,0.0015714445,-0.0019365112,-0.6839177564,0.7295548526,-0.0957414900,0.1557512445,0.1720382403,0.1252500492,0.0698388496,-0.1555777489,-0.0917746814,-0.1187389999,-0.3423134480,0.2526629882,0.1081081424,0.0758194132,0.0092361707,0.1106851280,0.1193314045,-0.3042865174,-0.7192218059,-0.6001772307,0.3184560481,0.1371073420,0.3496470930,-0.1835671011,0.1664255300,-0.6227401537,0.2047332807,0.1733423104,-0.2929054313
-2.1787506153,1.1249878822,0.8941086249,0.0054872585,-0.0030926088,-0.6807817461,0.7324592412,-0.1026414621,0.1340623760,0.1648991447,0.1288545042,0.0678763181,-0.1435050573,-0.1151321902,-0.0625877150,-0.3052586331,0.2418001776,0.0819215592,0.1217097844,-0.0046970790,0.1034395623,0.1233579479,-0.3110344357,-0.7428747627,-0.5814289026,0.3121622029,0.1529023309,0.3377223918,-0.1922933470,0.1656398097,-0.6249005644,0.2095528122,0.1720618306,-0.2910140386
-2.1654840409,1.1244754120,0.8902105293,0.0103485730,-0.0069806274,-0.6766482503,0.7362005999,-0.1089413389,0.1067117292,0.1558292767,0.1359068795,0.0660358852,-0.1308611451,-0.1322550632,-0.0288092032,-0.2751613969,0.2169470673,0.0525376775,0.1488889028,-0.0089933562,0.0949720930,0.1280756234,-0.3256755312,-0.7592786982,-0.5725283947,0.3061603630,0.1623536126,0.3345631270,-0.2000162750,0.1620342197,-0.6241927099,0.2085898487,0.1719827737,-0.2866978502
-2.1511065963,1.1238517206,0.8859618710,0.0107587301,-0.0109727154,-0.6723817164,0.7400450504,-0.1122012052,0.0858215990,0.1540096719,0.1481188747,0.0651339699,-0.1184443600,-0.1288955644,-0.0159655571,-0.3016456440,0.1944459482,0.0216227302,0.0649018728,0.0038190578,0.0841778965,0.1359446312,-0.3421560432,-0.7685799406,-0.5768417571,0.3020169034,0.1662619216,0.3404009740,-0.2018469349,0.1607088293,-0.6223943428,0.2034399058,0.1723391194,-0.2811819443
-2.1395422921,1.1246401105,0.8816319251,0.0063754860,-0.0145458284,-0.6670926287,0.7448054758,-0.1182828417,0.0767270024,0.1542639429,0.1692180112,0.0757035956,-0.1090396332,-0.1091198295,-0.0215418711,-0.3221464824,0.1841040217,-0.0122973034,0.0110057346,0.0209525751,0.0756352119,0.1519142706,-0.3639285973,-0.7723984741,-0.5933784657,0.3000373151,0.1659585417,0.3534737340,-0.1971422636,0.1656210979,-0.6214597985,0.1975314105,0.1720961989,-0.2742719595
-2.1295261503,1.1247691940,0.8792789383,-0.0021539374,-0.0155860136,-0.6626507612,0.7487632505,-0.1295063508,0.0822773065,0.1497347991,0.1997586649,0.1080353768,-0.1093363598,-0.0951049049,-0.0242636427,-0.3297087115,0.1862891639,-0.0307707597,-0.0099249332,0.0401950678,0.0715367765,0.1770324980,-0.3917462408,-0.7711749352,-0.6175123311,0.3005488423,0.1644512015,0.3674948757,-0.1882580286,0.1782357913,-0.6217990730,0.1938140778,0.1712249424,-0.2665789239
-2.1196932307,1.1246756309,0.8795147392,-0.0042903764,-0.0169139693,-0.6599026397,0.7511484650,-0.1497791785,0.0906230385,0.1465015979,0.2351061313,0.1589734168,-0.1616285978,-0.0885601229,-0.0360687392,-0.3359156735,0.1885384326,-0.0405480257,-0.0149307598,0.0501681259,0.0705079398,0.1951878271,-0.4206422956,-0.7649055066,-0.6413667733,0.3037012659,0.1624857278,0.3718199225,-0.1859918491,0.1899603296,-0.6236168192,0.1953571020,0.1709338460,-0.2595680167
-2.1107107993,1.1228022178,0.8810466606,-0.0107332081,-0.0185901449,-0.6623554895,0.7488821071,-0.1509404631,0.1161938688,0.1160781030,0.2654675049,0.2098437476,-0.3252568330,-0.0670728470,-0.0389893948,-0.3439420818,0.1808362895,-0.0522327687,-0.0092524529,0.0604545245,0.0866603428,0.2115469222,-0.4543060070,-0.7372311231,-0.6671292214,0.3158507728,0.1535559982,0.3717828009,-0.1799329195,0.2094802021,-0.6217581157,0.2038831854,0.1744541803,-0.2476528073
-2.1014733778,1.1198426298,0.8842361210,-0.0092546048,-0.0157318019,-0.6677824016,0.7441327347,-0.1619690624,0.1352372437,0.0683965534,0.2754125695,0.2245333659,-0.4013611352,-0.0749079934,-0.0477501519,-0.3322823175,0.1817064056,-0.0453943746,-0.0039102428,0.0650314090,0.0835108431,0.2166619201,-0.4574749596,-0.7238071918,-0.6717189475,0.3209761517,0.1478657875,0.3419540905,-0.1830497552,0.2031754160,-0.6335226465,0.2115833738,0.1731048432,-0.2471201509
-2.0930542885,1.1157497309,0.8872375082,-0.0096620680,-0.0179722827,-0.6724932899,0.7398218817,-0.1498901563,0.1594807461,0.0391656309,0.2726461585,0.2082652671,-0.4169353948,-0.0674135767,-0.0579950140,-0.3156066328,0.1800635314,-0.0420859727,0.0039753000,0.0603014855,0.0936881021,0.2167081818,-0.4605658794,-0.7021372711,-0.6705240320,0.3254126433,0.1339799093,0.3149450890,-0.1858590218,0.1980181898,-0.6495303009,0.2175751700,0.1692294597,-0.2509659026
-2.0840911774,1.1109863941,0.8887505054,-0.0097107949,-0.0198847818,-0.6770166502,0.7356349307,-0.1329219406,0.1917052659,0.0661207566,0.2597671381,0.1862260286,-0.3783590411,-0.0581371357,-0.0688171047,-0.3030797646,0.1749497768,-0.0393083021,0.0130744195,0.0466887686,0.1085614802,0.2125283306,-0.4610004210,-0.6747993839,-0.6662284908,0.3286151448,0.1140869975,0.2900790242,-0.1865814503,0.1900620839,-0.6699922292,0.2189709100,0.1620582816,-0.2571150140
-2.0743680380,1.1061159953,0.8883912058,-0.0093431583,-0.0187886640,-0.6822918899,0.7307786727,-0.1169713458,0.2241317518,0.1167887377,0.2316449966,0.1584020597,-0.3058485964,-0.0529110773,-0.0770346327,-0.2903142501,0.1679664030,-0.0368605859,0.0233435701,0.0339014482,0.1208374101,0.2061695431,-0.4548161343,-0.6450829225,-0.6626395576,0.3318253175,0.0911364891,0.2664034573,-0.1837983151,0.1765605729,-0.6937938852,0.2121428721,0.1517238951,-0.2634029053
-2.0636064597,1.1003865030,0.8855342378,-0.0140171729,-0.0152434555,-0.6880527882,0.7253650920,-0.0966406492,0.2557993562,0.1578166000,0.1951509237,0.1233404777,-0.2530877216,-0.0454125609,-0.0765200241,-0.2758189592,0.1635443617,-0.0363552626,0.0354251722,0.0257152317,0.1318884631,0.2022547329,-0.4443230422,-0.6162779869,-0.6626251726,0.3348779989,0.0674086656,0.2469525664,-0.1755463258,0.1617861286,-0.7178465710,0.1973941641,0.1397142519,-0.2672407894
-2.0527659677,1.0929932155,0.8813326643,-0.0235184451,-0.0112867919,-0.6917401674,0.7216751568,-0.0758906247,0.2764418979,0.1607715077,0.1666498290,0.1161614612,-0.2369566479,-0.0311151719,-0.0697157256,-0.2643236375,0.1622598902,-0.0382329418,0.0489364076,0.0179980355,0.1427669483,0.2015995029,-0.4347677336,-0.5919498513,-0.6669755693,0.3366263378,0.0461714196,0.2345617277,-0.1645059608,0.1488136529,-0.7375197797,0.1787494536,0.1288037057,-0.2686498763
-2.0461193141,1.0865501228,0.8828387502,-0.0307869349,-0.0121678554,-0.6914980722,0.7216193762,-0.0470327600,0.2799940288,0.1627534060,0.1486849380,0.1024029678,-0.2374611597,-0.0110129917,-0.0668553323,-0.2554503109,0.1581979016,-0.0400688630,0.0606344180,0.0006816355,0.1537693306,0.1969432686,-0.4328151912,-0.5751439017,-0.6745088670,0.3360450036,0.0295505501,0.2287560852,-0.1594652737,0.1382980254,-0.7495095056,0.1642867344,0.1224281086,-0.2694062374
-2.0376264987,1.0798838666,0.8843918886,-0.0367237775,-0.0200978002,-0.6899504950,0.7226449730,-0.0166783212,0.2680142122,0.1699181655,0.1407193813,0.0907259884,-0.2334240028,0.0164540064,-0.0777462924,-0.2510381167,0.1560527044,-0.0407960004,0.0718034940,-0.0144867045,0.1627214971,0.1843679241,-0.4294987884,-0.5642995890,-0.6814841921,0.3333993934,0.0180650145,0.2330985461,-0.1633678182,0.1322736589,-0.7506271819,0.1568129799,0.1232550875,-0.2732504498
-2.0259396989,1.0748145723,0.8857714188,-0.0352894237,-0.0303410038,-0.6899720612,0.7223383105,0.0058289952,0.2387715958,0.1803988627,0.1352505739,0.0836593148,-0.2265162762,0.0360302138,-0.1060959120,-0.2480551421,0.1528866749,-0.0377246606,0.0838685703,-0.0200389425,0.1658481433,0.1650210175,-0.4231467323,-0.5578463219,-0.6858047897,0.3300335915,0.0123515746,0.2444179499,-0.1707837743,0.1299354550,-0.7399698404,0.1538595148,0.1307433172,-0.2806680188
-2.0158235028,1.0711293740,0.8869549153,-0.0321204320,-0.0336919919,-0.6907125887,0.7216295776,0.0165531886,0.2171883388,0.1857436174,0.1278425239,0.0785393938,-0.2182765027,0.0432111657,-0.1265624892,-0.2499646973,0.1481372798,-0.0325909564,0.0953978005,-0.0153684713,0.1598067683,0.1465442443,-0.4129454349,-0.5566043271,-0.6863789169,0.3253097281,0.0096664454,0.2561319809,-0.1665812961,0.1218334659,-0.7185796635,0.1510032891,0.1434878453,-0.2884562111
-2.0069993839,1.0678183757,0.8877688494,-0.0302034173,-0.0360625987,-0.6911546563,0.7211743781,0.0250309536,0.1999467505,0.1828702909,0.1229442816,0.0732871464,-0.2105630074,0.0497961791,-0.1427364000,-0.2548105394,0.1444387279,-0.0285776552,0.1058245708,-0.0071481967,0.1485533544,0.1335554379,-0.4008010938,-0.5608346846,-0.6870852665,0.3201218921,0.0070385850,0.2672731899,-0.1522960435,0.1076757739,-0.6909314206,0.1474682324,0.1586665991,-0.2886307733
-1.9993894361,1.0651246760,0.8882840963,-0.0292224207,-0.0391450768,-0.6922132083,0.7200379069,0.0340026009,0.1840324018,0.1725139960,0.1201891035,0.0679636174,-0.2039350751,0.0573611972,-0.1572186581,-0.2588087260,0.1409041128,-0.0263271027,0.1151024424,0.0102550518,0.1326129940,0.1258484108,-0.3928147571,-0.5722331748,-0.6879590799,0.3132005997,0.0070428256,0.2810748466,-0.1383447432,0.0986085644,-0.6603998613,0.1421133667,0.1734298662,-0.2753881060
-1.9930423741,1.0624657401,0.8886245089,-0.0296712804,-0.0430409908,-0.6931984394,0.7188483928,0.0450218204,0.1711377369,0.1678915167,0.1186234601,0.0622935332,-0.1980992125,0.0674517654,-0.1689317587,-0.2579333907,0.1377304313,-0.0256161560,0.1232641702,0.0343663596,0.1164950373,0.1215384126,-0.3884789123,-0.5875795443,-0.6878397238,0.3059087420,0.0130225612,0.2984675344,-0.1306559350,0.1070201324,-0.6289414893,0.1352107412,0.1859515302,-0.2515025509
-1.9878904944,1.0600185646,0.8888886161,-0.0307460707,-0.0463690198,-0.6929774559,0.7188093202,0.0551463454,0.1620932905,0.1706816481,0.1166219611,0.0570346339,-0.1927520431,0.0780944364,-0.1772217105,-0.2560915778,0.1345953290,-0.0256771129,0.1301447217,0.0529422340,0.1037860128,0.1173548157,-0.3808913584,-0.6025894965,-0.6838459599,0.3022874815,0.0247524765,0.3125944996,-0.1276723208,0.1237457622,-0.5956421427,0.1311338118,0.1979433466,-0.2217222249
-1.9839103491,1.0584674545,0.8892524227,-0.0311002146,-0.0479089146,-0.6914030997,0.7202077938,0.0604912755,0.1559661448,0.1732380316,0.1133831342,0.0535000639,-0.1879787632,0.0858060201,-0.1822282495,-0.2553008414,0.1307997374,-0.0253786745,0.1355878675,0.0589500420,0.0958482496,0.1124235804,-0.3688779275,-0.6170286100,-0.6752297058,0.3021271259,0.0417577065,0.3177489596,-0.1260610243,0.1363038968,-0.5642220288,0.1330166729,0.2089410697,-0.1919008337
-1.9809373965,1.0573936273,0.8896299381,-0.0311634797,-0.0483892029,-0.6890860079,0.7223903351,0.0627514236,0.1520100942,0.1726756398,0.1102040777,0.0513849325,-0.1839194461,0.0916378188,-0.1849490223,-0.2571493535,0.1272189071,-0.0247231044,0.1398764198,0.0553022205,0.0928559284,0.1068636939,-0.3551407124,-0.6301512082,-0.6608213394,0.3030084964,0.0598535002,0.3157754408,-0.1249700003,0.1407182790,-0.5378719505,0.1438353826,0.2187081399,-0.1645040208
-1.9793433509,1.0568491540,0.8898692923,-0.0310953596,-0.0479542217,-0.6870290757,0.7243787134,0.0626402679,0.1506326334,0.1694804156,0.1077484701,0.0504182600,-0.1810125525,0.0951607758,-0.1852358306,-0.2613323904,0.1238981817,-0.0242310482,0.1428709831,0.0499881238,0.0930479878,0.1026513268,-0.3444816101,-0.6407805063,-0.6430679425,0.3046676880,0.0762555258,0.3103738035,-0.1263858710,0.1475092741,-0.5217183720,0.1596641351,0.2233710403,-0.1428180318
-1.9783624457,1.0567610083,0.8900097197,-0.0303269764,-0.0468826542,-0.6863576594,0.7251175453,0.0608091165,0.1497030044,0.1671882736,0.1060599842,0.0500479467,-0.1790966414,0.0953616227,-0.1853637784,-0.2646013991,0.1205792502,-0.0237252620,0.1448723559,0.0424143130,0.0949864510,0.1007432324,-0.3383794361,-0.6476226592,-0.6258801595,0.3065352305,0.0887185323,0.3018277762,-0.1289487865,0.1488199170,-0.5159953649,0.1733856847,0.2224794999,-0.1295029862
-1.9776095575,1.0568334108,0.8900552118,-0.0297596187,-0.0460975252,-0.6870060008,0.7245772134,0.0597231686,0.1489220640,0.1674220696,0.1055721156,0.0496523025,-0.1777912119,0.0943674777,-0.1859655758,-0.2667707888,0.1182849373,-0.0233242758,0.1463181282,0.0351601636,0.0980073040,0.1017239618,-0.3365702477,-0.6500377449,-0.6126123571,0.3082373250,0.0966772289,0.2919780597,-0.1311430006,0.1439770366,-0.5181141145,0.1781485284,0.2167705551,-0.1243448069
-1.9768079279,1.0569944470,0.8900711157,-0.0294569095,-0.0458450164,-0.6887698730,0.7229291715,0.0600899890,0.1476842890,0.1699634201,0.1057286477,0.0490892975,-0.1767154851,0.0930134762,-0.1872256065,-0.2652795224,0.1166662010,-0.0229012843,0.1475336805,0.0298594634,0.1019799020,0.1047167963,-0.3376997296,-0.6485448200,-0.6041804230,0.3095330066,0.1009098309,0.2822585771,-0.1324010639,0.1321103582,-0.5252165204,0.1715825498,0.2077971602,-0.1262698684
-1.9762260601,1.0571628405,0.8901040830,-0.0293760637,-0.0455638080,-0.6908760181,0.7209378017,0.0609555326,0.1470443904,0.1739684649,0.1058592677,0.0485529543,-0.1758314692,0.0913428044,-0.1878664300,-0.2614083318,0.1154017445,-0.0224228323,0.1484977700,0.0273907113,0.1058840908,0.1091937167,-0.3436955993,-0.6435166313,-0.6010325291,0.3116224092,0.1030400014,0.2744300083,-0.1335723811,0.1190953239,-0.5354805839,0.1595433285,0.1983185721,-0.1324566135
-1.9759191582,1.0574778787,0.8901602562,-0.0292454972,-0.0449498069,-0.6927253787,0.7192049537,0.0610571428,0.1472383139,0.1794723517,0.1057882980,0.0482643301,-0.1750948579,0.0891075836,-0.1876859943,-0.2569932590,0.1142272122,-0.0218798739,0.1491797935,0.0272920123,0.1090534148,0.1128096810,-0.3517385929,-0.6350393518,-0.6010148617,0.3146695413,0.1025299604,0.2677454999,-0.1361037002,0.1093564726,-0.5484999733,0.1489780064,0.1885307103,-0.1402866971
-1.9757612968,1.0579382906,0.8902301544,-0.0288498510,-0.0440301426,-0.6944791440,0.7175846648,0.0602658611,0.1476618842,0.1850795455,0.1055374897,0.0481979046,-0.1745192640,0.0860705060,-0.1872530280,-0.2526319611,0.1129799555,-0.0212367310,0.1496488593,0.0306578302,0.1110377916,0.1139945877,-0.3562070327,-0.6244291953,-0.6020602715,0.3178539189,0.1004462545,0.2617975298,-0.1407338153,0.1055986544,-0.5630022968,0.1421959423,0.1787256959,-0.1490951814
-1.9758043112,1.0584679405,0.8902838312,-0.0282560986,-0.0429718024,-0.6961866920,0.7160161360,0.0589365637,0.1482075623,0.1902292703,0.1052193226,0.0482501583,-0.1742207671,0.0823877868,-0.1866705954,-0.2478541383,0.1119685267,-0.0205235689,0.1498963404,0.0343679201,0.1131528847,0.1129132005,-0.3584724569,-0.6134099731,-0.6029427834,0.3207751256,0.0973644890,0.2562425224,-0.1476081576,0.1065467894,-0.5773210378,0.1407169966,0.1700140970,-0.1591144118
-1.9760209190,1.0589591608,0.8903310397,-0.0276891922,-0.0419250877,-0.6976636775,0.7146614505,0.0574884958,0.1489684452,0.1943066548,0.1049179741,0.0483653353,-0.1741986875,0.0786678603,-0.1858754023,-0.2434027305,0.1114570086,-0.0198272327,0.1499601215,0.0357838044,0.1167043283,0.1108665382,-0.3647099511,-0.6038819317,-0.6024690381,0.3231964566,0.0939538282,0.2509805459,-0.1550313902,0.1085077397,-0.5902160267,0.1418276717,0.1631560003,-0.1683468527
-1.9763087221,1.0593092923,0.8903770077,-0.0273606384,-0.0411052853,-0.6986752027,0.7137329418,0.0563273843,0.1499108040,0.1972778263,0.1048048717,0.0485640219,-0.1743062827,0.0757621836,-0.1849517818,-0.2398828241,0.1114978259,-0.0192375919,0.1499716462,0.0386097316,0.1202538225,0.1077774354,-0.3686980916,-0.5959195542,-0.6012438542,0.3246686658,0.0905338310,0.2474683058,-0.1620279563,0.1098908872,-0.6005573821,0.1434713861,0.1587423918,-0.1760498969
-1.9765395944,1.0595209853,0.8904044545,-0.0270650308,-0.0406562048,-0.6991908787,0.7132647982,0.0553925703,0.1503907972,0.1992005260,0.1048338426,0.0488503390,-0.1744586130,0.0736794844,-0.1845445411,-0.2372758634,0.1119855106,-0.0186623602,0.1499959249,0.0416315568,0.1241294381,0.1039267550,-0.3705612880,-0.5897701930,-0.6000449226,0.3250389442,0.0875326881,0.2458650603,-0.1685206341,0.1106034976,-0.6087093605,0.1447614968,0.1554921610,-0.1828146163
-1.9767998714,1.0596310534,0.8904595147,-0.0267758188,-0.0402923069,-0.6992042316,0.7132832733,0.0543424281,0.1508308297,0.2002542280,0.1047865019,0.0492993224,-0.1746183981,0.0720827985,-0.1842413838,-0.2362786295,0.1127458257,-0.0178904014,0.1499783804,0.0441326155,0.1281036703,0.0996109425,-0.3710240942,-0.5852233803,-0.5991816277,0.3245252819,0.0849279808,0.2459413636,-0.1741389772,0.1103714661,-0.6147173203,0.1456573553,0.1534434373,-0.1884236332
-1.9771693872,1.0597692686,0.8905372396,-0.0264456011,-0.0397812211,-0.6989046644,0.7136177931,0.0528301395,0.1515348439,0.2005815634,0.1046146549,0.0499647887,-0.1747379741,0.0704548222,-0.1836937119,-0.2367071410,0.1135371994,-0.0168576606,0.1498618146,0.0461462652,0.1315825804,0.0952567737,-0.3704291578,-0.5818822283,-0.5989211647,0.3235566164,0.0826390017,0.2474290360,-0.1788701910,0.1086025114,-0.6186827809,0.1465313305,0.1525752439,-0.1931619522
-1.9775523374,1.0599623910,0.8906297451,-0.0260882741,-0.0392120892,-0.6984618763,0.7140958068,0.0510228588,0.1522828660,0.2002742902,0.1044317373,0.0507923192,-0.1747894343,0.0688055185,-0.1830763446,-0.2377979424,0.1142639464,-0.0156589264,0.1496754566,0.0480545711,0.1340826396,0.0905597720,-0.3680822158,-0.5797543122,-0.5992713794,0.3221713037,0.0809491540,0.2502160167,-0.1821030339,0.1054842255,-0.6206147552,0.1468863956,0.1527283970,-0.1967945137
-1.9778758867,1.0602219011,0.8907048212,-0.0256084460,-0.0387221395,-0.6978150248,0.7147719878,0.0489087627,0.1526850285,0.1991120895,0.1042470414,0.0517419826,-0.1747914203,0.0672298386,-0.1827604712,-0.2391413241,0.1149329415,-0.0144932672,0.1494646193,0.0487520249,0.1364175374,0.0860518990,-0.3648546735,-0.5787223267,-0.6006580700,0.3204347058,0.0800351841,0.2541882101,-0.1839465171,0.1033927428,-0.6210253841,0.1462232639,0.1536669837,-0.1992786018
-1.9781349635,1.0605886905,0.8907572117,-0.0250068133,-0.0381781129,-0.6970390394,0.7155792539,0.0463115061,0.1529162654,0.1970222749,0.1040745098,0.0528883330,-0.1748283192,0.0655517015,-0.1825712857,-0.2408751696,0.1154038190,-0.0135148975,0.1493029986,0.0497451051,0.1384848655,0.0819748426,-0.3634225685,-0.5791905012,-0.6030197063,0.3181617083,0.0800333833,0.2587730792,-0.1848625646,0.1020830022,-0.6202206010,0.1452948442,0.1551696801,-0.2011072899
-1.9784348470,1.0610526579,0.8908146387,-0.0246782540,-0.0374892543,-0.6962860341,0.7163597548,0.0437358464,0.1538021736,0.1946877854,0.1040369690,0.0541055371,-0.1751017661,0.0640030747,-0.1817482837,-0.2430741884,0.1157069547,-0.0126746183,0.1490524952,0.0493560132,0.1405966220,0.0779803411,-0.3625578955,-0.5804894972,-0.6053528818,0.3160379709,0.0805386305,0.2635048506,-0.1847675447,0.1006015558,-0.6189843039,0.1435642039,0.1564248216,-0.2025240907
-1.9786964526,1.0617392569,0.8909256312,-0.0244209776,-0.0366288605,-0.6955438883,0.7171336291,0.0408056344,0.1548981363,0.1921008025,0.1039920850,0.0553689539,-0.1750679009,0.0622918547,-0.1806021456,-0.2448953826,0.1156175364,-0.0116584515,0.1488334312,0.0494898859,0.1426871071,0.0743656528,-0.3615565742,-0.5823300687,-0.6072156552,0.3142903382,0.0813429112,0.2688389297,-0.1830819740,0.0973415066,-0.6171276400,0.1416768872,0.1576018290,-0.2030662446
-1.9788033467,1.0627651269,0.8911000453,-0.0237147919,-0.0358499113,-0.6948466943,0.7178721779,0.0370981568,0.1549298552,0.1895839519,0.1038245474,0.0567902394,-0.1743293353,0.0598414073,-0.1803349204,-0.2461498769,0.1152138254,-0.0102005975,0.1487084873,0.0514315401,0.1427072085,0.0723653246,-0.3590749979,-0.5851027686,-0.6089564429,0.3122960206,0.0823230520,0.2752659208,-0.1797088169,0.0930524431,-0.6144037919,0.1397473800,0.1591416282,-0.2029728667
-1.9790104485,1.0643991431,0.8913852793,-0.0228568743,-0.0347362532,-0.6951047816,0.7177048827,0.0325330288,0.1552855166,0.1890215283,0.1038731916,0.0592186499,-0.1738704660,0.0553010296,-0.1798579885,-0.2458799359,0.1146314987,-0.0078863041,0.1485030923,0.0534875286,0.1401154073,0.0733570726,-0.3590277431,-0.5883361996,-0.6101578325,0.3097588690,0.0829836986,0.2819621838,-0.1749078086,0.0907069762,-0.6119379083,0.1380322182,0.1606168821,-0.2028610685
-1.9790136584,1.0663611117,0.8916247910,-0.0220784983,-0.0347109855,-0.6953099162,0.7175317470,0.0284989222,0.1541332994,0.1896539113,0.1049962024,0.0622351582,-0.1735776340,0.0511564654,-0.1812017025,-0.2451460364,0.1153413298,-0.0048274472,0.1484443447,0.0503336461,0.1336136473,0.0771081232,-0.3550824730,-0.5902128342,-0.6109818858,0.3069330406,0.0819492691,0.2890584850,-0.1665355904,0.0879566439,-0.6112110403,0.1374813375,0.1610723971,-0.2039620558
-1.9787286078,1.0700028385,0.8918837090,-0.0222214264,-0.0372046134,-0.6942359087,0.7184417360,0.0250564593,0.1504837602,0.1873943333,0.1081732995,0.0667693992,-0.1722661208,0.0492799990,-0.1854180137,-0.2465511839,0.1186368729,-0.0001587413,0.1486966211,0.0519768194,0.1172419723,0.0836039651,-0.3451677254,-0.5891144990,-0.6139465801,0.3040935396,0.0779853201,0.2958156917,-0.1510273302,0.0793798948,-0.6088527204,0.1375695481,0.1629333526,-0.2063118002
-1.9787050663,1.0756108269,0.8920913150,-0.0267708968,-0.0449615843,-0.6913424635,0.7206298448,0.0284892877,0.1462233733,0.1809949661,0.1155923570,0.0737906740,-0.1691115379,0.0565214739,-0.1908672893,-0.2500808128,0.1269473696,0.0067386570,0.1486462881,0.0580253599,0.0892711141,0.0899334034,-0.3269074804,-0.5849334162,-0.6206993796,0.3007648047,0.0692547566,0.2967501182,-0.1272970582,0.0637982058,-0.6005402658,0.1363019734,0.1678438305,-0.2071971891
-1.9801332944,1.0851839743,0.8921865434,-0.0364356061,-0.0602220459,-0.6856631755,0.7245079445,0.0372903080,0.1415012498,0.1692668231,0.1300222728,0.0916156611,-0.1648402081,0.0743402103,-0.1985222000,-0.2603742647,0.1416849670,0.0173713691,0.1459689048,0.0727475996,0.0554170406,0.1013887853,-0.3167513078,-0.5816878386,-0.6344109924,0.2976125724,0.0566595950,0.2967843635,-0.1025775111,0.0565799566,-0.5893239660,0.1347006691,0.1724135943,-0.2024505374
-1.9835299927,1.1025117249,0.8913962062,-0.0476386961,-0.0785283926,-0.6766317451,0.7305705494,0.0346804980,0.1373840136,0.1465720646,0.1512920362,0.1326645091,-0.1597428559,0.0884581174,-0.2070322326,-0.2783627746,0.1613850175,0.0369776931,0.1373555414,0.0883367982,0.0265770833,0.1203230570,-0.3424598993,-0.5930491685,-0.6537492723,0.2875681834,0.0446833820,0.2985497291,-0.0941440565,0.0774742031,-0.5833419138,0.1383872633,0.1744545211,-0.1906806441
-1.9886927662,1.1264539836,0.8890446357,-0.0627407657,-0.0995991026,-0.6676453918,0.7351144440,0.0379267746,0.1352816372,0.1165535374,0.1643750059,0.2293479327,-0.1507203113,0.1107128332,-0.2119633380,-0.3121202783,0.1715362096,0.0833028699,0.1094021233,0.0997774475,0.0084691994,0.1700729170,-0.4671064774,-0.6097923254,-0.6504197052,0.2654387637,0.0116997166,0.2905705447,-0.1157855918,0.1757367856,-0.5480775956,0.1282508504,0.1908272280,-0.1748926468
-1.9950109699,1.1568789151,0.8836790656,-0.0719363312,-0.1103835630,-0.6585990086,0.7408697451,0.0065715257,0.1401436705,0.1088901268,0.1784049090,0.3350356570,-0.1535668703,0.1009447280,-0.2117906346,-0.3647939830,0.1816744148,0.1310517504,0.0760776814,0.1072506586,-0.0415376590,0.2526588762,-0.6459298173,-0.6425018212,-0.6094563548,0.2480533271,-0.0101915675,0.1979721100,-0.1821947488,0.2850684784,-0.5055088446,0.0987638200,0.2106463593,-0.1752113194
-2.0008526330,1.1911321906,0.8734036265,-0.0792587693,-0.1187529950,-0.6561916579,0.7409644268,-0.0243203530,0.1452662892,0.1958232895,0.1979657578,0.3815273650,-0.1715503796,0.0779843894,-0.2154464047,-0.3974130802,0.1935839669,0.1508526632,0.0558326456,0.1007109229,-0.1417062763,0.3670934530,-0.8435826608,-0.6623490108,-0.5795609585,0.2486599170,-0.0183682714,0.0567419029,-0.2542765216,0.4071752080,-0.4776781534,0.1136038333,0.2301412944,-0.1960869971
-2.0083392102,1.2268369709,0.8646671885,-0.0864128338,-0.1329557925,-0.6595941695,0.7347047780,-0.0315520372,0.1497201767,0.4105427692,0.2545421952,0.3051962052,-0.1721248744,0.0559351912,-0.2238181321,-0.3966101694,0.2065137073,0.1577450367,0.0379559886,0.0961434753,-0.2920296186,0.4813126082,-1.0531173872,-0.6708969223,-0.6371670922,0.2334897192,-0.0465193115,-0.1141761374,-0.3460728201,0.5678869193,-0.4833192052,0.1200872304,0.2190555227,-0.2080142482
-2.0181489214,1.2629277446,0.8599501697,-0.0979803904,-0.1501610016,-0.6676371233,0.7225733100,-0.0186631590,0.1763811881,0.6212845904,0.3872091463,0.2693970643,-0.1466848657,0.0382214842,-0.2218383552,-0.3714268785,0.2161022030,0.1862347498,0.0133044432,0.0957074597,-0.4669084498,0.6017557374,-1.3042315522,-0.7053802254,-0.7771198021,0.1802530337,-0.0847786792,-0.3016932015,-0.4429560600,0.7283620261,-0.5263961875,0.1056095268,0.1820944264,-0.2066668981
-2.0273958093,1.2974088106,0.8560047105,-0.1143248979,-0.1718065235,-0.6742619897,0.7090720030,-0.0034293204,0.2191338533,0.6578698021,0.6154866622,0.2021282854,-0.1536407722,0.0387788527,-0.2156257905,-0.3436911569,0.2190113137,0.2201576821,-0.0106225149,0.0757992616,-0.6504901585,0.7086855963,-1.5468502823,-0.7425042626,-0.9059154596,0.1376330638,-0.0899623635,-0.4914331115,-0.5304005228,0.9061223230,-0.6048294758,0.1235729191,0.1545861116,-0.2338733925
-2.0373273226,1.3326807403,0.8534134225,-0.1322928725,-0.1878972850,-0.6712868126,0.7046752595,-0.0072023698,0.2394815520,0.5439369918,0.8625315285,0.1367836916,-0.2063207322,0.0496991538,-0.1987607249,-0.3449971212,0.2078213582,0.2579023079,-0.0344009736,-0.0172040012,-0.7012452440,0.8184913912,-1.5708000000,-0.7547775518,-1.0024163014,0.1552960979,-0.0623466804,-0.7050502432,-0.5789373255,1.1299935199,-0.7071350881,0.1239267447,0.1553931148,-0.3341873406
-2.0481435698,1.3714777645,0.8516441444,-0.1546973812,-0.1990885401,-0.6607078622,0.7070343657,0.0239408651,0.2299452510,0.4131533399,1.0340160758,0.0980221061,-0.2418327206,0.0658334332,-0.1690512919,-0.3655937151,0.1871251160,0.3141432219,-0.0596612952,-0.0838636730,-0.7853384298,0.8734012488,-1.5708000000,-0.7377962973,-1.0727833993,0.2027325721,-0.0390216242,-0.8597263337,-0.6337880034,1.2478649326,-0.7771185068,0.0897618828,0.1381073115,-0.4367248220
-2.0589865029,1.4160614895,0.8486603971,-0.1747239000,-0.2055951857,-0.6516054131,0.7089517360,0.0840449767,0.1946761976,0.2898980860,1.1109062156,0.1424363098,-0.2563258940,0.0589638712,-0.1402784086,-0.3878330151,0.1712327410,0.3979140163,-0.0781158668,-0.0666327343,-0.9781223054,0.8596890349,-1.5707987632,-0.7437962957,-1.1096379755,0.2354023454,-0.0288370421,-0.9372307727,-0.7525312376,1.2435126313,-0.8095197771,0.0506097512,0.1132621367,-0.4992399315
-2.0684569783,1.4674314398,0.8402315110,-0.1893668935,-0.2069639845,-0.6479087292,0.7081810273,0.1593474998,0.1166225189,0.1348290512,1.0408102163,0.2417132616,-0.2063290479,0.0181274514,-0.1215348380,-0.4164961432,0.1646678991,0.5056390564,-0.0659718011,-0.0064196090,-1.1776978263,0.8376851635,-1.4677887814,-0.8209381922,-1.1197891722,0.2564239230,0.0161714746,-0.9735921391,-0.9352541426,1.2267996278,-0.8276762850,0.0275499003,0.1010820374,-0.5494968340
-2.0780695472,1.5248730615,0.8213514246,-0.1941201112,-0.1977003200,-0.6440090939,0.7130808179,0.2751062484,0.0523132530,-0.0569984064,0.7429480163,0.2440631325,-0.1394806255,-0.0576066275,-0.1224358696,-0.4684050551,0.1810841920,0.5061399999,0.1048954587,0.0690680810,-1.2973907865,0.8436100329,-1.2206068341,-1.0340800309,-1.0517980158,0.2608508040,0.1405876594,-0.9727239757,-1.2374153669,1.2489845280,-0.8609571626,0.0007083999,0.0962809621,-0.6053756075
-2.0898776874,1.5892530157,0.8003603511,-0.1893386189,-0.1809944383,-0.6418017587,0.7207512770,0.3315772762,0.0744968273,-0.0459506623,0.5500551901,-0.1379559317,-0.0508884213,-0.1443642546,-0.1314603236,-0.4529123031,0.2273403656,0.5061400000,0.1065541370,0.1352761483,-1.2199714516,0.9039656995,-0.8363606185,-1.3390063856,-0.8165836292,0.1991347483,0.3594687674,-0.8893405065,-1.5742395258,1.3185155230,-0.8518988309,-0.0751945301,0.1114715884,-0.6499070453
-2.0977708566,1.6642035601,0.7911199506,-0.1798796146,-0.1790405989,-0.6273908935,0.7361850684,0.2294538524,0.0719603497,-0.0343621788,0.5532707405,-0.2090854556,-0.0328071228,-0.1972193234,-0.2364035585,-0.5732086266,0.3892358529,0.5043266494,-0.0028131941,0.1406835452,-1.0414393812,0.9689048933,-0.3793503971,-1.4811977203,-0.6869254975,0.1178039067,0.5189265138,-0.7973785486,-1.8247245204,1.4872316340,-0.7302583024,-0.1377989503,0.1645457181,-0.5188342291
-2.1069332552,1.7392889434,0.7872484499,-0.1966502035,-0.1745304912,-0.5993618848,0.7560642408,0.0729714045,0.0871559022,-0.1111201670,0.6457794008,-0.0777340246,-0.0380625833,-0.2360520362,-0.3724993841,-0.5981497195,0.7799812403,0.3731597460,-0.1032786262,0.0407850610,-0.8304037569,1.0495989226,0.0595249938,-1.4687751321,-0.7596844782,0.1050970525,0.5724401249,-0.5807632710,-1.8832516114,1.5708000000,-0.5933319849,-0.1074042978,0.2329813154,-0.2641047725
-2.1191802707,1.8042751555,0.7897215410,-0.2025327357,-0.1667845355,-0.5812295010,0.7702828551,0.0064913367,0.1001688516,-0.1420838843,0.5860990818,0.0066994175,-0.0349726585,-0.2510136946,-0.4573645030,-0.5216163762,1.1828143620,0.2956767491,-0.0659011619,-0.0517015521,-0.5693135174,1.0727598388,0.5350930691,-1.3671571773,-0.9076395057,0.1505259851,0.5760423124,-0.4031941197,-1.8192355687,1.5708000000,-0.4973546302,0.0009854165,0.2470044800,0.0168654846
-2.1390071976,1.8710314884,0.7901952144,-0.2113587644,-0.1424931826,-0.5477871996,0.7968389734,-0.0976191109,0.1187616560,-0.2399949992,0.5271010660,0.1295511986,-0.0471082702,-0.1363189573,-0.4198061011,-0.5375094265,1.4126169524,0.2805796933,-0.0137698325,-0.1793631723,-0.2047630230,1.0049476594,0.9999421298,-1.3128539220,-0.9603717872,0.2098838020,0.5996519266,-0.3125774390,-1.6979107688,1.5708000000,-0.4600524225,0.1021638532,0.2065644788,0.2214465968
-2.1619566897,1.9397344981,0.7924227331,-0.2177110609,-0.1130510159,-0.5144711477,0.8216695199,-0.1896481832,0.1291778947,-0.3518806571,0.4251463727,0.2638735498,-0.0698048603,0.0351049150,-0.2382375563,-0.5470185711,1.4348554577,0.3395991323,0.0509760362,-0.3222495361,0.2619022448,0.8541202954,1.4058671524,-1.2886674976,-0.8897202796,0.2830813287,0.6354857291,-0.2306748298,-1.5193006658,1.5708000000,-0.4666837134,0.0622737947,0.1914515537,0.3333718778
-2.1837870069,2.0143738912,0.7886803180,-0.2153051089,-0.0821216004,-0.4940939289,0.8383143457,-0.2893048602,0.1257195539,-0.4342658610,0.3232779827,0.3829230563,-0.1095064686,0.1730770497,0.0257181311,-0.4688683652,1.2910559551,0.3848006647,0.1170161893,-0.4140771198,0.6251197947,0.6928766471,1.5707746711,-1.2094683609,-0.7835401166,0.3536569269,0.6450131436,-0.0757780327,-1.2764221653,1.5081865906,-0.4948452581,-0.0043933259,0.2049053428,0.3406673096
-2.2031725072,2.0990381527,0.7785877232,-0.2028252218,-0.0456350415,-0.4859040686,0.8489267392,-0.4134675060,0.1089394401,-0.4791192481,0.2384849982,0.4126646383,-0.1597612486,0.2871106912,0.1745300000,-0.4172428931,1.0671654386,0.3732815577,0.1096553447,-0.3029407079,0.7763458450,0.6805625090,1.4925606814,-1.0843660435,-0.6633248592,0.3852602883,0.6099473976,0.4250040836,-0.8681236709,1.1220601688,-0.4877473225,-0.0275198435,0.2282513792,0.1959444762
-2.2193140381,2.1957449427,0.7573317786,-0.1751411782,-0.0157050203,-0.4784386352,0.8603344654,-0.5482223604,0.0438765537,-0.4779494877,0.1785529808,0.3327691523,-0.1593706682,0.3290904400,0.1745300000,-0.4775560820,0.9023754641,0.3873781063,0.0115104312,-0.0534234206,0.6648184741,0.7832942672,1.0752052814,-1.0053546459,-0.5635319586,0.3742929021,0.5576658709,0.7054586809,-0.6083007338,0.8985301144,-0.5745679143,0.0802755548,0.2032752749,-0.0318442129
-2.2314988061,2.3034215930,0.7212667828,-0.1242139688,0.0169816581,-0.4651139883,0.8763284151,-0.7098351040,-0.0600389277,-0.3254197183,0.1319412870,0.1854122142,-0.1995625786,0.2697686288,0.1745300000,-0.4911607047,0.7853395614,0.1195576197,-0.1303814677,0.0495513632,0.4885931443,0.7729073688,0.6459934907,-0.9607903809,-0.5147303213,0.3640290661,0.5209500191,0.6929347993,-0.6235543386,0.8741891748,-0.7106248575,0.2016088608,0.1926716373,-0.2105933953
-2.2500556940,2.4054497377,0.7074402642,-0.0921442485,0.0587917490,-0.4278837885,0.8972003295,-0.8321526514,-0.1341314702,0.1444650899,0.1393769413,0.1401332604,-0.2701767420,0.1507652315,0.1745300000,-0.6040834408,0.7497313703,-0.3499848566,-0.1137513908,0.0417992047,0.3114001386,0.7382967836,0.2483272058,-0.9126581843,-0.4938148045,0.3733716502,0.4883121981,0.5931502145,-0.7019796538,0.8274149647,-0.8615088390,0.3037759735,0.1948679692,-0.3309793905
-2.2741630260,2.5079881014,0.7044851921,-0.0793741416,0.0913232689,-0.3916470699,0.9121251991,-0.8930344897,-0.1379793954,0.4104498125,0.2273888449,0.1485272207,-0.1254933241,0.0071353726,0.1745300000,-0.6923747110,0.7344108199,-0.6233156041,0.0172428190,0.0293785818,0.1339095327,0.7194854648,-0.1336525728,-0.8579414206,-0.4760244633,0.3880160965,0.4780228887,0.4760942278,-0.7499253390,0.7791759789,-0.9880854712,0.3497763110,0.2238346291,-0.4103721210
-2.2941097533,2.6060685224,0.7147645564,-0.0779133476,0.1151460770,-0.3595110168,0.9227257014,-0.9512440008,-0.0902884111,0.2420746369,0.4199393116,0.1525241808,-0.0534934206,-0.1561308868,0.1745300000,-0.6904080240,0.7265869635,-0.5889470593,-0.0008529846,0.0217740238,-0.0196263191,0.7085315242,-0.4814610174,-0.7954414078,-0.4847279037,0.4090425875,0.4937628360,0.3396974985,-0.7355233375,0.8085992007,-1.0606636683,0.3180163744,0.2762246115,-0.4948802413
-2.3111455439,2.6972863144,0.7349202010,-0.0565933324,0.1575563219,-0.3214402687,0.9320136017,-1.0739408452,-0.0207351665,0.1160791063,0.7001378149,0.0830123929,-0.0113363111,-0.3281449503,0.1442620265,-0.7005318409,0.6543216241,-0.4104976051,-0.0243095137,-0.0308233839,-0.1846981492,0.6548018073,-0.7227539855,-0.7246667090,-0.4921809558,0.4231478490,0.5110676292,0.1388640042,-0.6812823572,0.8356506326,-1.0982282131,0.3317595604,0.3117056871,-0.5707086198
-2.3213875607,2.7850096764,0.7501212861,-0.0194210420,0.2165828737,-0.3000200524,0.9288178778,-1.2164649397,0.1243425639,0.0743784382,0.9643146017,-0.0473563221,0.0849045026,-0.5383051867,-0.0141160057,-0.7359214740,0.6919480851,-0.3011869645,0.0267302879,-0.0546021857,-0.3561692750,0.5727493081,-0.8532094165,-0.6555851164,-0.4535851345,0.4158489891,0.4906823981,-0.0769043577,-0.6001289261,0.8876707475,-1.1251719681,0.3636655325,0.3152237976,-0.6370754905
-2.3245576441,2.8699213783,0.7559523961,0.0188297158,0.2798839862,-0.3034021850,0.9106357725,-1.3006131042,0.3042761525,-0.0044707844,1.0963142586,-0.1294767920,0.1546120041,-0.7549323264,-0.1440509132,-0.6860826448,0.7138558925,-0.2501291391,0.0904550393,-0.0571952953,-0.5032162959,0.5198292252,-0.9481290833,-0.5960125579,-0.3547194015,0.3978870888,0.4433328261,-0.3000175822,-0.4870831376,1.0009013375,-1.1263448210,0.3902550256,0.2945446080,-0.6592729921
-2.3185923845,2.9552875907,0.7515316930,0.0483522586,0.3393748926,-0.3021766794,0.8894807450,-1.2899418278,0.4215450126,-0.1265184249,1.0507052103,-0.0355928725,0.1941421898,-0.9530186595,-0.2613255447,-0.6199329931,0.7296915294,-0.2137237318,0.1855469001,-0.0764960036,-0.6349137916,0.4939390861,-1.0433387267,-0.5167484555,-0.2766920055,0.3979425100,0.3827537422,-0.4793172054,-0.3438502117,1.1460681616,-1.0859294918,0.4046523644,0.2755137131,-0.6472825275
-2.3037419200,3.0440758088,0.7325068539,0.0672289037,0.3830742259,-0.2924801227,0.8736073430,-1.1507403472,0.4343230773,-0.3379063583,0.8293695184,-0.1409271514,-0.3505817253,-1.1141642484,-0.3802200172,-0.5312900993,0.7464893385,-0.1897546235,0.2927970919,-0.0773917784,-0.7336434284,0.4480754538,-1.1234935018,-0.4415993014,-0.2645099612,0.4162052103,0.3325658355,-0.5803641647,-0.2007154632,1.2627219493,-1.0087341754,0.4249834066,0.2694752598,-0.6308212117
-2.2903299843,3.1128607813,0.7223630272,0.0916915972,0.4201262076,-0.2788640739,0.8586742391,-1.1647404582,0.3826691499,-0.3713337311,0.7098893871,-0.2625293263,-0.3768394771,-1.2195639097,-0.4732315707,-0.5105067123,0.6961802936,-0.1676719579,0.2980351485,-0.0679404036,-0.7489057919,0.4232895908,-1.1458184631,-0.4455053471,-0.2617473292,0.4142012950,0.3265528338,-0.6069883203,-0.1603907059,1.2866333162,-0.9962698446,0.4335784815,0.2744522072,-0.6267199890
-2.2748554345,3.1637520407,0.7240761722,0.1135846968,0.4316653032,-0.2693915902,0.8533415224,-1.2179492731,0.2776083747,-0.3303736129,0.7172775334,-0.2852544426,-0.3724492389,-1.2821006362,-0.5567983300,-0.4662400009,0.6553142666,-0.1297289655,0.3006576783,-0.0613758933,-0.7576700721,0.3735203920,-1.1843344139,-0.4715559851,-0.2697497687,0.4019806210,0.3518585258,-0.6095270510,-0.1158844024,1.3340589806,-0.9694727795,0.4304433635,0.2817417823,-0.6073975225
-2.2557121273,3.2048821409,0.7239657037,0.1106614147,0.4394044344,-0.2685125856,0.8500463432,-1.2643544988,0.2153412843,-0.3004648441,0.7676359871,-0.2880787214,-0.3456947036,-1.3049165144,-0.5839025494,-0.4238706423,0.6268620250,-0.0955286880,0.3011095018,-0.0269753593,-0.7809575073,0.3229085999,-1.1751840768,-0.5038074091,-0.2828270173,0.3894030118,0.3943043089,-0.6089243991,-0.0739753580,1.3774750854,-0.9325016569,0.4363706519,0.2981643507,-0.6013788001
-2.2364313832,3.2457315164,0.7129621242,0.0899943618,0.4533089750,-0.2743133203,0.8433055142,-1.4005525702,0.1576290063,-0.3098997145,1.0161136016,-0.4618873484,-0.2210287286,-1.2795405821,-0.5281261513,-0.3199896205,0.5186814810,0.0109126018,0.3387874700,-0.0114230763,-0.7478822833,0.2605793457,-1.1276034461,-0.5998682492,-0.4111878445,0.3740847412,0.7194522146,-0.5544439297,0.0683420813,1.2223028030,-0.7419173112,0.4691039623,0.3623653897,-0.6497377122
-2.2274180174,3.2740166588,0.7145205322,0.0731842041,0.4671269895,-0.2684871459,0.8392562781,-1.4513270703,0.1403211836,-0.3159059867,1.0338677358,-0.4635002421,-0.2060681893,-1.2900012593,-0.5237257867,-0.3219870754,0.4990542814,0.0334527498,0.3394886529,-0.0265160745,-0.7656051772,0.2640013480,-1.1437788454,-0.6137972141,-0.4242220848,0.3727223729,0.7465472769,-0.5858455933,0.0439575170,1.2555821535,-0.7314297768,0.4766078256,0.3628646718,-0.6511315498
-2.2182483236,3.2987646757,0.7158482482,0.0552730002,0.4635396067,-0.2698167841,0.8421845590,-1.4704539798,0.1216763379,-0.3153426142,1.0714393188,-0.4565911094,-0.1842894206,-1.2679617505,-0.5137625360,-0.3204196983,0.4822498562,0.0574613763,0.3315338861,-0.0411468671,-0.7814361123,0.2599938457,-1.1595045114,-0.6206292731,-0.4324931209,0.3726119367,0.7646913060,-0.6139396159,-0.0020352067,1.3201037147,-0.7079903247,0.4801497300,0.3646297061,-0.6377177316
-2.2071407138,3.3196775200,0.7197249358,0.0335957264,0.4511065999,-0.2728339707,0.8490793763,-1.4586964059,0.1120087377,-0.3161431676,1.1011625877,-0.4544219826,-0.1592041336,-1.2248563707,-0.4916972748,-0.3163630795,0.4688130666,0.0835525031,0.2979046199,-0.0805812278,-0.7846099608,0.2514700100,-1.1543895031,-0.6141118692,-0.4302891613,0.3743206844,0.7714140738,-0.6280412300,-0.0368642040,1.3583449469,-0.6868567289,0.4618781393,0.3608260212,-0.6065143192
-2.1940145425,3.3361215966,0.7283026566,0.0096071962,0.4369900887,-0.2659517265,0.8591955792,-1.4324217108,0.1007881494,-0.3185735086,1.1158072494,-0.4491933635,-0.1325124793,-1.1702331504,-0.4648309411,-0.3129285213,0.4637336090,0.1209166230,0.2235355479,-0.1169801903,-0.7751777763,0.2514029375,-1.1522841236,-0.5999309632,-0.4239374250,0.3763749973,0.7673154118,-0.6367279236,-0.0731576024,1.4125367954,-0.6660365733,0.4555468884,0.3583401637,-0.5773733235
-2.1785959982,3.3510473014,0.7409733198,-0.0132079791,0.4221118789,-0.2564580484,0.8694115138,-1.3897455734,0.0877082041,-0.3233524629,1.1110293871,-0.4416166070,-0.1043122171,-1.1163858964,-0.4285710431,-0.3104782820,0.4705742329,0.1719054975,0.1230016333,-0.1474019960,-0.7550960400,0.2611376444,-1.1607438002,-0.5820413957,-0.4136197717,0.3775252232,0.7511152683,-0.6392361525,-0.1101783948,1.4768529569,-0.6534306202,0.4653316447,0.3549990664,-0.5663705607
-2.1615774373,3.3652598439,0.7581898187,-0.0340284553,0.4044117305,-0.2512422757,0.8787323457,-1.3239150418,0.0784134780,-0.3294397230,1.0844036777,-0.4323242471,-0.0743169400,-1.0639600526,-0.3677752595,-0.2928504201,0.4910711838,0.2137212990,0.0536381209,-0.1868617279,-0.7252926232,0.2826599356,-1.1595271380,-0.5590261486,-0.3869297768,0.3749628993,0.7130076663,-0.6231270841,-0.1413845353,1.4837796760,-0.6508765848,0.4638084960,0.3479219015,-0.5566441284
-2.1415134214,3.3781995970,0.7791939135,-0.0556781533,0.3867793165,-0.2483756555,0.8863471314,-1.2428733375,0.0781493068,-0.3378579755,1.0380184806,-0.4195232651,-0.0432299197,-1.0275716909,-0.2747926588,-0.2780854241,0.5304622520,0.2444973779,0.0213405226,-0.2210241435,-0.6772261783,0.3166449326,-1.1509382962,-0.5203205090,-0.3396221574,0.3750029559,0.6425678585,-0.5818170561,-0.1687187496,1.4488365843,-0.6566928907,0.4514997777,0.3363502970,-0.5440146699
-2.1179168191,3.3886293477,0.8018206745,-0.0741950201,0.3706361682,-0.2474180784,0.8921368865,-1.1495053102,0.0837430089,-0.3434077113,0.9726849841,-0.4026726689,-0.0105700452,-1.0119943512,-0.1707179320,-0.3075775032,0.5855351159,0.2721643635,0.0263257394,-0.2622409297,-0.6053120640,0.3717866617,-1.1912335600,-0.4659527325,-0.3265358637,0.3918842265,0.5759513960,-0.5184739231,-0.1945048680,1.4088769421,-0.6684319313,0.4395507072,0.3209837256,-0.5321950048
-2.0899702431,3.3987013541,0.8258944743,-0.0893477124,0.3580591662,-0.2473906047,0.8958842048,-1.0506443854,0.0913559921,-0.3437620581,0.8890819420,-0.3818040345,0.0239378089,-1.0181113820,-0.0714198346,-0.3719949142,0.6373439824,0.2945853985,0.0516554210,-0.3040386122,-0.5133618415,0.4289673056,-1.2693726135,-0.4150922580,-0.3527485323,0.4144802056,0.5293948508,-0.4395068917,-0.2187924178,1.3676470682,-0.6832695636,0.4297492971,0.3052348658,-0.5240085616
-2.0589460348,3.4095024339,0.8489506443,-0.0927298605,0.3450520996,-0.2470656930,0.9007212470,-0.9443639816,0.0830983604,-0.3304523933,0.7889652841,-0.3570951069,0.0605877808,-1.0371431881,0.0115553886,-0.4417820394,0.6694211475,0.3063397801,0.0777699320,-0.3213764216,-0.4245225149,0.4561958780,-1.3024715060,-0.3810358792,-0.3750350746,0.4259188708,0.4868102017,-0.3442459102,-0.2510227233,1.3080150931,-0.6952517256,0.4179362844,0.2925028903,-0.5188459334
-2.0234483275,3.4229975596,0.8690850497,-0.0843119149,0.3297378656,-0.2510160664,0.9061762386,-0.8352120829,0.0524309329,-0.3016270411,0.6855815069,-0.3256947704,0.0985768871,-1.0608921853,0.0831654922,-0.4931574227,0.6741915432,0.3134287596,0.1013110616,-0.3066330480,-0.3424558684,0.4464601885,-1.2752756981,-0.3658307974,-0.3725299814,0.4233385167,0.4367859764,-0.2364412041,-0.2880510418,1.2312890415,-0.7002573719,0.4004938238,0.2850474120,-0.5161272302
-1.9824827804,3.4391729775,0.8843603601,-0.0645036596,0.3119011664,-0.2562532953,0.9126287246,-0.7349547170,-0.0072785216,-0.2529513365,0.5931806153,-0.2789115025,0.1352920101,-1.0772800763,0.1441496850,-0.5229135589,0.6505516425,0.3168770041,0.1208703551,-0.2899352798,-0.2558725346,0.4083369367,-1.2280655450,-0.3619429449,-0.3583350543,0.4145770626,0.3856856296,-0.1212666245,-0.3196048190,1.1464873647,-0.6981896175,0.3758667199,0.2800272978,-0.5130137532
-1.9373524154,3.4581722252,0.8939899106,-0.0399150232,0.2972632228,-0.2504486709,0.9204981426,-0.6540726650,-0.0840903526,-0.1895669179,0.5131192247,-0.2202982315,0.1348926004,-1.0870411247,0.1744666986,-0.5546010626,0.6054292660,0.3151511202,0.1414392111,-0.2843270499,-0.1656870567,0.3535766576,-1.1775686447,-0.3643586410,-0.3465192676,0.4042438155,0.3414901240,0.0063462010,-0.3360862776,1.0607018368,-0.6903340907,0.3475238201,0.2765833814,-0.5073772401
-1.8973479358,3.4843866274,0.8968487822,0.0021951199,0.3192394418,-0.2373173709,0.9174757903,-0.6891724829,-0.1744924844,-0.1008179371,0.4358777229,-0.1872155528,0.0458924370,-1.1963701209,0.1745299996,-0.5912143140,0.5405621491,0.2934878741,0.1610581091,-0.2631219164,-0.1601760977,0.3060268382,-1.1192799484,-0.3804298996,-0.3441449545,0.3953543125,0.3214949879,0.0564198253,-0.3111894138,0.9581067231,-0.7003940737,0.3187375767,0.2665228975,-0.5154209043
-1.8558296285,3.5011329093,0.8894224023,0.0240005098,0.3179990192,-0.2221883913,0.9213755576,-0.6646760792,-0.1745299998,0.0361263151,0.4182388623,-0.1473984101,-0.0841919643,-1.2383644399,0.1745300000,-0.6593001471,0.5146706486,0.2664832698,0.1745454362,-0.2432715142,-0.1671386942,0.2644984512,-1.0556288634,-0.3972302078,-0.3507772548,0.3880428738,0.3055333901,0.1174988153,-0.2692172455,0.8673140289,-0.7120745648,0.2957859342,0.2508835140,-0.5220047206
-1.8069611214,3.5167537179,0.8753933741,0.0489470002,0.2968291268,-0.2102938979,0.9302005897,-0.6108887558,-0.1745300000,0.1757600660,0.4887607139,-0.0986419981,-0.1993646392,-1.1914686949,0.1745300000,-0.7481009520,0.4932060693,0.2252669386,0.1749168071,-0.2291525374,-0.1561502800,0.2181951921,-0.9744083295,-0.4085992733,-0.3583751409,0.3821799982,0.2807030560,0.2102283756,-0.2164844037,0.7901971369,-0.7205486496,0.2795336343,0.2292403662,-0.5243525798
-1.7685429491,3.5361920111,0.8577445465,0.1073267444,0.3608092114,-0.1742302880,0.9099129022,-0.9297189045,-0.1745300000,0.3081811303,0.8407483627,-0.0501023946,-0.3436606825,-1.3107404053,0.1745300000,-0.7797780634,0.3576820276,-0.0403560924,-0.2964838751,-0.2874903182,-0.2742916668,0.1946052617,-0.7228514543,-0.4380506403,-0.5964572412,0.3623383944,0.0481463919,0.2809017582,-0.1036667313,0.5456158697,-0.7780565353,0.4414517835,0.0676929800,-0.5103441101
-1.7198170541,3.5446382718,0.8376167200,0.1166898702,0.3044701315,-0.1433135065,0.9344210251,-0.8704717095,-0.1707208291,0.2266142447,1.0375288503,-0.0013296736,-0.2302949115,-1.1439975807,0.1068859198,-0.7053223217,0.3465917768,-0.2647623297,-0.4322111439,-0.3691923443,-0.1588340512,0.1768304653,-0.6127178763,-0.4541486303,-0.5765509356,0.3524426367,0.0119452075,0.3801367670,-0.0483349440,0.4507873116,-0.7496746058,0.5138950742,0.0426308921,-0.4319389071
-1.6741257149,3.5534368698,0.8223498323,0.1054441041,0.2606701470,-0.1521627020,0.9475120725,-0.8801493362,-0.0979169711,0.1355684801,1.2469326794,0.0099196816,-0.0863371371,-1.0601044854,0.0569066633,-0.6653645651,0.4606400989,-0.3345710430,-0.4272106213,-0.3655170962,-0.0670478824,0.1631433201,-0.5273462947,-0.4761207644,-0.5203305790,0.3444841923,0.0031361509,0.4013198381,-0.0300832835,0.4033361384,-0.7079159505,0.5079926639,0.0472538498,-0.3616847789
-1.6247248416,3.5578835028,0.8159452860,0.0903139825,0.2243905163,-0.1963686652,0.9502271455,-0.8987914707,0.0040171876,0.0574754774,1.3888404184,-0.0195435775,0.0685392904,-0.9553266940,0.0758863526,-0.6298598841,0.5261839819,-0.3792515209,-0.3889981302,-0.3244965521,0.0249555545,0.1494134358,-0.4240447120,-0.5146128220,-0.4313321095,0.3337941063,0.0237371848,0.3090816379,-0.0821786906,0.4614838418,-0.6409294976,0.4338738804,0.0717678981,-0.2288380365
-1.5775841803,3.5573859750,0.8198718334,0.0758074350,0.1880013511,-0.2413391725,0.9490332600,-0.8867356313,0.0757871751,-0.0282890178,1.4204811560,-0.0168555773,0.1008111999,-0.8219769441,0.1066366345,-0.5973375876,0.5356338267,-0.3873784091,-0.3618757887,-0.2859774267,0.0692742042,0.1384118803,-0.4125392572,-0.5120943259,-0.3858528844,0.3295070868,0.0305041549,0.2725428269,-0.1114610290,0.4860811132,-0.6321013840,0.4249883973,0.1010718424,-0.1645132948
-1.5364922910,3.5587696758,0.8308351273,0.0619564477,0.1599332067,-0.2907781615,0.9412921060,-0.8854711234,0.1185266984,-0.1000755532,1.3940636302,-0.0157594518,0.1223537774,-0.6978572585,0.1369973096,-0.5483643507,0.5141332697,-0.3821171026,-0.3247351485,-0.2293093130,0.0971734920,0.1441901759,-0.4420312220,-0.5121923041,-0.3610113985,0.3197844567,0.0399749272,0.1995821479,-0.1409052232,0.5019489128,-0.6637327020,0.4443765141,0.1283673538,-0.1336468809
-1.4946650575,3.5590973489,0.8480827242,0.0554621424,0.1363865910,-0.3468053443,0.9263091826,-0.8577404563,0.1344497259,-0.1399813611,1.2932301427,-0.0175320181,0.1263255934,-0.5749219094,0.1537646405,-0.4817549735,0.4701067466,-0.3589828327,-0.2828437489,-0.1668774614,0.1094795062,0.1598394668,-0.4840960175,-0.5195312031,-0.3788308903,0.3107256452,0.0417973138,0.1205037365,-0.1731939913,0.5265441904,-0.7361563336,0.4900121262,0.1373673420,-0.1637568148
-1.4335174748,3.5416826430,0.8708491684,0.0262943012,0.0186402031,-0.4379214614,0.8984352766,-0.4169120599,0.1894663381,0.0359087841,0.9908725675,-0.0131110992,0.1105813670,-0.1397731072,0.1408347303,-0.2873742973,0.3111043668,-0.2718612395,-0.2149109325,-0.0085909720,0.4137331964,0.0538703949,-0.5526101502,-0.4889360920,-0.4174860548,0.3092473623,0.0173731582,0.3642563693,-0.2277892779,0.6119723952,-0.7798513265,0.5125354838,0.1412220205,-0.2095831574
-1.3969267030,3.5382807130,0.8931492466,0.0298654683,0.0145962367,-0.4853376874,0.8736946451,-0.3341030863,0.1824889691,0.0945260215,0.6821005835,0.0147300358,0.0884115199,-0.0858799273,0.1069887679,-0.2074384948,0.2449562884,-0.1301482318,-0.1874615463,0.0243744223,0.4177310393,0.0693658138,-0.5649205560,-0.5284342660,-0.4690920939,0.2986954620,0.0430070242,0.3401614863,-0.2403977992,0.5844530765,-0.9055394970,0.5099199519,0.1077458107,-0.2806812440
-1.3640918059,3.5345677872,0.9085139581,0.0312114208,0.0152060687,-0.5299854698,0.8472957125,-0.2774735614,0.1672981913,0.0966886858,0.4166405620,0.0298709922,0.0463643193,-0.0761508103,0.0739364438,-0.1587404368,0.2320647722,0.0182477362,-0.1462820551,0.0400940758,0.3830788645,0.1091534359,-0.5770166874,-0.5709392466,-0.5095325327,0.2878472551,0.0737233546,0.2805518076,-0.2457377182,0.5592684770,-1.0464329770,0.5034410561,0.0589627152,-0.3270979166
-1.3318604688,3.5292378315,0.9166504486,0.0285861539,0.0135851168,-0.5746765441,0.8177683939,-0.2403230113,0.1657824368,0.0538409687,0.2475495476,0.0355013513,-0.0421776826,-0.0819718152,0.0443174086,-0.1426278826,0.2504882132,0.1473081172,-0.0636470408,0.0474975327,0.3525789996,0.1634912340,-0.6012897322,-0.6084603091,-0.5268804231,0.2745889679,0.0996984659,0.2158860699,-0.2551540626,0.5450183326,-1.1791263261,0.5122738654,0.0133972234,-0.3321036440
-1.2987835987,3.5222968433,0.9172733822,0.0168359848,0.0075673632,-0.6194926915,0.7847853782,-0.1893667261,0.1821125755,0.0121222355,0.1550358090,0.1016540419,-0.1480603221,-0.0906476538,0.0236412510,-0.1450787556,0.2973873908,0.2662719341,0.0506130781,0.0554612758,0.3539493176,0.2526503731,-0.6293149892,-0.6539873515,-0.5233117883,0.2486369335,0.1144982023,0.1727183443,-0.2694280857,0.5261587823,-1.3521426008,0.5540378257,-0.0396623585,-0.2799260389
-1.2653917143,3.5153945813,0.9076560300,0.0033960915,-0.0018395748,-0.6636798896,0.7480067424,-0.1315817252,0.1976232391,0.0091538861,0.1326572482,0.1927214023,-0.1963958556,-0.1428632824,0.0008815458,-0.1362538793,0.4194329471,0.2666378367,0.0366735558,0.0643915659,0.3770658370,0.3691011491,-0.6503064580,-0.7234204132,-0.4984875651,0.2060033741,0.1012174672,0.1658797838,-0.2720635025,0.4909393546,-1.5754521018,0.6167072807,-0.0796990783,-0.1596443000
-1.2336375181,3.5086260903,0.8933281231,-0.0030416784,-0.0238693046,-0.7023965215,0.7113790347,-0.0526418652,0.1690714852,0.0222438925,0.1466546794,0.1043085052,-0.2346919664,-0.2390110105,-0.0565103689,-0.1401229759,0.6249353181,0.1777621737,-0.0140022369,0.0628979699,0.3912607162,0.4632777215,-0.6917350629,-0.7712906377,-0.4866853641,0.1843500682,0.0710509929,0.1554803699,-0.2869132762,0.4910059070,-1.7378493740,0.6239318165,-0.0886266305,-0.1431908464
-1.2076040809,3.5025342848,0.8727152097,-0.0081786112,-0.0501088999,-0.7300991707,0.6814524264,0.0196213622,0.1181885725,0.0486191588,0.1684455994,-0.0224271225,-0.2327009968,-0.3465429412,-0.1239491064,-0.1549006232,0.8400498368,0.1287102689,-0.0951285885,0.0440452837,0.3835879102,0.5471017890,-0.7555461835,-0.7898357205,-0.4918833157,0.1777953281,0.0350335798,0.1604872596,-0.3088298363,0.4761810976,-1.8531839526,0.5755989580,-0.0995209284,-0.1586731352
-1.1837892547,3.4972719782,0.8547296007,-0.0050011723,-0.0821679241,-0.7400850672,0.6674560014,0.0550291637,0.0417460524,0.0856419227,0.2000529983,-0.0667017656,-0.2071561808,-0.4208137302,-0.2120261941,-0.1739384309,0.9782542184,0.1001590634,-0.1623519454,-0.0070706894,0.3121569950,0.5664669757,-0.8581869097,-0.7186807419,-0.5296201546,0.1944450237,0.0101781356,0.1883102132,-0.3461484682,0.4282037435,-1.8675000000,0.5462264035,-0.1296185976,-0.1657583756
-1.1700326431,3.4927968595,0.8445691282,-0.0077117891,-0.0859858109,-0.7343837440,0.6732217207,0.0465880267,0.0262922883,0.0745408408,0.2328608462,-0.0782207584,-0.1888071654,-0.4511268377,-0.2321773879,-0.2120864483,0.9973427641,0.0886853610,-0.1752234770,-0.0421591088,0.1730422473,0.5751327008,-0.9162425221,-0.5706386070,-0.7438635916,0.2354106880,-0.0333882080,0.2946455805,-0.3158736783,0.2894003987,-1.8675000000,0.5828890062,-0.1262003135,-0.1727497981
-1.1626949537,3.4872240585,0.8446380750,-0.0079701653,-0.0840803432,-0.7289159484,0.6793736178,0.0465769679,0.0201463126,0.0604106571,0.2341914997,-0.0848474151,-0.1811568078,-0.4437096781,-0.2252326536,-0.2333677247,0.9281321148,0.1131033957,-0.1626303622,-0.0510573705,0.0803582563,0.5707126474,-0.8419620007,-0.5149196302,-1.1562350797,0.2339763455,-0.1071491974,0.4227999149,-0.2420732038,0.1431802398,-1.8400642170,0.6875525623,-0.0724509125,-0.1735664513
-1.1601394183,3.4809107319,0.8541732390,-0.0021650978,-0.0785779379,-0.7231571359,0.6861957278,0.0483115484,0.0152375349,0.0511807015,0.2080541134,-0.0786295354,-0.1792150877,-0.4054091059,-0.2262012659,-0.2603627310,0.7882055998,0.1408503335,-0.1496953947,-0.0794762912,0.0385955925,0.5776873359,-0.8124842653,-0.5873148017,-1.4385136940,0.2129081865,-0.1523324334,0.4810002219,-0.1723137364,0.0528724515,-1.7075175776,0.8154425880,-0.0024160254,-0.1780614907
-1.1638387755,3.4733095142,0.8672740431,0.0022240546,-0.0619834621,-0.7148773234,0.6964937304,0.0351761855,0.0356816200,0.0333418336,0.1866260340,-0.0757685780,-0.1895360788,-0.3769727722,-0.2163728681,-0.2698880093,0.6626406399,0.1289485412,-0.1431120912,-0.1354959965,0.0180760819,0.5928214908,-0.8518637082,-0.6648102617,-1.4544557698,0.2251090282,-0.1242358497,0.4982102978,-0.1173601124,0.0311274801,-1.6078705961,0.8409324081,0.0515130991,-0.1748152151
-1.1703640004,3.4617414805,0.8811402517,0.0041981892,-0.0438434595,-0.7049932502,0.7078450702,0.0339458682,0.0638766276,0.0046903641,0.1505690615,-0.0736027338,-0.2064971992,-0.3033953617,-0.2005115778,-0.2803086514,0.4836032649,0.1176875803,-0.1491581401,-0.1370608495,-0.0069066341,0.6017566706,-0.8671967983,-0.7993700212,-1.3959878422,0.2420532783,-0.0669889170,0.5022026453,-0.0539868991,0.0416443146,-1.4235752616,0.8269404837,0.1602047703,-0.1767920954
-1.1772186742,3.4489900780,0.8893767781,0.0044214640,-0.0275234660,-0.6929742549,0.7204232031,0.0329232695,0.0928985890,-0.0252508763,0.1209791731,-0.0661976664,-0.2177756068,-0.2089195995,-0.1866318625,-0.3031617159,0.2950441090,0.1210602597,-0.1576500492,-0.1271860493,0.0069201464,0.6349830312,-0.8353508574,-1.0196088849,-1.1202663661,0.2426865269,0.0080990528,0.4446555478,-0.0211859412,0.0842376717,-1.1066273574,0.6886049956,0.3131967755,-0.2307500154
-1.1845836154,3.4379126551,0.8889774800,0.0106279240,-0.0148968690,-0.6779270033,0.7349014279,0.0107544148,0.1108173555,-0.0445426359,0.1170704676,-0.0582130912,-0.2293739235,-0.1713441646,-0.1957029747,-0.2956151658,0.2201199937,0.0763589983,-0.1396430132,-0.1315648411,0.0138478572,0.6326833044,-0.7784491033,-1.1711853293,-0.8953783790,0.2002614924,0.0337950917,0.4197178948,-0.0338546094,0.1277640268,-0.8923806675,0.5312560389,0.3421273072,-0.2625806931
-1.1930128257,3.4267461218,0.8822371442,0.0107632179,-0.0108966445,-0.6622384631,0.7491365925,-0.0059668917,0.1279289895,-0.0470241305,0.1341047011,-0.0403070575,-0.2385573499,-0.1273481362,-0.2055982237,-0.2662415237,0.1769324011,0.0556113853,-0.0282688051,-0.1282305099,0.0345548878,0.6169720197,-0.7242295941,-1.3110158282,-0.7381469405,0.1372453075,0.0144386745,0.4293798503,-0.0545299875,0.1868446309,-0.7209762429,0.3849927557,0.3258205526,-0.2421003301
-1.2003698757,3.4157981060,0.8718538166,0.0023345155,-0.0088532540,-0.6471883993,0.7622751116,-0.0232644768,0.1527651485,-0.0499507583,0.1724149080,-0.0042353107,-0.2292510657,-0.0793106908,-0.1996806720,-0.2741320210,0.1629081679,-0.0070420538,0.1442006003,-0.1123424412,0.0755232101,0.6004073355,-0.6457043791,-1.4578326741,-0.6766933723,0.0648263512,-0.0451010697,0.4579730334,-0.0616207107,0.2766491268,-0.5946014928,0.2862075583,0.2950769595,-0.1733876769
-1.2052108331,3.4052821206,0.8628323106,-0.0182319591,-0.0111753372,-0.6435994488,0.7650636947,-0.0350318921,0.1895408902,-0.0407800428,0.2435208168,0.0718862352,-0.2398303683,-0.0483856079,-0.1711562521,-0.2980377696,0.1874150049,-0.0291048862,0.1393475193,-0.0562426673,0.1274745764,0.5791823420,-0.5916582003,-1.5723037835,-0.6824841510,0.0074563746,-0.0736140494,0.5110628365,-0.0515910729,0.4029224907,-0.5356454672,0.2815998114,0.2702947025,-0.0888469209
-1.2117469298,3.3936727523,0.8552866637,-0.0401900230,-0.0155040698,-0.6504713074,0.7583082909,-0.0560379523,0.2310450964,-0.0182042716,0.3452238123,0.1803189372,-0.2860003790,-0.0212120957,-0.1399293581,-0.2932062677,0.2103146027,-0.0385492099,0.1350917102,-0.0126905165,0.2863072391,0.5266849246,-0.4387311321,-1.7027407254,-0.7267899134,-0.0535674588,-0.1085202948,0.5217011326,-0.0504568574,0.5501758004,-0.4691551224,0.3690730574,0.2109187756,0.0626567339
-1.2119853860,3.3824291330,0.8548340302,-0.0395192844,-0.0187855749,-0.6627005940,0.7476050101,-0.1014735518,0.2379653700,0.0254875540,0.4473468201,0.2515154979,-0.3662005769,-0.0169286057,-0.1449894762,-0.2745361082,0.2176640291,-0.0511035728,0.1379429787,0.0041150316,0.4241409743,0.3791777278,-0.2541581283,-1.7500101795,-0.7698675827,-0.1105056588,-0.1246025202,0.5009216946,-0.0662075852,0.5790247763,-0.4458409048,0.5323454210,0.1712101362,0.1618570106
-1.2113241477,3.3701731405,0.8587330422,-0.0403456375,-0.0208443492,-0.6716232538,0.7394997955,-0.1338943515,0.2419653964,0.0554294212,0.5109811083,0.2763121760,-0.3343319801,-0.0016232270,-0.1424727088,-0.2503894468,0.2097943233,-0.0601090277,0.1395413378,0.0117136072,0.5012324610,0.2315017735,-0.1131365823,-1.7161893947,-0.7877968228,-0.1175958858,-0.1439467760,0.4935814580,-0.0666136188,0.5006214926,-0.4632983849,0.6284508173,0.1804738694,0.1619129019
-1.2077272663,3.3570281791,0.8657737176,-0.0385444053,-0.0223068992,-0.6777097093,0.7339797552,-0.1401766934,0.2264609310,0.0680744366,0.4857873082,0.2374057879,-0.2880283953,0.0123584172,-0.1467942262,-0.2315711553,0.2022508056,-0.0639244541,0.1433266273,0.0278340321,0.5188940713,0.1348295170,-0.0340024759,-1.6611260955,-0.7964315189,-0.0882216002,-0.1468420771,0.4690586134,-0.0694160518,0.4205263787,-0.4923300400,0.6375339818,0.1985324780,0.1130339206
-1.2001906512,3.3431865157,0.8736620395,-0.0298296618,-0.0257857889,-0.6843101538,0.7281242324,-0.1093852716,0.1946380721,0.1333124490,0.3668575742,0.1895072280,-0.2178217580,0.0344309028,-0.1656538133,-0.2134603164,0.1680979828,-0.0584902301,0.1507062541,0.0292274665,0.4988520714,0.0481633848,-0.0057476503,-1.4994325401,-0.8993549471,0.0188652464,-0.1089805455,0.4805792725,-0.0733574611,0.3439620508,-0.5757003407,0.5642827193,0.2428071280,-0.0630710318
-1.1930560493,3.3293684845,0.8789642146,-0.0208729909,-0.0254624741,-0.6926636325,0.7205088985,-0.0921030213,0.1602956988,0.1863213975,0.2512325469,0.1353793268,-0.1802831268,0.0435810945,-0.1815864394,-0.1911507561,0.1445911887,-0.0546828178,0.1580295699,0.0471643347,0.4334283062,0.0269315960,-0.0524830793,-1.3193829463,-1.0463347255,0.1588921613,-0.0292528823,0.4785807205,-0.0730634273,0.3021854444,-0.6629426736,0.3464685952,0.2246124116,-0.2337079064
-1.1861122055,3.3154096205,0.8793780811,-0.0156286093,-0.0205507054,-0.7032655869,0.7104582531,-0.0943312406,0.1328663556,0.1929751868,0.1727047709,0.0787073242,-0.2006220384,0.0468240295,-0.1884767996,-0.1698643304,0.1266131587,-0.0582058094,0.1668639946,0.0609089979,0.3595069169,0.0428534409,-0.1184379482,-1.1335169189,-1.1470110055,0.2919538500,0.0034308122,0.4526631759,-0.0744203999,0.2829886610,-0.7351652919,0.1317946301,0.1619493334,-0.3155016603
-1.1802094633,3.3024275777,0.8827116235,-0.0117059101,-0.0246141373,-0.7122812774,0.7013647394,-0.0793702497,0.1008512037,0.1983499754,0.1458093643,0.0765735153,-0.1078160579,0.0613612503,-0.2059559547,-0.1486792123,0.1121245787,-0.0607392033,0.1758355470,0.0573673817,0.2986562159,0.0552208822,-0.1805948237,-0.9452174098,-1.1438953029,0.3967061754,-0.0131992189,0.4173303219,-0.0985295924,0.2646811034,-0.8020543309,0.0048197589,0.1138680116,-0.3142658247
-1.1736077828,3.2913647787,0.8815217926,-0.0172365566,-0.0302028153,-0.7174387708,0.6957530461,-0.0482682195,0.0922079983,0.2049315744,0.1481510725,0.0554500914,-0.0932558787,0.0835151032,-0.2157016341,-0.1367812342,0.1121195892,-0.0653557352,0.1863651470,0.0411050097,0.2551776477,0.0826324372,-0.2407464582,-0.7743179503,-1.0193994761,0.4631544378,-0.0505077787,0.3806057549,-0.1288565213,0.2675705045,-0.8660560904,-0.0094300901,0.0997687175,-0.2649495921
-1.1694133323,3.2810992147,0.8803468595,-0.0247935828,-0.0430107058,-0.7229648315,0.6890988390,-0.0092237573,0.0817042382,0.2244451367,0.1525770811,0.0510150133,-0.0924644302,0.1096412516,-0.2315493168,-0.1269629278,0.1234357528,-0.0609140259,0.1909757810,0.0304685734,0.2208832372,0.1058646495,-0.3161165346,-0.6140237187,-0.8116481767,0.4849023412,-0.0958938728,0.3553421152,-0.1698051719,0.2651396708,-0.9293421321,0.0823921299,0.1061619957,-0.2066519467
-1.1656442455,3.2722590801,0.8793634274,-0.0292474759,-0.0491317747,-0.7305677437,0.6804420811,0.0176462503,0.0757622831,0.2438074413,0.1562374128,0.0403409978,-0.0933256213,0.1098146595,-0.2422719589,-0.1197015676,0.1458868518,-0.0197564160,0.1808624758,0.0277249617,0.1954673885,0.1230334587,-0.4061016191,-0.4806655436,-0.6698776189,0.4531733236,-0.1657405722,0.3238361992,-0.1934574262,0.2658755583,-0.9783241441,0.2523119908,0.1254099284,-0.1812589261
-1.1633287302,3.2643299826,0.8806265549,-0.0295680844,-0.0476149745,-0.7367460768,0.6738425342,0.0284656157,0.0756884031,0.2607240387,0.1569080254,0.0309957021,-0.0950950242,0.0867671309,-0.2450138522,-0.1203503396,0.1751244843,0.0588436906,0.1698318217,0.0240594283,0.2045052087,0.1399121249,-0.4676577123,-0.4571519066,-0.7559955647,0.3701364348,-0.2185412778,0.2953870596,-0.1902391846,0.2494313917,-1.0174986940,0.4394111002,0.1473825200,-0.1872896041
-1.1623972192,3.2564750033,0.8845064037,-0.0288276119,-0.0423490859,-0.7393503453,0.6713691910,0.0332782231,0.0795621904,0.2658229275,0.1521867694,0.0249994735,-0.0969092876,0.0599931308,-0.2399175984,-0.1332904643,0.2014423019,0.1347347302,0.1505951539,0.0214921423,0.2040238059,0.1704526875,-0.5140562883,-0.4957422446,-0.9465837338,0.2766953095,-0.2457617172,0.2820714765,-0.1751036837,0.2301043518,-1.0556846889,0.5746817796,0.1735596015,-0.2027996667
-1.1626738313,3.2476447735,0.8889157174,-0.0282895590,-0.0383163064,-0.7381417246,0.6729623734,0.0336423983,0.0843711141,0.2613378409,0.1560724273,0.0238507949,-0.0989188277,0.0398155788,-0.2353696428,-0.1497438666,0.2218532190,0.1471864492,0.1513054971,0.0057150731,0.1812727366,0.1982036779,-0.5761664313,-0.5301221128,-1.0035522632,0.2543137526,-0.2315781391,0.2665009702,-0.1695736993,0.2219391797,-1.0793896915,0.5962845391,0.1753740223,-0.2106270798
-1.1648585779,3.2389752308,0.8924248896,-0.0268221451,-0.0306346932,-0.7320424357,0.6800411462,0.0226445867,0.0965363752,0.2493314146,0.1595193521,0.0299975194,-0.1009003967,0.0192855030,-0.2210699066,-0.1696795703,0.2171220279,0.1279763671,0.1501554903,-0.0057831461,0.1436172085,0.2274674857,-0.6165779620,-0.5645271611,-1.0321202935,0.2470053612,-0.2054060332,0.2540393114,-0.1536688744,0.2001872390,-1.0965109695,0.5938349428,0.1730445779,-0.2138193144
-1.1680427488,3.2303516877,0.8946108637,-0.0283438438,-0.0254817701,-0.7241757281,0.6885614140,0.0199225550,0.1101789905,0.2315532865,0.1618359901,0.0376944804,-0.1045317924,0.0098828367,-0.2084354913,-0.1948695742,0.1960507122,0.0893750787,0.1450470242,-0.0040377486,0.1065023458,0.2509605511,-0.6330465717,-0.5977828905,-1.0399593232,0.2492149500,-0.1714165262,0.2573573585,-0.1307773181,0.1746342882,-1.1011568636,0.5738470536,0.1703725324,-0.2088740704
-1.1715297046,3.2211801817,0.8945710700,-0.0295678376,-0.0249023678,-0.7163681594,0.6966507556,0.0215812877,0.1180473698,0.2142338078,0.1661888890,0.0478876414,-0.1090305164,0.0042530322,-0.1988901726,-0.2015208971,0.1656012677,0.0428675825,0.1398053830,0.0073507252,0.0741181688,0.2594506463,-0.6179286615,-0.6268291449,-1.0173395780,0.2595823288,-0.1369855051,0.2705821455,-0.1126883599,0.1527730786,-1.0930364296,0.5406938997,0.1686716561,-0.1964504272
-1.1759723361,3.2105433075,0.8927644526,-0.0356860876,-0.0328315787,-0.7097171073,0.7028159205,0.0633895486,0.1177005885,0.1948280576,0.1399151056,0.0656542845,-0.1220823955,0.0283752605,-0.1867721523,-0.2020204009,0.1177449724,-0.0452688650,0.1524530071,0.0262654763,0.1063103700,0.2517150794,-0.5730118122,-0.6696250428,-0.8517876952,0.3008402809,-0.0466819261,0.3270783488,-0.1127941047,0.1434595957,-1.0323638061,0.4233418045,0.1682091062,-0.1466633492
-1.1796132834,3.2030800799,0.8920105131,-0.0356785827,-0.0326963155,-0.7057393552,0.7068167742,0.0623036281,0.1242878700,0.1846484925,0.1495848214,0.0728422566,-0.1266219883,0.0040098767,-0.1729551699,-0.1967868263,0.1214894702,0.0112370315,0.1491278639,0.0513089044,0.0808982702,0.2421953513,-0.5131308809,-0.6937034751,-0.7777166305,0.3107971333,-0.0182260257,0.3298106536,-0.1184416019,0.1567855438,-0.9992152095,0.3962449987,0.1774631541,-0.1335771677
-1.1846769604,3.1979308282,0.8907814153,-0.0357920896,-0.0343140613,-0.7043144639,0.7081543670,0.0618418642,0.1302855345,0.1809699164,0.1607451569,0.0799833886,-0.1321564227,0.0052415118,-0.1693169411,-0.1997344866,0.1313654163,0.0285295386,0.1413770304,0.0778412771,0.0598838062,0.2290572557,-0.4577752052,-0.7175704559,-0.7155255674,0.3141901693,0.0045371907,0.3292101700,-0.1333402072,0.1861923790,-0.9591152999,0.3850081939,0.1905637624,-0.1239535994
-1.1915130709,3.1929640186,0.8904773549,-0.0351938440,-0.0331242254,-0.7018739607,0.7106596389,0.0518630916,0.1418445654,0.1755992998,0.1725951314,0.0928372865,-0.1373501369,-0.0006120268,-0.1608992760,-0.2032429277,0.1432894455,0.0381313990,0.1333310968,0.0942815243,0.0363570649,0.2189941341,-0.4141638293,-0.7400543776,-0.6757565255,0.3149114725,0.0258775632,0.3230503329,-0.1482310856,0.2143249297,-0.9248045848,0.3821517152,0.2025516374,-0.1179047981
-1.1989052676,3.1881186577,0.8909737951,-0.0357111044,-0.0358448444,-0.6973490368,0.7149434838,0.0508363267,0.1496744945,0.1656442192,0.1823635265,0.1063526676,-0.1438820296,0.0061051163,-0.1568135866,-0.2137420110,0.1530535062,0.0413736949,0.1257527054,0.1022306227,0.0282984781,0.2031844692,-0.3806884037,-0.7595744653,-0.6447283888,0.3151635075,0.0503925994,0.3235292409,-0.1620468371,0.2483729036,-0.8759566873,0.3826317326,0.2215566682,-0.1122872074
-1.2068426484,3.1840442165,0.8918917246,-0.0349274557,-0.0369445610,-0.6911218512,0.7209478199,0.0458452068,0.1580022398,0.1513800060,0.1874778039,0.1239263831,-0.1507878941,0.0135764197,-0.1506986407,-0.2263548315,0.1566951191,0.0403911469,0.1184811819,0.0983002258,0.0299764257,0.1858776468,-0.3559931726,-0.7747126803,-0.6231287700,0.3159624296,0.0765576255,0.3225298213,-0.1680787408,0.2756796800,-0.8220786114,0.3807283155,0.2422653431,-0.1064861897
-1.2148645427,3.1812385450,0.8920361894,-0.0335915487,-0.0347331198,-0.6825157101,0.7292719134,0.0322686023,0.1699155257,0.1336401922,0.1917605360,0.1464393584,-0.1566792447,0.0205113213,-0.1393058748,-0.2397507622,0.1539282090,0.0312414099,0.1127279367,0.0807826768,0.0359317666,0.1742977594,-0.3435492170,-0.7852811855,-0.6103549040,0.3159795089,0.0995672481,0.3182064552,-0.1647307715,0.2935262789,-0.7702837478,0.3748124569,0.2607647325,-0.0983002421
-1.2216862249,3.1791286013,0.8910480612,-0.0333630762,-0.0320174675,-0.6713070960,0.7397354728,0.0132186212,0.1830281577,0.1111286547,0.2003147671,0.1731546521,-0.1617163295,0.0309180327,-0.1262031058,-0.2558216380,0.1483253817,0.0133210844,0.1094739737,0.0532746585,0.0435695975,0.1730640092,-0.3472654831,-0.7903186431,-0.6075473342,0.3136811186,0.1139686104,0.3143916153,-0.1545012555,0.3003054511,-0.7249369674,0.3653571594,0.2748989391,-0.0886112055
-1.2275098074,3.1771810445,0.8895759264,-0.0341286543,-0.0285312404,-0.6595913382,0.7503069171,-0.0087906466,0.1966201048,0.0864073076,0.2120855383,0.1998909006,-0.1717493481,0.0406703220,-0.1117142072,-0.2746182659,0.1429590283,-0.0062547280,0.1072887825,0.0234791341,0.0508443049,0.1838444864,-0.3720359405,-0.7888220706,-0.6158536159,0.3096117984,0.1180077657,0.3126867389,-0.1418574810,0.3001473635,-0.6906705105,0.3526682349,0.2820192443,-0.0810255537
-1.2322621591,3.1752378851,0.8879607981,-0.0360771720,-0.0248643202,-0.6484662968,0.7599813585,-0.0284993674,0.2086723864,0.0717027792,0.2195821522,0.2107606948,-0.1833807434,0.0490320650,-0.0969375415,-0.2980556195,0.1393982177,-0.0221656019,0.1053917013,-0.0019747855,0.0565149533,0.1998307896,-0.4112502737,-0.7792947802,-0.6325441416,0.3045844836,0.1117073060,0.3147614142,-0.1306268796,0.2993791872,-0.6667937539,0.3362110581,0.2826261297,-0.0773430135
-1.2363331807,3.1728022973,0.8870204898,-0.0365687194,-0.0224036543,-0.6425931896,0.7650064037,-0.0410261130,0.2139405565,0.0727807434,0.2086910777,0.1863709728,-0.1778535161,0.0547948741,-0.0866925568,-0.3145776578,0.1342499913,-0.0330907105,0.1033660619,-0.0190244312,0.0625559425,0.2103195304,-0.4505118064,-0.7612768576,-0.6525272409,0.3007381858,0.0981263811,0.3146528300,-0.1258615802,0.2968707206,-0.6510810639,0.3183940875,0.2791412239,-0.0794134258
-1.2383418885,3.1693592401,0.8861757943,-0.0340305507,-0.0201198528,-0.6427267971,0.7650747528,-0.0519214141,0.2125575921,0.1008746893,0.1827435779,0.1442859120,-0.1648952594,0.0559362238,-0.0835132198,-0.3204692803,0.1267779668,-0.0391618633,0.1017698881,-0.0259165797,0.0691854310,0.2113963758,-0.4786485275,-0.7359558774,-0.6728372155,0.2992882377,0.0793813243,0.3087128728,-0.1287908589,0.2928565053,-0.6405972515,0.3015126413,0.2749524836,-0.0860167046
-1.2386894985,3.1646074671,0.8867084391,-0.0302316199,-0.0188807327,-0.6466707320,0.7619360416,-0.0591498227,0.2049830420,0.1222842477,0.1587828669,0.1179960452,-0.1554659897,0.0562501035,-0.0850677569,-0.3126057486,0.1191278041,-0.0424002817,0.1008964324,-0.0271952073,0.0777653141,0.2030105230,-0.4924623093,-0.7056803910,-0.6913481541,0.2990851244,0.0561282928,0.2963972891,-0.1363401842,0.2837867261,-0.6352850163,0.2883274002,0.2693279262,-0.0945267344
-1.2386700867,3.1607387739,0.8881440860,-0.0295500961,-0.0180098035,-0.6517348050,0.7576570350,-0.0449902904,0.2064619165,0.1322444724,0.1485894510,0.0953573280,-0.1596740633,0.0571893792,-0.0843256583,-0.3044662820,0.1155628264,-0.0442004858,0.1004905653,-0.0289182875,0.0903961336,0.1911802358,-0.4957689888,-0.6724565232,-0.7062806269,0.2997362960,0.0306509167,0.2811358742,-0.1440623211,0.2734026276,-0.6340672722,0.2791020658,0.2623124456,-0.1037865350
-1.2375180773,3.1565572450,0.8898731565,-0.0286164749,-0.0214793505,-0.6566932144,0.7533085404,-0.0292824004,0.1995089262,0.1422524216,0.1435933513,0.0825506071,-0.1623468086,0.0628613218,-0.0913723250,-0.2969988203,0.1148333356,-0.0446506088,0.1006682063,-0.0317079190,0.1069290004,0.1755113348,-0.4918660208,-0.6391332364,-0.7171392625,0.3007864743,0.0071773207,0.2673767736,-0.1542123771,0.2636715482,-0.6351508255,0.2718215175,0.2553450127,-0.1155544897
-1.2350440707,3.1523549218,0.8913186921,-0.0271597324,-0.0278162747,-0.6618328335,0.7486427080,-0.0112838073,0.1869189182,0.1534756135,0.1403796317,0.0760952796,-0.1646202493,0.0709755025,-0.1048091672,-0.2900574064,0.1157168105,-0.0437612514,0.1014103051,-0.0316630342,0.1265809989,0.1558151241,-0.4828551991,-0.6075929987,-0.7213989893,0.3020379767,-0.0126941802,0.2581385096,-0.1624082307,0.2538046847,-0.6372960793,0.2645634609,0.2490533541,-0.1303888854
-1.2325518518,3.1487909501,0.8925374500,-0.0258581169,-0.0309838803,-0.6667948086,0.7441478618,0.0019822971,0.1786903004,0.1703523977,0.1362295503,0.0738125900,-0.1657027571,0.0748252973,-0.1141676270,-0.2831038630,0.1155677047,-0.0415317536,0.1027083271,-0.0300970226,0.1452864520,0.1379807619,-0.4657108008,-0.5806232569,-0.7253016855,0.3038540342,-0.0283726363,0.2501006149,-0.1606029656,0.2373829093,-0.6420175269,0.2547870812,0.2419888327,-0.1457145816
-1.2302388625,3.1452773580,0.8932893959,-0.0263387548,-0.0326182848,-0.6711300056,0.7401532497,0.0140614892,0.1750115930,0.1855742916,0.1331169244,0.0726760813,-0.1657251270,0.0787084112,-0.1189306890,-0.2772665112,0.1157582070,-0.0391660412,0.1044731548,-0.0294732900,0.1613358784,0.1252632734,-0.4487293090,-0.5615062018,-0.7300741325,0.3046942787,-0.0401534941,0.2445596243,-0.1518490794,0.2195552820,-0.6499361422,0.2430028635,0.2340236418,-0.1598364474
-1.2277160526,3.1422044073,0.8936270946,-0.0266093868,-0.0341971564,-0.6742730191,0.7372098688,0.0239477557,0.1705928007,0.1966493921,0.1308802169,0.0717617802,-0.1647148754,0.0827549757,-0.1238367576,-0.2709079760,0.1156024116,-0.0372103746,0.1067922777,-0.0280308018,0.1731646117,0.1169452792,-0.4373610160,-0.5509784434,-0.7358382874,0.3036712077,-0.0476610590,0.2417676573,-0.1417017798,0.2047728489,-0.6609994382,0.2313899522,0.2239966245,-0.1710629521
-1.2257853291,3.1393705223,0.8938232242,-0.0271734133,-0.0364868590,-0.6765861369,0.7349568110,0.0342361999,0.1658442741,0.2023588370,0.1286808435,0.0699745598,-0.1634900127,0.0887069566,-0.1282030514,-0.2643290049,0.1149208318,-0.0368167324,0.1091406093,-0.0216205019,0.1806311161,0.1110760636,-0.4285505647,-0.5473524312,-0.7400065183,0.3020214501,-0.0502068307,0.2426063127,-0.1344990999,0.1993230763,-0.6732690396,0.2211809497,0.2124140754,-0.1784266532
-1.2245442565,3.1370812983,0.8940992098,-0.0278258886,-0.0383856770,-0.6781590648,0.7333843075,0.0433945961,0.1620968122,0.2039501111,0.1254995062,0.0679070884,-0.1625572139,0.0942176879,-0.1310027291,-0.2591225661,0.1138528893,-0.0367149518,0.1109025797,-0.0129039199,0.1839996015,0.1057863066,-0.4183923444,-0.5488168029,-0.7402840600,0.3000353298,-0.0478283799,0.2452253877,-0.1309261144,0.2017163030,-0.6833224272,0.2131481707,0.2021765991,-0.1832456561
-1.2239495585,3.1353516674,0.8945014220,-0.0283749976,-0.0397437694,-0.6790856830,0.7324328826,0.0508305372,0.1597489621,0.2057885865,0.1216590998,0.0664133568,-0.1620451768,0.0985974391,-0.1324861573,-0.2563419640,0.1127842181,-0.0366213677,0.1119328128,-0.0073128981,0.1842620071,0.1017836681,-0.4096270269,-0.5532770968,-0.7369924450,0.2986575537,-0.0423046994,0.2470830953,-0.1293891255,0.2071821519,-0.6903203490,0.2094046924,0.1945188526,-0.1867057835
-1.2236014088,3.1340307952,0.8948830580,-0.0284562921,-0.0403856831,-0.6793370395,0.7321614732,0.0559984099,0.1580818069,0.2070604869,0.1172807494,0.0655456605,-0.1617708770,0.1014922732,-0.1332999314,-0.2554316058,0.1115802351,-0.0364990678,0.1124848094,-0.0038108451,0.1811279287,0.0994594014,-0.4017914753,-0.5603063521,-0.7312722872,0.2981735740,-0.0353851196,0.2475773434,-0.1285252422,0.2146969024,-0.6937994274,0.2100133521,0.1898213139,-0.1886174856
-1.2236001277,3.1330533616,0.8951950104,-0.0281565828,-0.0404898245,-0.6785252503,0.7329196857,0.0588016164,0.1570593868,0.2056664557,0.1126648626,0.0653440326,-0.1617694249,0.1034404569,-0.1332653947,-0.2559898516,0.1104450593,-0.0365238691,0.1126031777,-0.0030015833,0.1749687828,0.0989179941,-0.3978966766,-0.5706793180,-0.7247660636,0.2970676358,-0.0270224618,0.2470149589,-0.1284706077,0.2247167146,-0.6943236046,0.2139648378,0.1877398330,-0.1893718519
-1.2238329102,3.1324080352,0.8954019348,-0.0277763800,-0.0403016240,-0.6768639542,0.7344790258,0.0597135790,0.1567249728,0.2023829497,0.1085858355,0.0657345375,-0.1619409461,0.1049401176,-0.1325132515,-0.2579390653,0.1095438752,-0.0367397937,0.1124112813,-0.0049265874,0.1665609117,0.1001632698,-0.3971438553,-0.5838112759,-0.7203872314,0.2947285477,-0.0176050322,0.2457574414,-0.1283135778,0.2333336838,-0.6927526626,0.2190979802,0.1872782452,-0.1892099721
-1.2243130259,3.1325015913,0.8955033289,-0.0271296282,-0.0396162402,-0.6744723155,0.7367371529,0.0576106222,0.1571285806,0.1979432439,0.1054890982,0.0669240521,-0.1621145343,0.1049488689,-0.1311399318,-0.2615919469,0.1088561592,-0.0367897412,0.1119003613,-0.0082622388,0.1561640007,0.1026345637,-0.3966315435,-0.5986513224,-0.7180610796,0.2925462183,-0.0064082681,0.2443987789,-0.1272063597,0.2377999051,-0.6899686620,0.2227879770,0.1872696148,-0.1883900809
-1.2249894799,3.1330587192,0.8955240585,-0.0263931368,-0.0385880309,-0.6718822570,0.7391810326,0.0533598153,0.1583080020,0.1935084665,0.1038649491,0.0686711595,-0.1623058383,0.1037632965,-0.1293280274,-0.2665310274,0.1085262437,-0.0367253561,0.1111218714,-0.0112504186,0.1451390564,0.1054060785,-0.3951453894,-0.6138444660,-0.7160039353,0.2911764034,0.0053990487,0.2440719197,-0.1256109226,0.2384886692,-0.6862620996,0.2241906123,0.1876680749,-0.1876016518
-1.2256578757,3.1338609246,0.8955126617,-0.0259387820,-0.0378178016,-0.6696977126,0.7412165454,0.0488696256,0.1597132369,0.1895809934,0.1038944110,0.0707531104,-0.1625504335,0.1024573669,-0.1277618927,-0.2718341883,0.1086908670,-0.0366646635,0.1102304241,-0.0128097611,0.1346153134,0.1081468568,-0.3943596130,-0.6291156653,-0.7137743073,0.2901673909,0.0175430988,0.2452798172,-0.1243168644,0.2380374159,-0.6821802184,0.2239243468,0.1882675033,-0.1874713108
-1.2263511047,3.1348148067,0.8954343572,-0.0259317505,-0.0373890722,-0.6679317394,0.7428302586,0.0449677312,0.1613536598,0.1858223966,0.1049782719,0.0728068070,-0.1628412035,0.1014963481,-0.1262679333,-0.2769841637,0.1092920023,-0.0366781875,0.1092884691,-0.0137782351,0.1253866718,0.1109086564,-0.3944879541,-0.6438005366,-0.7108569456,0.2896102894,0.0292571962,0.2480635376,-0.1239286275,0.2382543369,-0.6779809128,0.2229171793,0.1889738279,-0.1873717853
-1.2271719677,3.1358342229,0.8953452104,-0.0261509302,-0.0368595472,-0.6667041221,0.7439510174,0.0416738517,0.1633939431,0.1818689555,0.1059245935,0.0744423969,-0.1631802133,0.1003142592,-0.1243333609,-0.2813418655,0.1098115879,-0.0367047413,0.1082547877,-0.0141143696,0.1177127291,0.1137809558,-0.3958337688,-0.6571324235,-0.7076606993,0.2894449102,0.0397071117,0.2513724485,-0.1250419902,0.2398663657,-0.6740504238,0.2225642351,0.1894995707,-0.1867108105
-1.2278971845,3.1368147288,0.8952630732,-0.0264837369,-0.0365582105,-0.6661558575,0.7444450836,0.0395587154,0.1650519858,0.1785794611,0.1066803115,0.0755523935,-0.1634900836,0.0992979271,-0.1227579574,-0.2841003986,0.1101939538,-0.0367580311,0.1072718592,-0.0140372290,0.1120231813,0.1165531925,-0.3987192473,-0.6686050124,-0.7043980815,0.2893362584,0.0487709963,0.2543780962,-0.1275907293,0.2419113492,-0.6700368875,0.2232602656,0.1901394691,-0.1859596662
-1.2284824912,3.1377929431,0.8951939295,-0.0267844630,-0.0363715395,-0.6658049377,0.7447573354,0.0380095764,0.1662923683,0.1762075154,0.1070308951,0.0762846565,-0.1636443596,0.0984142400,-0.1215085730,-0.2856288390,0.1103674701,-0.0367908420,0.1064179951,-0.0144593921,0.1081647862,0.1190760324,-0.4021922565,-0.6778115369,-0.7014983372,0.2893039431,0.0564326758,0.2563652442,-0.1305933661,0.2423168928,-0.6657454996,0.2236992933,0.1908976367,-0.1851569216
-1.2290145267,3.1387404174,0.8951311681,-0.0270468587,-0.0361926293,-0.6654528661,0.7450711671,0.0367139478,0.1674003488,0.1745696033,0.1070069767,0.0767539687,-0.1636706017,0.0976349417,-0.1203049248,-0.2864085166,0.1103582479,-0.0368481198,0.1056841586,-0.0164734496,0.1060835420,0.1212588378,-0.4055585772,-0.6838045650,-0.6989264144,0.2898699581,0.0620967181,0.2573475068,-0.1335775241,0.2397016112,-0.6614337341,0.2232080533,0.1916696542,-0.1844547074
-1.2294779331,3.1396763641,0.8950535820,-0.0273001281,-0.0360876794,-0.6651083437,0.7453745861,0.0356287918,0.1683270974,0.1732669446,0.1068631382,0.0770191398,-0.1636094357,0.0970035709,-0.1192463598,-0.2865713974,0.1102745845,-0.0369582328,0.1051074879,-0.0190015995,0.1058567636,0.1232167992,-0.4090501793,-0.6856432982,-0.6969552371,0.2915794743,0.0651770824,0.2580331271,-0.1366240511,0.2359764884,-0.6576399157,0.2218567023,0.1922333162,-0.1842932472
-1.2298693599,3.1406014991,0.8949733791,-0.0275940160,-0.0361017796,-0.6647672490,0.7456673095,0.0348204012,0.1690671775,0.1719236926,0.1066965795,0.0771136204,-0.1635733308,0.0966344536,-0.1183470820,-0.2861756232,0.1101507607,-0.0371082247,0.1047228862,-0.0220888066,0.1069307926,0.1244797609,-0.4132103536,-0.6838497093,-0.6944932182,0.2941109652,0.0660991937,0.2586541095,-0.1395720187,0.2313473209,-0.6544549060,0.2198288078,0.1926074153,-0.1847835434
-1.2301868792,3.1415224920,0.8948891525,-0.0279575336,-0.0362296121,-0.6643857357,0.7459875238,0.0342102298,0.1696776868,0.1704792098,0.1066264110,0.0771094657,-0.1635863863,0.0965477173,-0.1175364472,-0.2855891869,0.1100251298,-0.0373517128,0.1042401916,-0.0254795179,0.1089010748,0.1251296280,-0.4176028751,-0.6788598024,-0.6911888141,0.2971631435,0.0652344772,0.2594138582,-0.1423131438,0.2262230559,-0.6519488695,0.2175945858,0.1926526063,-0.1855959691
-1.2304240764,3.1423463142,0.8947991771,-0.0284756617,-0.0364729421,-0.6645216456,0.7458349977,0.0343033290,0.1702446886,0.1696610088,0.1068860303,0.0769740697,-0.1635568505,0.0965976326,-0.1168933982,-0.2843846119,0.1099140048,-0.0375994688,0.1037891670,-0.0276560626,0.1116975576,0.1255767054,-0.4213254813,-0.6711807681,-0.6875685925,0.3003576780,0.0625554043,0.2605072619,-0.1445096467,0.2210783743,-0.6499236496,0.2153812384,0.1923300738,-0.1863016923
-1.2306004767,3.1431171698,0.8947087716,-0.0291763212,-0.0368431842,-0.6651000022,0.7452739826,0.0350822729,0.1708252948,0.1696482275,0.1074021790,0.0767528185,-0.1634044830,0.0967819947,-0.1163463670,-0.2824759511,0.1099020391,-0.0377586111,0.1034595837,-0.0282286910,0.1153675362,0.1261527893,-0.4244332861,-0.6612099842,-0.6840524676,0.3036464520,0.0583313246,0.2619860610,-0.1461186270,0.2166771683,-0.6478486164,0.2134148544,0.1920763491,-0.1868560075
-1.2306580255,3.1438325833,0.8946289679,-0.0299824935,-0.0373857478,-0.6660739806,0.7443445494,0.0365502179,0.1711985560,0.1707158744,0.1080556453,0.0764403984,-0.1630846898,0.0970983492,-0.1161084453,-0.2799766663,0.1099975398,-0.0377817859,0.1032496694,-0.0277034706,0.1196902797,0.1268955699,-0.4284504040,-0.6497335980,-0.6809993280,0.3066788841,0.0528465888,0.2634590946,-0.1473326574,0.2139083049,-0.6456485077,0.2115125901,0.1918880178,-0.1872214107
-1.2306368846,3.1445521845,0.8945562712,-0.0307924271,-0.0379766416,-0.6673071547,0.7431761315,0.0383086905,0.1714442000,0.1727303472,0.1086627856,0.0761571513,-0.1626863365,0.0972727711,-0.1161121904,-0.2771658554,0.1101800375,-0.0376062471,0.1031320112,-0.0262503520,0.1240651951,0.1278508742,-0.4331662552,-0.6375655183,-0.6792313256,0.3092578197,0.0465485822,0.2647178706,-0.1480554554,0.2125191325,-0.6433603230,0.2094391594,0.1917081158,-0.1873268986
-1.2306054084,3.1453214522,0.8944996335,-0.0314982034,-0.0384223168,-0.6686244633,0.7419386200,0.0398394544,0.1717311607,0.1753049685,0.1090762276,0.0760027150,-0.1622557832,0.0970006137,-0.1161056840,-0.2742150538,0.1103735604,-0.0372175412,0.1030494686,-0.0242022669,0.1280115402,0.1289470755,-0.4373553597,-0.6254564693,-0.6787180451,0.3114515685,0.0401399072,0.2656970114,-0.1480016789,0.2116471348,-0.6411549877,0.2074981294,0.1914780748,-0.1869215115
-1.2305804817,3.1461333219,0.8944722159,-0.0321414933,-0.0386852343,-0.6698834293,0.7407608036,0.0410164623,0.1721832906,0.1780000537,0.1093287867,0.0759819167,-0.1618278109,0.0963738732,-0.1158952605,-0.2709102865,0.1105415773,-0.0365744671,0.1029786082,-0.0218042918,0.1313344549,0.1303017736,-0.4402390275,-0.6138262352,-0.6800413217,0.3134142227,0.0342198850,0.2663245862,-0.1474828783,0.2113425826,-0.6392475711,0.2057759990,0.1910146592,-0.1861943350
-1.2305134721,3.1470289460,0.8944599101,-0.0327092644,-0.0388212947,-0.6710998704,0.7396269162,0.0418209133,0.1726475778,0.1807156521,0.1095313212,0.0760508139,-0.1613915617,0.0954397136,-0.1156322273,-0.2672196635,0.1106290707,-0.0356863278,0.1029400355,-0.0195784913,0.1338566924,0.1316246456,-0.4412574104,-0.6032205108,-0.6824177327,0.3149903360,0.0288817660,0.2663316067,-0.1465166809,0.2103755252,-0.6374959996,0.2042212472,0.1904497068,-0.1854493608
-1.2304380317,3.1479115194,0.8944676771,-0.0332106991,-0.0388742972,-0.6720621329,0.7387275059,0.0422825082,0.1731041709,0.1826508712,0.1096557569,0.0761800113,-0.1609847360,0.0945141424,-0.1152373450,-0.2634524128,0.1106254542,-0.0346939556,0.1029275114,-0.0173223210,0.1354511399,0.1328088987,-0.4407839067,-0.5942069628,-0.6846901467,0.3159847412,0.0242288180,0.2658573202,-0.1450823328,0.2090190927,-0.6358312709,0.2027596998,0.1898436856,-0.1848113487
-1.2303618195,3.1488573874,0.8945072989,-0.0335704452,-0.0387549292,-0.6726748722,0.7381596013,0.0420191825,0.1735959571,0.1839208204,0.1097118783,0.0764504022,-0.1606170057,0.0934325822,-0.1146774546,-0.2599990890,0.1104091594,-0.0336323963,0.1029135735,-0.0154383351,0.1358487519,0.1336785241,-0.4389216012,-0.5869849193,-0.6860030008,0.3163133613,0.0200185560,0.2650006944,-0.1432832167,0.2074974111,-0.6342792992,0.2013744303,0.1892525564,-0.1843440879
-1.2302864621,3.1498199862,0.8945123552,-0.0338116334,-0.0385369679,-0.6728981078,0.7379565110,0.0410902698,0.1740811347,0.1845314818,0.1098891831,0.0767787888,-0.1602831745,0.0923226394,-0.1140660357,-0.2571972421,0.1101566611,-0.0326293333,0.1029112278,-0.0141871949,0.1348101023,0.1345380886,-0.4363968585,-0.5818490662,-0.6869602547,0.3158825216,0.0169186686,0.2637496304,-0.1412804273,0.2058187520,-0.6328438281,0.2000430735,0.1887727528,-0.1840807202
-1.2302364250,3.1507749637,0.8944654951,-0.0338901250,-0.0382248384,-0.6728403763,0.7380217809,0.0395500467,0.1745368936,0.1849380977,0.1102171813,0.0770471245,-0.1599915924,0.0910330756,-0.1135961654,-0.2561851054,0.1100512532,-0.0318118634,0.1029052119,-0.0132222539,0.1322368670,0.1353315651,-0.4333584699,-0.5788265621,-0.6876705807,0.3148564203,0.0151693832,0.2620794737,-0.1391186693,0.2040295452,-0.6316268860,0.1987101229,0.1882265414,-0.1839751980
-1.2302311674,3.1517618431,0.8945108663,-0.0336051046,-0.0378681924,-0.6726189357,0.7382550130,0.0376495412,0.1744892813,0.1848405538,0.1100193636,0.0772731977,-0.1597706932,0.0893487465,-0.1136192647,-0.2571174278,0.1099189155,-0.0311749093,0.1028424554,-0.0123466854,0.1282689239,0.1358824875,-0.4303658736,-0.5776555446,-0.6882555528,0.3135230658,0.0144148713,0.2600051902,-0.1369805277,0.2023261626,-0.6305463739,0.1973304871,0.1876306347,-0.1837676306
-1.2301858821,3.1527507659,0.8945815613,-0.0331094949,-0.0375006346,-0.6722423431,0.7386390837,0.0356099775,0.1740295026,0.1842997274,0.1093541659,0.0774177609,-0.1595630058,0.0875303518,-0.1139441791,-0.2585917987,0.1097250183,-0.0307566007,0.1027718929,-0.0116560719,0.1228966803,0.1364709521,-0.4282472706,-0.5781698808,-0.6888766015,0.3120158012,0.0146659941,0.2576265241,-0.1349174323,0.2010371521,-0.6295952136,0.1960398178,0.1869178073,-0.1834563985
-1.2300007856,3.1536998674,0.8945860022,-0.0326401311,-0.0371170236,-0.6717208988,0.7391535582,0.0335025979,0.1734222336,0.1825940399,0.1087140088,0.0773642332,-0.1593438035,0.0858551579,-0.1142984364,-0.2597298648,0.1095450512,-0.0305177028,0.1027755034,-0.0109586747,0.1167823683,0.1369152308,-0.4269538661,-0.5801295258,-0.6894641062,0.3103428451,0.0159758797,0.2555491079,-0.1330118987,0.2003248888,-0.6287048627,0.1949141589,0.1860893153,-0.1831931590
-1.2296716976,3.1546304470,0.8945794960,-0.0321614975,-0.0368422414,-0.6710156543,0.7398285470,0.0312576552,0.1725073455,0.1804489068,0.1083160811,0.0772383375,-0.1590325466,0.0844475137,-0.1149266668,-0.2609043760,0.1093678373,-0.0303175383,0.1028937818,-0.0102598547,0.1106710156,0.1369584776,-0.4261282033,-0.5831674860,-0.6895359086,0.3087033278,0.0178569900,0.2537612873,-0.1314732125,0.2002930787,-0.6278332420,0.1941206249,0.1853297072,-0.1830678393
-1.2292994492,3.1554366674,0.8945564665,-0.0317772273,-0.0367738867,-0.6705213549,0.7402965634,0.0294039720,0.1715099865,0.1791671008,0.1084483018,0.0771200345,-0.1586533438,0.0833151008,-0.1158637053,-0.2622134250,0.1094272825,-0.0300735497,0.1030992178,-0.0091796799,0.1049018557,0.1367342678,-0.4257865768,-0.5871405653,-0.6893429725,0.3069963976,0.0202282248,0.2522469208,-0.1303148540,0.2012601788,-0.6269990581,0.1936429045,0.1846957467,-0.1829934618
-1.2288556964,3.1560662094,0.8945345495,-0.0315029190,-0.0370269861,-0.6702663491,0.7405265624,0.0283057721,0.1702305035,0.1786564061,0.1089426580,0.0770198102,-0.1581848185,0.0826477127,-0.1172485968,-0.2632249380,0.1097710824,-0.0297827194,0.1033895332,-0.0077612859,0.0998607742,0.1364259119,-0.4260753898,-0.5917293323,-0.6891468739,0.3051907075,0.0230554798,0.2509181951,-0.1294083934,0.2030942472,-0.6263045823,0.1933563828,0.1840932250,-0.1828997993
-1.2284606639,3.1565289185,0.8945321893,-0.0314480283,-0.0373626589,-0.6700945107,0.7406675368,0.0278244785,0.1691815478,0.1777876840,0.1094440459,0.0769946332,-0.1577264473,0.0823964148,-0.1184051201,-0.2640845435,0.1102786769,-0.0294757942,0.1036676273,-0.0064821402,0.0958800949,0.1358455198,-0.4267555841,-0.5963767581,-0.6884850920,0.3035548593,0.0259580425,0.2496083678,-0.1288698312,0.2050431637,-0.6256737796,0.1932699668,0.1835443039,-0.1827475090
-1.2281299276,3.1568139976,0.8945444024,-0.0315684043,-0.0378098286,-0.6699100001,0.7408066175,0.0279269388,0.1683378734,0.1770628646,0.1098894932,0.0770170464,-0.1573194579,0.0826863628,-0.1193658653,-0.2649500858,0.1108381909,-0.0292241652,0.1039162992,-0.0059865415,0.0931430845,0.1353829986,-0.4283690204,-0.6006294265,-0.6876893231,0.3022258179,0.0287031372,0.2484534341,-0.1288350885,0.2070718031,-0.6250638780,0.1934107653,0.1830932110,-0.1826652064
-1.2278117738,3.1569373027,0.8945438459,-0.0318502119,-0.0383865495,-0.6697371662,0.7409211598,0.0285857029,0.1676428825,0.1769086538,0.1103690115,0.0770249725,-0.1569297011,0.0835372948,-0.1202231112,-0.2656989304,0.1113831845,-0.0290404902,0.1041627170,-0.0062780143,0.0915579277,0.1352262322,-0.4311603088,-0.6041362416,-0.6870981512,0.3013007718,0.0310394047,0.2474676609,-0.1292536855,0.2091201630,-0.6245604140,0.1935499130,0.1827600330,-0.1828001633
-1.2275028659,3.1569129226,0.8945207319,-0.0322603903,-0.0390771012,-0.6695917924,0.7409987037,0.0297507379,0.1670140641,0.1767352636,0.1108601649,0.0769572373,-0.1565654087,0.0848685163,-0.1210090876,-0.2662235751,0.1118971437,-0.0289114447,0.1044241716,-0.0071300546,0.0909483944,0.1352190747,-0.4348985316,-0.6068507412,-0.6865813930,0.3006352881,0.0330008666,0.2466136513,-0.1299737819,0.2108858746,-0.6242557308,0.1934578578,0.1825320388,-0.1831176810
-1.2272508175,3.1568040357,0.8944906403,-0.0326687035,-0.0396367307,-0.6694594563,0.7410706591,0.0309205421,0.1666022892,0.1764440505,0.1112112866,0.0768323967,-0.1562637998,0.0861976867,-0.1215260531,-0.2667125148,0.1122478024,-0.0287866462,0.1046831100,-0.0079547023,0.0912277202,0.1352888022,-0.4390456915,-0.6084255880,-0.6861143717,0.3001704050,0.0341923333,0.2457277435,-0.1308808445,0.2126394366,-0.6241459303,0.1931881249,0.1822717689,-0.1835046281
-1.2270341240,3.1566152916,0.8944637627,-0.0329700290,-0.0400188054,-0.6693919394,0.7410977694,0.0319181727,0.1663091586,0.1762601868,0.1114444825,0.0766435326,-0.1560078212,0.0873112422,-0.1219080763,-0.2672741368,0.1124056191,-0.0286648790,0.1049520346,-0.0084364683,0.0919344590,0.1354618358,-0.4428413299,-0.6088252213,-0.6857631885,0.2999165620,0.0345258671,0.2447354172,-0.1319796622,0.2145694530,-0.6241129325,0.1927835020,0.1819175206,-0.1839993697
-1.2268170923,3.1563411057,0.8944401211,-0.0331096684,-0.0402912705,-0.6694266825,0.7410453968,0.0327831382,0.1659526951,0.1763818768,0.1116017391,0.0763507774,-0.1557734449,0.0881849991,-0.1223629933,-0.2678666488,0.1124260025,-0.0285707489,0.1052408575,-0.0090444305,0.0926775674,0.1358383656,-0.4466059061,-0.6081807029,-0.6854080546,0.2999182052,0.0342112112,0.2436894418,-0.1332754668,0.2166645898,-0.6240403138,0.1923137713,0.1815666584,-0.1846507437
-1.2266204943,3.1559810536,0.8944129669,-0.0331839390,-0.0405000635,-0.6695931361,0.7408802893,0.0336890654,0.1655813079,0.1768013981,0.1117485963,0.0759223836,-0.1555702979,0.0889281886,-0.1228513579,-0.2682499635,0.1124085457,-0.0285441504,0.1055539790,-0.0094883541,0.0933302251,0.1363074844,-0.4495922413,-0.6068288053,-0.6852067320,0.3000901067,0.0335755907,0.2425924065,-0.1346141930,0.2185682172,-0.6237710086,0.1919234992,0.1813443049,-0.1853593855
-1.2264372635,3.1554788339,0.8943826132,-0.0333217057,-0.0407442530,-0.6699837755,0.7405074681,0.0350150238,0.1652969048,0.1775442729,0.1119653663,0.0752989108,-0.1554487395,0.0897872096,-0.1232715495,-0.2680013441,0.1124230616,-0.0286313361,0.1058935942,-0.0094445263,0.0942145978,0.1368464296,-0.4514450536,-0.6050121522,-0.6852545336,0.3003179656,0.0328148655,0.2417313923,-0.1358528325,0.2203126546,-0.6231559282,0.1916635597,0.1813744444,-0.1858822275
-1.2263053290,3.1548811086,0.8943495901,-0.0335652632,-0.0409541512,-0.6706245181,0.7399046468,0.0367157079,0.1652775561,0.1787604194,0.1122013872,0.0745062365,-0.1554174719,0.0906616224,-0.1234498451,-0.2669827201,0.1124414693,-0.0288040264,0.1062345167,-0.0087537479,0.0956617475,0.1374528117,-0.4524836821,-0.6028076598,-0.6852871771,0.3005007921,0.0318637282,0.2412160387,-0.1369824353,0.2223394175,-0.6223008382,0.1915469613,0.1815765642,-0.1860952177
-1.2262076387,3.1542412582,0.8943098644,-0.0338945970,-0.0411627008,-0.6712895994,0.7392746865,0.0385905282,0.1654530257,0.1803123947,0.1124376615,0.0736223113,-0.1554445268,0.0915962338,-0.1234604863,-0.2656728140,0.1125645844,-0.0290230599,0.1065549669,-0.0077887810,0.0976084392,0.1381437719,-0.4534218321,-0.6003915324,-0.6858131143,0.3004693727,0.0306634318,0.2408398689,-0.1381461052,0.2249415546,-0.6213815025,0.1914190167,0.1817276698,-0.1860684469
-1.2260964813,3.1536275549,0.8942614305,-0.0341885652,-0.0413453538,-0.6718765681,0.7387175245,0.0403043056,0.1656167615,0.1820531915,0.1126562937,0.0727520411,-0.1554572282,0.0924354473,-0.1234962098,-0.2644023141,0.1127418315,-0.0292337288,0.1068668910,-0.0066787369,0.0995855268,0.1386742108,-0.4542467834,-0.5980970655,-0.6864406083,0.3003054335,0.0292729118,0.2405323321,-0.1396518130,0.2282786466,-0.6204259596,0.1913209113,0.1817825687,-0.1860788304
-1.2259964881,3.1530862305,0.8942002168,-0.0344329357,-0.0414778893,-0.6722905342,0.7383220133,0.0416697616,0.1658062958,0.1836709593,0.1128705939,0.0719636302,-0.1554424183,0.0931608022,-0.1234721922,-0.2631317030,0.1129347020,-0.0294682816,0.1071609267,-0.0062465960,0.1014230291,0.1391564668,-0.4549969637,-0.5961039049,-0.6871181224,0.3001099442,0.0280921709,0.2403751236,-0.1414278675,0.2314748897,-0.6195051340,0.1912446705,0.1818014360,-0.1861748954
-1.2258810898,3.1526435158,0.8941321288,-0.0346252249,-0.0415492965,-0.6725230066,0.7380972533,0.0425970131,0.1659837160,0.1848788153,0.1131307443,0.0712996341,-0.1553690888,0.0937535737,-0.1234234061,-0.2620544232,0.1131096181,-0.0297227244,0.1074713614,-0.0060429919,0.1030951139,0.1395637550,-0.4558146550,-0.5945145139,-0.6876827632,0.2999312092,0.0272768437,0.2404450891,-0.1430356293,0.2342050298,-0.6186146076,0.1908703993,0.1818295324,-0.1862484601
-1.2256771157,3.1522860754,0.8940714316,-0.0347693172,-0.0415064770,-0.6726614814,0.7379666919,0.0430785060,0.1661206890,0.1855609396,0.1134774345,0.0707471057,-0.1551695031,0.0941442059,-0.1234221853,-0.2618103777,0.1132208569,-0.0299549509,0.1078582151,-0.0047518287,0.1046698253,0.1398960425,-0.4572991883,-0.5934998961,-0.6883353400,0.2997193544,0.0269355336,0.2409040322,-0.1442395240,0.2361649099,-0.6176010861,0.1898640742,0.1819461631,-0.1863059005
-1.2253701110,3.1519967814,0.8940165848,-0.0348118421,-0.0413615949,-0.6728707640,0.7377820064,0.0432262868,0.1661019734,0.1860670389,0.1138964247,0.0702392127,-0.1549343268,0.0942055492,-0.1235868313,-0.2617649477,0.1132349642,-0.0300913390,0.1082685819,-0.0041570968,0.1062115792,0.1400025568,-0.4582827713,-0.5929811163,-0.6889140812,0.2994524766,0.0269471339,0.2418069737,-0.1455301884,0.2392000405,-0.6166672891,0.1889268047,0.1820509944,-0.1861423265
-1.2249299823,3.1517620527,0.8939708863,-0.0347320306,-0.0411156759,-0.6731630666,0.7375328284,0.0430540526,0.1658753442,0.1866656293,0.1143674026,0.0697420853,-0.1545940889,0.0939312982,-0.1239484224,-0.2614926025,0.1131254011,-0.0301065013,0.1087665763,-0.0037738890,0.1077690121,0.1399887673,-0.4591562836,-0.5932154504,-0.6897372635,0.2988293478,0.0272304685,0.2430622058,-0.1469452532,0.2434222456,-0.6156953002,0.1882678398,0.1822076266,-0.1857595400
-1.2243413347,3.1516020855,0.8939304254,-0.0345297591,-0.0407557724,-0.6735607642,0.7371991316,0.0425366989,0.1654487700,0.1875528500,0.1149047185,0.0692354157,-0.1540536489,0.0932663552,-0.1245559966,-0.2610329904,0.1129130815,-0.0299890362,0.1094254762,-0.0018354987,0.1091838403,0.1400293721,-0.4603410823,-0.5944218910,-0.6903641602,0.2978698035,0.0277849368,0.2446786773,-0.1481216561,0.2475369336,-0.6144957163,0.1873585549,0.1822751091,-0.1853482905
-1.2236270912,3.1515492019,0.8939023482,-0.0341669475,-0.0403206412,-0.6742035577,0.7366521760,0.0417833490,0.1647046088,0.1888075855,0.1154519371,0.0686949918,-0.1533728805,0.0920305709,-0.1254545927,-0.2600656924,0.1126673891,-0.0296775151,0.1102003621,0.0008401223,0.1105429527,0.1401945126,-0.4608770261,-0.5962562109,-0.6908924229,0.2968874011,0.0287426485,0.2466681498,-0.1489435099,0.2513421302,-0.6131877146,0.1856798559,0.1821104745,-0.1848908985
-1.2227767909,3.1515538107,0.8938867178,-0.0335039579,-0.0397873309,-0.6748609544,0.7361094656,0.0405534344,0.1634815596,0.1902315220,0.1158560846,0.0681449344,-0.1525821945,0.0902273229,-0.1267732937,-0.2586574421,0.1123955120,-0.0292083361,0.1110873628,0.0034834698,0.1118877631,0.1402485529,-0.4596220426,-0.5984845003,-0.6912588063,0.2958986925,0.0299364350,0.2489717063,-0.1492160844,0.2542268252,-0.6115512219,0.1830097816,0.1819337872,-0.1845958039
-1.2217825858,3.1516048926,0.8938835589,-0.0326375476,-0.0390697827,-0.6753458664,0.7357420086,0.0387101259,0.1620764949,0.1914885385,0.1161147572,0.0676419337,-0.1518148362,0.0879708655,-0.1282420809,-0.2572445889,0.1121164484,-0.0286418214,0.1120372888,0.0059835003,0.1132746607,0.1396690211,-0.4557445774,-0.6009193233,-0.6910804800,0.2950385889,0.0310502112,0.2521657888,-0.1499675603,0.2562647091,-0.6093483003,0.1789050856,0.1819067256,-0.1840686371
-1.2206923136,3.1516527791,0.8939012603,-0.0316868453,-0.0382751301,-0.6754541206,0.7357259607,0.0364250012,0.1605798839,0.1921206668,0.1162885937,0.0671517509,-0.1510598338,0.0857251312,-0.1297616591,-0.2566426658,0.1118759789,-0.0280895720,0.1130637874,0.0084332690,0.1147480270,0.1387274930,-0.4504938839,-0.6035136733,-0.6907501709,0.2945063194,0.0322469040,0.2561199777,-0.1511896069,0.2572509378,-0.6064621873,0.1731118967,0.1819172307,-0.1831187139
-1.2195660033,3.1515987155,0.8939562139,-0.0307511905,-0.0375992108,-0.6751795815,0.7360524413,0.0341848004,0.1589110375,0.1918268457,0.1164106680,0.0666220605,-0.1502258086,0.0840231247,-0.1313776672,-0.2569785914,0.1116487055,-0.0276614595,0.1141609884,0.0107547761,0.1164665173,0.1379728560,-0.4455631169,-0.6061294173,-0.6909917765,0.2942126440,0.0336090914,0.2598213138,-0.1522796076,0.2570199859,-0.6026578775,0.1664505296,0.1819422846,-0.1820079940
-1.2185773296,3.1514258260,0.8940389867,-0.0301220585,-0.0368727295,-0.6749250973,0.7363485428,0.0323713367,0.1579265069,0.1914912526,0.1165799817,0.0660358320,-0.1493161044,0.0828135080,-0.1322555125,-0.2572610826,0.1112747005,-0.0273256852,0.1151630687,0.0123961283,0.1190077823,0.1373104998,-0.4409355605,-0.6085447194,-0.6915604039,0.2941283920,0.0352130756,0.2630150107,-0.1541915502,0.2561663712,-0.5979528208,0.1604090985,0.1822609167,-0.1806970358
-1.2175974538,3.1512186588,0.8941160113,-0.0297568888,-0.0362180063,-0.6750571838,0.7362748007,0.0312410517,0.1571770354,0.1914205194,0.1168871558,0.0652721607,-0.1482166762,0.0818091903,-0.1329303221,-0.2572237114,0.1108737476,-0.0269350812,0.1161074790,0.0130940842,0.1224253835,0.1366716476,-0.4369641139,-0.6105957144,-0.6917370987,0.2942202890,0.0369696010,0.2652257740,-0.1565731005,0.2536424966,-0.5931318256,0.1560630294,0.1827874206,-0.1793453298
-1.2165748511,3.1510145199,0.8941533586,-0.0298278514,-0.0358517106,-0.6754367427,0.7359416830,0.0312053314,0.1566177787,0.1913760814,0.1174189864,0.0641901880,-0.1473258858,0.0815215284,-0.1335177255,-0.2568046670,0.1107080807,-0.0266101043,0.1171017387,0.0114093981,0.1271253760,0.1355474670,-0.4319783482,-0.6117007563,-0.6911488953,0.2944960516,0.0382820635,0.2659553718,-0.1588405618,0.2467502474,-0.5886970307,0.1537157227,0.1835267863,-0.1778687676
-1.2151350471,3.1507232497,0.8941308002,-0.0304260989,-0.0361974639,-0.6768075101,0.7346397691,0.0333068555,0.1554460225,0.1930041353,0.1187019927,0.0626394914,-0.1464818790,0.0821564346,-0.1351678078,-0.2559512955,0.1109705751,-0.0262002545,0.1184307220,0.0082373242,0.1320047455,0.1331559420,-0.4237133728,-0.6114126112,-0.6900281505,0.2950325240,0.0389283468,0.2627553062,-0.1613675397,0.2342146838,-0.5853560834,0.1534493861,0.1840899984,-0.1761935182
-1.2131625102,3.1519484027,0.8938422014,-0.0323061143,-0.0371000231,-0.6782358129,0.7331958029,0.0352880700,0.1547924203,0.1956981366,0.1216743601,0.0614784191,-0.1446688118,0.0827985443,-0.1368670570,-0.2554927741,0.1124577491,-0.0249575205,0.1203663053,0.0059328951,0.1347249207,0.1303337232,-0.4180198115,-0.6089328741,-0.6896498827,0.2956589939,0.0385389030,0.2590901051,-0.1632850965,0.2164174085,-0.5844414743,0.1548415294,0.1837338283,-0.1750463261
-1.2099532415,3.1552632981,0.8929794692,-0.0371740606,-0.0392966096,-0.6784922767,0.7326131968,0.0378495553,0.1555356257,0.1970432020,0.1282755459,0.0606654393,-0.1404347310,0.0856882346,-0.1380859054,-0.2573397716,0.1170139500,-0.0219832454,0.1236283106,0.0062113700,0.1339067750,0.1256449950,-0.4234003722,-0.6041660544,-0.6911389901,0.2967246086,0.0358098591,0.2600703962,-0.1640357335,0.1889485121,-0.5886303552,0.1566978144,0.1812166803,-0.1750405362
-1.2049702754,3.1615041337,0.8912247169,-0.0481141711,-0.0438782236,-0.6778489872,0.7323117359,0.0438057684,0.1607351820,0.1972927539,0.1419011312,0.0616063396,-0.1326895096,0.0941128046,-0.1369689292,-0.2614215023,0.1263816524,-0.0156238704,0.1284954687,0.0211186464,0.1204551855,0.1211331593,-0.4435897852,-0.5968884008,-0.6968504587,0.2987263396,0.0298260468,0.2666450144,-0.1659442834,0.1706320110,-0.5973776744,0.1584545404,0.1772072828,-0.1764598651
-1.1973683482,3.1754524440,0.8875931691,-0.0639846631,-0.0487569602,-0.6785578689,0.7301287149,0.0437580104,0.1692663677,0.2004137237,0.1638436184,0.0697223216,-0.1190112680,0.0958328321,-0.1346281718,-0.2647006352,0.1415038472,0.0005026973,0.1335450112,0.0369893431,0.0913424327,0.1236056360,-0.4787526573,-0.5923056114,-0.7082510749,0.2995031258,0.0205947570,0.2802566408,-0.1685787624,0.1765393647,-0.6157083547,0.1598442178,0.1687642223,-0.1798288401
-1.1851059182,3.1976374086,0.8811495077,-0.0774800623,-0.0531154778,-0.6848429957,0.7226103080,0.0305188457,0.1689911366,0.2187304453,0.1923291065,0.0862986718,-0.0949957263,0.0761100963,-0.1428611053,-0.2627036313,0.1619247807,0.0339667182,0.1370135316,0.0536233961,0.0603142481,0.1291187696,-0.5237191874,-0.6010159444,-0.7241181364,0.2906675243,0.0118014421,0.2859938955,-0.1813024410,0.1924113949,-0.6383743166,0.1556293623,0.1576988461,-0.1807765853
-1.1672671421,3.2255160520,0.8710870112,-0.0902183497,-0.0640883788,-0.6976228802,0.7078669692,0.0252406500,0.1544786424,0.2980979441,0.2273040018,0.1032995250,-0.0588659974,0.0495443931,-0.1677020763,-0.2570319044,0.1883239305,0.0969229070,0.1357728053,0.0649888151,0.0504052007,0.1528029160,-0.6388394904,-0.6232471992,-0.7379159899,0.2778450458,0.0076768389,0.2732175855,-0.2368671928,0.2643736747,-0.6486072543,0.1314215584,0.1546025801,-0.1700992136
-1.1458680929,3.2575318014,0.8580724085,-0.0981716633,-0.0738360301,-0.7138069163,0.6894854976,0.0056845081,0.1251754256,0.3859001990,0.2686158092,0.0909127377,-0.1130773121,0.0158582629,-0.1953551463,-0.2416101860,0.1931190877,0.1611219083,0.1372436261,0.0700393652,0.0014986444,0.2253433173,-0.8832740457,-0.6782847794,-0.7134414622,0.2896257215,0.0425313720,0.1172459233,-0.3435251041,0.4859949221,-0.5598570120,0.0644321148,0.2058425871,-0.1013652712
-1.1239471656,3.2908537733,0.8439003520,-0.1064473168,-0.0822390718,-0.7265180657,0.6738525091,-0.0352788277,0.1057724929,0.4646683949,0.3661490601,0.0799219780,-0.2311447944,-0.0235652176,-0.2197972405,-0.2043135186,0.2058520248,0.1818359038,0.1589654048,0.0674323985,-0.1088699963,0.2927710522,-1.1143132302,-0.6791998493,-0.7541956375,0.2935439366,0.0809576728,-0.0367331378,-0.4626374090,0.7262305108,-0.5139452783,0.1443769123,0.2297080643,-0.0588880530
-1.1053437835,3.3227776435,0.8294396108,-0.1258975961,-0.0891501453,-0.7309901520,0.6647220807,-0.0698554744,0.1443752971,0.5748018035,0.5547487509,0.0357458560,-0.2532432439,-0.0482226974,-0.2220727856,-0.1768226374,0.2236113968,0.2335190291,0.1650205327,0.0779803907,-0.2021390315,0.3678114156,-1.2097881606,-0.6940148893,-0.8946040189,0.2595520742,0.0723233160,-0.1705220550,-0.5847810328,0.9197403511,-0.5232025043,0.2136637037,0.2335006465,-0.0627125735
-1.0885680537,3.3528798809,0.8129422290,-0.1527250775,-0.0952482945,-0.7264460389,0.6632337187,-0.1139277162,0.2073263499,0.5487959963,0.8296509846,-0.0048537384,-0.2904086535,-0.0532755999,-0.2149807201,-0.1755449267,0.2401375522,0.2878634481,0.1641489640,0.0692735004,-0.2756065716,0.4821136992,-1.2398480796,-0.7694929365,-0.9954062177,0.2570753473,0.0561749335,-0.2955453093,-0.7268092541,1.1352159727,-0.5727794878,0.1346218361,0.2076477100,-0.1525031793
-1.0723737979,3.3838839918,0.7892385412,-0.1796362394,-0.0952141217,-0.7222318650,0.6610947176,-0.1626715343,0.2483424554,0.4369267718,1.1247204080,-0.0403978209,-0.3580133282,-0.0703961300,-0.1988588922,-0.1694120921,0.2618991743,0.3250154448,0.1677702478,0.0520738503,-0.3434735751,0.6223579390,-1.2408523310,-0.8661656904,-0.9748144310,0.2838409125,0.1078921835,-0.4353467971,-0.8679329324,1.2672993869,-0.6216918462,-0.0139355675,0.1604578588,-0.2384047413
-1.0540643369,3.4164715067,0.7572941931,-0.2021867940,-0.0977797063,-0.7260993843,0.6498763833,-0.1683140370,0.2552800174,0.3472224467,1.3881238042,-0.0368120794,-0.4056121317,-0.1125801267,-0.1896150605,-0.1267816167,0.2970167158,0.3563936623,0.1822134969,0.0641642831,-0.3631127567,0.7609814853,-1.1411029520,-0.9410422134,-0.8581241330,0.3103284659,0.2427912295,-0.5882664810,-1.0167053213,1.3319840767,-0.6433102615,-0.1543686787,0.1273980585,-0.2561401890
-1.0330896862,3.4521222860,0.7165042595,-0.2212198306,-0.0986933712,-0.7332919538,0.6352986034,-0.1325203682,0.2394333766,0.2914442488,1.6031491121,0.0397665575,-0.4290558141,-0.1781416027,-0.1834170443,-0.0772076358,0.3387928826,0.3873146138,0.2073990345,0.1158951246,-0.3408681134,0.8632165998,-0.8889143636,-0.9595413360,-0.8065160031,0.3251925963,0.3691748091,-0.7002475140,-1.2066029265,1.3663945253,-0.6468132110,-0.2608529551,0.1102309318,-0.2852746038
-1.0104184411,3.4935305469,0.6644623614,-0.2352304180,-0.0854141714,-0.7383555287,0.6262604753,-0.1050595115,0.2049394756,0.2313412158,1.7787617153,0.1683446515,-0.4562378817,-0.2826882995,-0.1700269735,-0.0471095423,0.3913302795,0.4183556600,0.2084704787,0.1618281301,-0.2705204733,0.9516650444,-0.5310518055,-0.9838212411,-0.7900214592,0.3763590522,0.4646521604,-0.7177381728,-1.4379654261,1.3601850942,-0.6284638654,-0.3676496227,0.0820908580,-0.3933826976
-0.9840127883,3.5393511971,0.6043332067,-0.2387721538,-0.0707797602,-0.7415669405,0.6229418567,-0.0788366845,0.1611791937,0.1914747131,1.8902963001,0.2886666076,-0.4267046658,-0.4184218590,-0.1829933493,-0.0328261073,0.4530627506,0.4419894896,0.2273009824,0.1511097079,0.0095404764,1.0345508332,-0.0979406985,-1.0171356107,-0.6229573904,0.3943793270,0.6903668128,-0.5127292319,-1.7056108182,1.2365632711,-0.5831936175,-0.4289821554,0.0749397327,-0.4574362817
-0.9576334074,3.5916917023,0.5368880702,-0.2357057270,-0.0489740403,-0.7440142687,0.6232873507,-0.0811972032,0.1154186539,0.1366312422,1.9407956265,0.2192375250,-0.4286306590,-0.5731838988,-0.2020429010,-0.0245609258,0.4935926615,0.4773823250,0.2793212918,0.0985598174,0.4671921678,1.0788902127,0.2829715128,-0.8792444614,-0.4856221436,0.3895466113,0.8455233923,-0.4914147141,-1.9171910863,1.3492831221,-0.4512711192,-0.3701648763,0.1426102581,-0.4043594099
-0.9225967957,3.6656621465,0.4484325964,-0.1668154354,0.0252090987,-0.7438535216,0.6466985776,-0.4422596371,-0.0126475995,0.0297300052,2.1183649355,-0.1344871913,-0.4884948282,-1.1063382307,-0.3351286009,-0.0487799246,0.8101483548,0.3936475917,0.2816203001,-0.1691017832,0.8568908663,0.9043668200,0.8890692464,-0.6461984775,-0.4936067578,0.3417073292,0.7132518337,-0.8157281701,-1.9729433960,1.5472394986,-0.3398063804,-0.3645806936,0.2211812826,-0.2912568228
-0.8815698984,3.7311246080,0.3633278283,-0.1313843421,0.0568859370,-0.7350485164,0.6627260545,-0.6492943645,-0.1745299697,0.0291760700,2.2120270855,-0.3665464483,-0.5061400000,-1.3484484430,-0.4652325960,-0.0227524490,0.8077194295,0.3891330157,0.2510112105,-0.2701898807,1.0471999950,0.7152522364,0.9303900405,-0.6605432769,-0.4720058803,0.2748917683,0.6126072388,-0.7999396185,-2.0778111790,1.5708000000,-0.3528200144,-0.1464923938,0.3121519377,0.0084417335
-0.8453095985,3.7813011542,0.2862620828,-0.1899846048,0.0238288185,-0.7173753266,0.6698587002,-0.6194546939,-0.1745300000,0.2351562954,2.4265902805,-0.3230679801,-0.5061400000,-1.1194594092,-0.4807482291,-0.0548769972,0.5650813537,0.3497236995,0.1339560256,-0.5025448306,1.0472000000,0.3332991428,0.5545018791,-0.4593794359,-0.4354438733,0.3106518709,0.5595991974,-0.4082294252,-2.0701778296,1.5708000000,-0.4062561069,0.0848333610,0.3024217825,0.3353900388
-0.8106536753,3.8281472188,0.2356178654,-0.1863916504,0.0213367004,-0.7130579537,0.6755377507,-0.7836889718,-0.1204656830,0.5135542002,2.5307000000,-0.1857567256,-0.5061400000,-1.0611674288,-0.5158100093,-0.0466332966,0.3159894833,0.2953210201,0.0386106942,-0.7818486340,1.0472000000,-0.0542847177,0.6190553017,-0.3075455233,-0.3446016367,0.3291238751,0.5478156445,-0.2528338516,-1.8327215263,1.5708000000,-0.4411915903,0.0117182617,0.3080401206,0.3847377365
-0.7749273436,3.8674713624,0.1853608743,-0.2021698834,0.0231735814,-0.7346535046,0.6472051850,-0.8969752751,-0.1061732703,0.7241124228,2.5307000000,-0.1587529016,-0.5061400000,-1.0427621866,-0.4575829815,-0.0027232153,0.2045061124,0.1944605710,0.0234929802,-0.8777989892,1.0472000000,-0.2839280350,0.6392754364,-0.2420241723,-0.2756919766,0.3219363765,0.4985659879,0.0779080731,-1.4444167418,1.5708000000,-0.4758367988,-0.1194036807,0.3509202658,0.4151565514
-0.7435701401,3.8956941690,0.1335737743,-0.2577603924,0.0077018152,-0.7551464555,0.6027056436,-0.9801638523,-0.0755694750,0.9173370074,2.5307000000,-0.2014809936,-0.5061400000,-0.9710744633,-0.3654853413,-0.0428759920,0.1441915208,0.0819976775,-0.0154359009,-0.7983208015,1.0472000000,-0.3491000000,0.4571312649,-0.1950378212,-0.2590137831,0.3176157136,0.4626260241,0.4705827447,-1.0937077230,1.4495091215,-0.4978767247,-0.2543794804,0.3779335057,0.3378892477
-0.7112320377,3.9179053844,0.0862025571,-0.3411390803,-0.0273759335,-0.7543078477,0.5602627571,-1.0443357723,-0.0253574598,1.0473394991,2.5307000000,-0.2153477275,-0.5061400000,-0.8460453869,-0.3082130859,-0.1645234442,0.1258285828,0.0756921579,0.0690241047,-0.6485105021,1.0472000000,-0.3462590514,0.3359319117,-0.2003131139,-0.1015378394,0.2920490999,0.7733072465,0.9054055836,-0.7946974975,1.1212205229,-0.4679001272,-0.2954336629,0.3697553510,0.1533119249
-0.6786248009,3.9434407684,0.0585891976,-0.3864649946,-0.0548691838,-0.7595183870,0.5203518044,-1.0791720318,0.0283204471,1.0894261728,2.5172798099,-0.2187489939,-0.5061361990,-0.8309873477,-0.3018571360,-0.2321781585,0.1711508930,0.1140394559,0.0911452028,-0.5581517380,1.0471782872,-0.3487373582,0.4021319314,-0.2290532011,-0.1033334479,0.2779663491,0.7986783223,0.9439103522,-0.7125825481,1.0865476263,-0.4789248810,-0.2882293159,0.3589754973,0.1283306770
-0.6518859938,3.9644456637,0.0594973211,-0.4328165561,-0.0675385117,-0.7663483954,0.4699133059,-1.0820869950,0.1289732422,1.0785483534,2.4662918501,-0.2247567823,-0.5061389074,-0.7733107908,-0.2827320741,-0.3114529833,0.2415344042,0.1611129111,0.1002970667,-0.5323351134,1.0471710132,-0.3486236739,0.3870563961,-0.2652678408,-0.1111335695,0.2621358297,0.8221184820,0.9892661873,-0.6373742813,1.0693595793,-0.4802640318,-0.2861189142,0.3506255804,0.0839537344
-0.6248773437,4.0007307475,0.0840199320,-0.4799337074,-0.0862540435,-0.7593561033,0.4308157204,-0.9966220761,0.3991489384,0.9188135984,2.3875952993,-0.0054682847,-0.5061400000,-0.6206504771,-0.2875003745,-0.4297576868,0.2708510065,0.3663559033,0.0198438127,-0.5017943390,1.0472000000,-0.3491000000,0.2673317600,-0.3439921151,-0.1238459809,0.2721946238,0.9909886128,1.0472000000,-0.4186220136,0.6204998229,-0.3821184680,-0.1189605409,0.2689709263,-0.4084943125
-0.5908160099,4.0386024626,0.1015687520,-0.4741035187,-0.1187695967,-0.7728697416,0.4047122422,-1.0305993948,0.4201893558,0.8847601118,2.2907327930,0.0215724893,-0.5061370247,-0.6323039947,-0.3499188341,-0.3111684672,0.3007705684,0.4286066194,-0.0096570922,-0.4524952327,1.0471799310,-0.3485504193,0.1940480164,-0.3706432816,-0.1198049582,0.2642347510,1.0002269131,1.0471764131,-0.3935951597,0.5915245718,-0.3976148825,-0.1003985460,0.2510397225,-0.4588082825
-0.5538551303,4.0839149553,0.1201114851,-0.4697184050,-0.1418251639,-0.7874433646,0.3730726343,-1.0468208684,0.4481395488,0.8210783838,2.1784242958,0.0527896029,-0.5061375166,-0.6609579876,-0.3766999782,-0.1776197766,0.3570032103,0.4896347371,-0.0372961876,-0.4056104087,1.0471792162,-0.3388347054,0.0913523293,-0.3964058248,-0.1109643932,0.2553061354,0.9973108788,1.0471769823,-0.3712874545,0.5726525843,-0.4169082420,-0.0816688725,0.2342227021,-0.5103568282
-0.5270185363,4.1333788325,0.1332884066,-0.4648169146,-0.1421634689,-0.8013164410,0.3487502622,-1.1120028886,0.4266385552,0.6570073018,2.0333925564,0.1896024012,-0.5061400000,-1.0045266233,-0.2820649875,0.1953314469,0.9761733969,0.5007539522,0.0416574159,-0.2655360283,1.0472000000,-0.1856540155,-0.2587447078,-0.4353405614,0.0783404478,0.2607406116,0.9499398633,1.0472000000,-0.1981045432,0.5077644786,-0.4667347745,0.0750196331,0.1867337661,-0.8483719065
-0.4928620961,4.1785916662,0.1412305592,-0.4544938559,-0.1231984036,-0.8134523674,0.3413982048,-1.1553779186,0.4292684217,0.6261032265,1.9533062330,0.1968922384,-0.5061400000,-1.0698445811,-0.3021254233,0.2332258826,1.1127119277,0.4901144335,0.0399193682,-0.2539344451,1.0471884242,-0.1574248129,-0.3111429408,-0.4364820532,0.0876334816,0.2570164886,0.9394655718,1.0471837034,-0.1563270049,0.4807153839,-0.4848454459,0.0841494967,0.1785878352,-0.8775009480
-0.4657518348,4.2157852720,0.1500788128,-0.4473187279,-0.1087059158,-0.8193844195,0.3416111132,-1.1757915622,0.4060150358,0.5946004272,1.8552237702,0.2196810995,-0.5061400000,-1.1442857353,-0.3276393059,0.2685015041,1.3346020412,0.4605314675,0.0372826396,-0.2149037969,1.0471929542,-0.1086294290,-0.3040170371,-0.4219617689,0.0780051137,0.2612407828,0.9362995847,1.0471835208,-0.1055189982,0.4695934008,-0.5086379985,0.0909215669,0.1689203316,-0.9027317955
-0.4428258949,4.2468061625,0.1616177260,-0.4472245447,-0.0988229417,-0.8202659259,0.3426193858,-1.1774864419,0.3812547221,0.5528965970,1.7650687378,0.2418440386,-0.5060933167,-1.2059750643,-0.3492152122,0.2943635145,1.6186248794,0.4186323124,0.0304969733,-0.1399549311,1.0471965517,-0.0577771171,-0.2336425744,-0.3938618809,0.0749622413,0.2740444833,0.9417171923,1.0470780689,-0.0490431368,0.4665431769,-0.5341167116,0.0945891319,0.1589646850,-0.9231506725
-0.4162445874,4.2759711159,0.1709913842,-0.4120989260,-0.0861108903,-0.8306825537,0.3643156390,-1.2659916595,0.3498801365,0.5695149044,1.6960951167,0.2400934910,-0.4924418765,-1.2660716347,-0.3868100257,0.3072548185,1.8233794383,0.3728632074,0.0368707993,-0.0276418174,1.0465757518,-0.0294871760,-0.1815219888,-0.3899998546,0.0887879543,0.2736050904,0.9441637651,1.0124726403,-0.0048559844,0.4461952835,-0.5735302623,0.0909754139,0.1416585900,-0.9418870984
-0.3990058927,4.3019231434,0.1726052674,-0.3929142936,-0.0730618222,-0.8325190253,0.3836566181,-1.3427235071,0.3138431500,0.5681756341,1.6444915284,0.2352651602,-0.4688302194,-1.2982519845,-0.4127872009,0.2719861329,2.0589115243,0.3260090146,0.0548867140,0.0579264172,1.0463563784,-0.0154898704,-0.1627781477,-0.3821972118,0.1119404041,0.2774272690,0.9242330542,0.9599949836,0.0351710571,0.4349319143,-0.6163222847,0.0860741420,0.1229583026,-0.9597448027
-0.3983170594,4.3243356861,0.1647382638,-0.4434448695,-0.0765402729,-0.8029871321,0.3907811410,-1.2608160952,0.2565429276,0.4788256527,1.6464902437,0.2522929341,-0.4284714467,-1.2789314626,-0.4243679573,0.2060990060,2.3527386647,0.2328904164,0.0743069044,0.1000497315,1.0471873843,0.0161620092,-0.1381494265,-0.3485374073,0.1504352784,0.2882712400,0.9160366048,0.9711540051,0.0959423661,0.4915308650,-0.6329435054,0.0794164359,0.1180190318,-0.9634403831
-0.3911485954,4.3510231542,0.1653651556,-0.4555822226,-0.0651658383,-0.7883052907,0.4083785262,-1.2508297875,0.1811651664,0.4104745395,1.6140627343,0.2504357710,-0.3678682463,-1.3018411197,-0.4258594019,0.1390933930,2.4770568405,0.1006939409,0.0932141068,0.1371320860,1.0471896924,0.0837051118,-0.0818021034,-0.3072626958,0.1996599124,0.2975604484,0.9341773543,0.9796989884,0.1619685815,0.5850653462,-0.6485239805,0.0603536081,0.1144729998,-0.9616404585
-0.3856463837,4.3720566918,0.1718523236,-0.4619802781,-0.0553278707,-0.7632366866,0.4483110634,-1.2727516161,0.0853764095,0.3646678573,1.6003966204,0.2480443580,-0.2801263455,-1.2897604521,-0.4591638709,0.0982540993,2.5073618526,-0.0010429273,0.1210756603,0.1390916185,1.0471857231,0.1537916562,-0.0370077371,-0.2922582687,0.2308420526,0.2962335606,0.9510980973,0.9898535579,0.2185642530,0.6451633693,-0.6618575129,0.0295369133,0.1089634576,-0.9541711379
-0.3759929006,4.3865075382,0.1840708149,-0.4670978573,-0.0428179596,-0.7377688459,0.4854722896,-1.2896359392,0.0213498777,0.3441528536,1.6147471488,0.2538338950,-0.2108796076,-1.2383755294,-0.5113931911,0.0634307188,2.4939567890,-0.0780604189,0.1408370207,0.1337588988,1.0471840369,0.2120221326,-0.0163836845,-0.2951771319,0.2474139808,0.2885746692,0.9729114377,1.0147121699,0.2523749511,0.6750750229,-0.6694795201,-0.0024955304,0.1028019296,-0.9357124039
-0.3640899701,4.3983639230,0.2068687334,-0.4641796093,-0.0365646251,-0.7247986087,0.5078063561,-1.3167440670,0.0093513499,0.3125683863,1.6493595739,0.2553013140,-0.1478522238,-1.1636387168,-0.5675451683,0.0177041355,2.4475570786,-0.1362375222,0.1564058670,0.1573012465,1.0471380892,0.2612026168,-0.0186025857,-0.3123272315,0.2554871801,0.2767705142,0.9953699189,1.0359133287,0.2458937463,0.7213726007,-0.6685550754,-0.0332219228,0.0996374982,-0.8987707240
-0.3544567802,4.4060492881,0.2332362470,-0.4581241514,-0.0444679022,-0.7181119074,0.5219771605,-1.3572587932,0.0274586690,0.2501905409,1.7222951840,0.2476845893,-0.0964597149,-1.0756285111,-0.6125584422,-0.0263365831,2.3904353212,-0.1790462492,0.1653213647,0.1992984038,1.0468705879,0.2970887265,-0.0273433587,-0.3378069926,0.2567230363,0.2646697780,1.0151930189,1.0461785483,0.2069729086,0.7568482541,-0.6560370974,-0.0610640984,0.1040556840,-0.8436693145
-0.3459794488,4.4081994371,0.2596184169,-0.4542948055,-0.0600291791,-0.7090129881,0.5360161472,-1.3995612154,0.0395178848,0.1440471120,1.8443931114,0.2341917024,-0.0488048839,-0.9802069302,-0.6494316028,-0.0601897468,2.3339156358,-0.2083134451,0.1684127985,0.2442338704,1.0467160397,0.3281107234,-0.0533309870,-0.3626069027,0.2530133240,0.2550729881,1.0320729153,1.0466120465,0.1509035296,0.8051383712,-0.6266258132,-0.0669009379,0.1253856499,-0.7831797545
-0.3392818835,4.4064008996,0.2854464136,-0.4482939921,-0.0781231749,-0.6984300493,0.5523809667,-1.4399597738,0.0574523002,0.0022124299,2.0121902768,0.2055541200,-0.0047961523,-0.8839981897,-0.6811661331,-0.0856276468,2.2803399298,-0.2299884850,0.1645454562,0.2913999112,1.0465163941,0.3583966860,-0.0805249766,-0.3858446622,0.2457466796,0.2484064309,1.0468700494,1.0465781386,0.0942407083,0.8597417231,-0.5940897924,-0.0533181084,0.1511712554,-0.7306824107
-0.3342405374,4.4049750726,0.3099589967,-0.4332910388,-0.0986116808,-0.6992149693,0.5600294981,-1.4769446711,0.0907335013,-0.1961944683,2.1898809302,0.1523637995,0.0405873048,-0.8118189064,-0.6942555418,-0.0905604289,2.2247431879,-0.2439639509,0.1609702587,0.3483427594,1.0374664931,0.3824066651,-0.1025900722,-0.4091394851,0.2359483213,0.2445540699,1.0582913724,1.0421402706,0.0391093659,0.8962180767,-0.5669440730,-0.0378207160,0.1731310960,-0.6812070206
-0.3294090341,4.4035350772,0.3258007932,-0.4124634807,-0.1123740880,-0.7039476827,0.5671892113,-1.4858554517,0.1056332882,-0.4259068750,2.3145294772,0.0960172759,0.0780356691,-0.7710585668,-0.6736460124,-0.0499389052,2.1725735909,-0.2546359866,0.1749334047,0.4014696599,1.0113488635,0.4039976640,-0.1297641128,-0.4307609913,0.2249119049,0.2436758868,1.0657059961,1.0160827222,-0.0185735822,0.9121150791,-0.5465498625,-0.0221061068,0.1909769589,-0.6307201096
-0.3182707721,4.4064613732,0.3328061402,-0.3922765200,-0.1070448851,-0.7044164667,0.5817714034,-1.4645596457,0.0866221230,-0.6247700575,2.3511382173,0.0348593742,0.1105699410,-0.7591207769,-0.6463308276,-0.0214183370,2.1165124042,-0.2713496164,0.2018032675,0.4327123119,0.9677485271,0.4273727357,-0.1630140270,-0.4503476253,0.2131357208,0.2451743252,1.0690439290,0.9552023449,-0.0848391152,0.9154534485,-0.5286226243,0.0018027963,0.2080233370,-0.5879149249
-0.3087007183,4.4177365192,0.3350147265,-0.3732404955,-0.0812667972,-0.6990335187,0.6045158227,-1.4233166142,0.0727780927,-0.7430392309,2.3138397053,-0.0217213048,0.1176660529,-0.7630815684,-0.6329288134,-0.0550429781,2.0756261553,-0.2948281965,0.2313436614,0.4111180435,0.9135932128,0.4515165485,-0.2144124919,-0.4696054203,0.2053365601,0.2473703365,1.0656172714,0.8542834374,-0.1553993093,0.8662016136,-0.5137969816,0.0218917402,0.2211481193,-0.5617915079
-0.3043381705,4.4372744458,0.3455667646,-0.3472988872,-0.0494481171,-0.6838357826,0.6397710443,-1.2893589519,0.0837168321,-0.8129653050,2.1493183051,-0.2468768824,-0.2303209563,-0.7419002006,-0.6453038978,-0.1364349155,2.0130683444,-0.3175414721,0.2715898925,0.3315459591,0.7049609658,0.4414462834,-0.4493757675,-0.4405796092,0.2315834672,0.3147736909,1.0124695242,0.6383492987,-0.3193508931,0.7011438582,-0.4739015716,0.0511747052,0.2631795792,-0.4115049714
-0.3009244641,4.4495224155,0.3553948163,-0.3224768381,-0.0247191459,-0.6700126708,0.6681920934,-1.3506966469,0.0330092047,-0.8035425680,2.1100076266,-0.2578601577,-0.2305013047,-0.7673972412,-0.6477794431,-0.1736406877,1.9876531566,-0.3190870538,0.2623208316,0.2813842630,0.6736241093,0.4405877255,-0.4731151801,-0.4480394422,0.2377906388,0.3125516266,1.0083785888,0.5577106504,-0.3479724497,0.5871745892,-0.4905249040,0.0126085968,0.2529828875,-0.4189609803
-0.2925105333,4.4700774652,0.3689342950,-0.2924699168,-0.0356511879,-0.6584106723,0.6925934790,-1.4028003582,0.0158650764,-0.6396149792,2.0320432589,-0.1898989402,-0.1047539154,-0.7778930900,-0.7341806365,-0.1969489431,1.9372518752,-0.3132523412,0.1590446820,0.2415604853,0.5857120369,0.3751019384,-0.6219229343,-0.4157449578,0.3079833591,0.3333055198,0.9680242338,0.5098169446,-0.5162186367,0.3643978582,-0.5812764178,-0.2665867333,0.1912543964,-0.4693687625
-0.2881684625,4.4883529331,0.3819366071,-0.2698008885,-0.0239170051,-0.6519635780,0.7082223877,-1.4530302895,0.0358532156,-0.6145859793,1.9880017655,-0.1965560694,-0.1255345961,-0.8113709918,-0.7342473573,-0.2176602066,1.8990525584,-0.3112723030,0.1517555218,0.2188983965,0.5554759457,0.3728625003,-0.6438383515,-0.4214438575,0.3197220880,0.3313357791,0.9599556178,0.4323393419,-0.5440425854,0.2774556571,-0.6153819484,-0.2987459720,0.1672754169,-0.4835387010
-0.2817423632,4.5093439216,0.4062056510,-0.2416016822,-0.0158862720,-0.6358507655,0.7328506379,-1.4575840220,0.0835259030,-0.5043810667,1.8471515661,-0.1613718609,-0.1576459518,-0.7870311983,-0.7630268876,-0.2688052470,1.8002573606,-0.2775030236,0.1440455307,0.1738585775,0.4271545896,0.3451455933,-0.7706746071,-0.3987247081,0.4680705922,0.3557764484,0.8612655916,0.3646300210,-0.6806716150,0.1381155132,-0.8233035802,-0.4298764052,0.0440231950,-0.5598940793
-0.2780715197,4.5283849817,0.4278994600,-0.2150315227,-0.0059339369,-0.6301745717,0.7460604814,-1.4755240880,0.0682364751,-0.4627989084,1.7879619234,-0.1609243731,-0.1689545143,-0.8172988966,-0.7601525993,-0.2864996337,1.7458498193,-0.2732296248,0.1498643387,0.1925017947,0.3645644344,0.3442187817,-0.7531274397,-0.4090744543,0.4986332445,0.3503183039,0.8412214203,0.3129107193,-0.7230224075,0.0912828204,-0.8701270581,-0.4328226106,0.0197482185,-0.5630050589
-0.2711358589,4.5497256728,0.4612790165,-0.1924684756,-0.0115257537,-0.6239497025,0.7573043058,-1.3812613226,0.1152939927,-0.3531856223,1.6033743309,-0.1192752930,-0.1735650262,-0.7724322277,-0.7421852719,-0.3083029044,1.6052762013,-0.2206483114,0.1707768965,0.1719201533,0.2051772393,0.3285421116,-0.7242384297,-0.3849204974,0.7091548010,0.3907965502,0.6384539949,0.2677614357,-0.9114715343,0.0413113968,-1.1286600555,-0.3479502172,-0.0523383760,-0.5217069495
-0.2697469404,4.5681979278,0.4887536658,-0.1791164778,0.0035810079,-0.6182620297,0.7652819915,-1.3876770414,0.1075138804,-0.3365777386,1.5403310149,-0.1135608304,-0.1774858294,-0.7848435937,-0.7174275615,-0.3405653453,1.5491196985,-0.2143841393,0.1711700607,0.1632521738,0.1340554293,0.3287995468,-0.7251193484,-0.4216810210,0.6984205783,0.3794502740,0.6135974108,0.2198245711,-0.9626194261,0.0084347473,-1.1758717605,-0.3206869620,-0.0661266044,-0.5150346271
-0.2646352598,4.5913542443,0.5327926718,-0.1669212905,0.0075784892,-0.6078862555,0.7762436149,-1.2535802092,0.1296420425,-0.2680324188,1.2976172068,-0.0534943744,-0.1791581093,-0.6613793709,-0.6700492251,-0.4446076762,1.3356271190,-0.1573842412,0.1780353352,0.1281989270,-0.0798439018,0.2968857512,-0.8275118651,-0.5680312063,0.6194831455,0.3162914734,0.5260563101,0.1254380963,-1.1007554410,-0.0051108080,-1.4180379176,-0.1268982232,-0.1050922559,-0.4011612761
-0.2611334917,4.6134565980,0.5643937091,-0.1561252939,0.0233767150,-0.6053305252,0.7801624043,-1.2539121941,0.1300473450,-0.2534042194,1.2264585303,-0.0464350946,-0.1835160814,-0.6763980819,-0.6359160114,-0.4759978682,1.2629737263,-0.1508194175,0.1721841462,0.1070188599,-0.1752225955,0.2640311953,-0.8295096061,-0.6108973974,0.6000290268,0.2899232671,0.5272324960,0.0862291149,-1.1252693287,-0.0271436647,-1.4639239130,-0.0954329549,-0.1172581677,-0.3899044422
-0.2537074813,4.6410585318,0.6102135423,-0.1500085991,0.0291344132,-0.6058487985,0.7807661875,-1.1051612068,0.1640180332,-0.1899510511,0.9606199697,-0.0030125022,-0.1753087596,-0.5717972735,-0.5312565973,-0.5313809450,1.0030556276,-0.1226200410,0.1906036169,0.1150354288,-0.3532882281,0.1399091743,-0.8464818830,-0.7390068850,0.4551890196,0.2141494399,0.5175656499,0.0360693865,-1.1512290003,-0.0000454853,-1.6515375467,0.0287096057,-0.1672828586,-0.3334497862
-0.2445280911,4.6689295644,0.6511218908,-0.1465885969,0.0409751327,-0.6116183408,0.7763735100,-0.9911141018,0.1951685615,-0.1389273356,0.7251517808,0.0561627070,-0.1581629588,-0.4927236856,-0.4413698601,-0.6115701029,0.7826886661,-0.1161215044,0.1435719614,0.1175657267,-0.4329934824,0.0745646491,-0.8497490466,-0.8645920794,0.2076743926,0.1628090573,0.4815566557,-0.0004173857,-1.1160460073,0.0594991737,-1.8076915453,0.1387816066,-0.2035872992,-0.2966038605
-0.2334982373,4.6933690689,0.6912297938,-0.1516417200,0.0484081933,-0.6202652868,0.7680705759,-0.8554703133,0.2304535404,-0.0854710438,0.4865316255,0.1210350256,-0.1452249952,-0.4114684421,-0.3667048257,-0.7245314931,0.6827502829,-0.0802716819,0.0552470354,0.1317591282,-0.4491440007,0.0549180159,-0.8347405285,-1.0455291613,-0.1850425328,0.1003909573,0.3953166807,-0.0654989841,-1.0356051882,0.2029899081,-1.8675000000,0.2776587400,-0.2509597346,-0.2634833605
-0.2208600100,4.7133091983,0.7260127837,-0.1589984894,0.0376691392,-0.6280941602,0.7607879088,-0.7294016510,0.2412400876,-0.0233918173,0.3361143305,0.1223985004,-0.1345395224,-0.3890966937,-0.3178065344,-0.6747264048,0.8438257212,-0.0567719733,0.0469418448,0.1432161818,-0.4167555374,0.0439059602,-0.7880103415,-1.2196260183,-0.4748849930,0.0146259935,0.3096129496,-0.1118389236,-0.9665126842,0.4122935970,-1.8675000000,0.3997321795,-0.3013558507,-0.2476553090
-0.2106257574,4.7315468396,0.7531499346,-0.1642571819,0.0190646286,-0.6266657932,0.7615419238,-0.6296662518,0.2250562122,0.0363937984,0.2469713902,0.0615111000,-0.1301894957,-0.3441470998,-0.2741021747,-0.6522200948,1.1029724735,-0.0439211102,0.0034462193,0.1241222452,-0.3479736461,0.0487702669,-0.7308978633,-1.3802137247,-0.6298537991,-0.0831793514,0.2521003339,-0.1191143627,-0.9139003746,0.6095279896,-1.8675000000,0.5208453789,-0.3286102922,-0.2253922113
-0.2042068691,4.7533489961,0.7736851071,-0.1556433598,0.0196424977,-0.6162637860,0.7717566086,-0.6361455306,0.1955635579,0.0599200264,0.2316353684,0.0437064009,-0.1279486163,-0.2772621427,-0.1537804034,-0.6548281504,1.2146022363,-0.0117400767,-0.0051966465,0.1010802802,-0.3615524724,0.0498409317,-0.7331016566,-1.4181346980,-0.6444835927,-0.1001485256,0.2521092291,-0.0916840285,-0.8979835040,0.6526359120,-1.8675000000,0.5378612618,-0.3327217084,-0.2205879204
-0.1957765777,4.7698922087,0.7829698273,-0.1424244785,-0.0002858161,-0.5923195904,0.7930149362,-0.5730874981,0.1206175622,0.1614509942,0.1811046532,-0.0607934921,-0.1273142779,-0.1552163895,-0.0005724048,-0.6255838411,1.2375614668,0.1053200564,0.0497067099,0.0282950285,-0.3074689994,0.0534031136,-0.7482599046,-1.5254631485,-0.6677188470,-0.1484042826,0.2493857731,0.0183552468,-0.8655509549,0.7528141676,-1.8675000000,0.5858215336,-0.3302351619,-0.2011295907
-0.1842808747,4.7920621889,0.7809881428,-0.1127265055,-0.0092973004,-0.5674410204,0.8156083518,-0.5907845030,0.0392055832,0.2524762079,0.1921365252,-0.0179017275,-0.0922468596,-0.0563795308,0.1458240399,-0.5885962348,1.1044195115,0.1827465891,0.0959901016,-0.0445450411,-0.2892586602,0.0626501243,-0.7426685155,-1.6112073034,-0.6911264599,-0.1775481245,0.2539645179,0.1021036436,-0.8519776544,0.7761138223,-1.8675000000,0.6034763494,-0.3122061323,-0.1932700350
-0.1638211313,4.8203030135,0.7661703318,-0.0732715566,-0.0220773120,-0.5508262363,0.8311042827,-0.6215317571,-0.0462175526,0.2970433003,0.2178008407,0.0924104347,-0.0386298186,0.0808761694,0.1745285301,-0.5972578460,0.8697040971,0.1037153622,0.0400197514,-0.1027640135,-0.2702079098,0.0746503811,-0.7085426678,-1.7026642855,-0.7219313235,-0.2018851607,0.2672347563,0.1996457767,-0.8343330324,0.7446393469,-1.8562946027,0.6147319160,-0.2836658646,-0.1874315847
-0.1415007513,4.8416352621,0.7515445056,-0.0457278163,-0.0452128036,-0.5437243684,0.8367966183,-0.5920170173,-0.1071995399,0.2382325205,0.1942346837,0.3252900732,-0.0221492309,0.2591766833,0.1745300000,-0.6564896497,0.6051652117,-0.2891087011,-0.1465840613,-0.1168274348,-0.1076266127,0.1112120624,-0.5827977564,-1.8674999948,-0.8143376865,-0.2496609703,0.2939997204,0.5725200179,-0.7262127380,0.4271044052,-1.8674825891,0.7019605391,-0.2086703599,-0.1477610164
-0.1221199421,4.8630539602,0.7423505789,-0.0445046216,-0.0663099263,-0.5535242633,0.8289953090,-0.5640300630,-0.0979701333,0.0645677256,0.2199271551,0.4250332351,-0.0576570413,0.3507134299,0.1745300000,-0.5970280378,0.4904532361,-0.5812413359,-0.0738091618,0.0111553281,0.0166739684,0.1657925984,-0.5831909051,-1.8675000000,-0.8376291944,-0.2890657663,0.3183744112,0.8785911250,-0.4639575321,0.1366416083,-1.8674999999,0.7829731586,-0.1854646935,-0.1520399086
-0.1069955470,4.8850575001,0.7407156574,-0.0432522913,-0.0742701498,-0.5618907554,0.8227344427,-0.5548085227,-0.0780444646,-0.0965652857,0.2532002024,0.4457793848,-0.0550261528,0.3728023548,0.1745300000,-0.5309361461,0.4294092504,-0.6399504973,-0.0757711557,0.0690410684,0.1749893948,0.2125200929,-0.5204114132,-1.8674996088,-0.8331120872,-0.2665453039,0.3097233604,0.9410233014,-0.2926241552,0.0474473563,-1.8675000000,0.7862623112,-0.1730814983,-0.1631150607
-0.0953952517,4.9034323956,0.7443192814,-0.0427553308,-0.0751973394,-0.5492807374,0.8311486109,-0.5469913982,-0.0675489145,-0.2217673571,0.2803018254,0.4597967669,-0.0944522027,0.3558898154,0.1745300000,-0.5365739485,0.4238214575,-0.6120167801,-0.0858276646,0.0685014977,0.3869273968,0.1894844584,-0.4195164644,-1.8172212876,-0.8041699476,-0.2090671626,0.2619374066,0.9375762062,-0.1718885252,-0.0191092728,-1.8477347854,0.8020615880,-0.1558679161,-0.1609535435
-0.0848809530,4.9144666540,0.7536732502,-0.0492312144,-0.0727433537,-0.5218494489,0.8485032968,-0.5284237321,-0.0469562589,-0.2602928818,0.3065138083,0.4708231350,-0.1125393781,0.3484875301,0.1745300000,-0.6092325848,0.4263136756,-0.6087905392,-0.0599253313,0.0343293511,0.5722938276,0.1129206605,-0.2998555463,-1.7160748786,-0.7676402445,-0.1218027523,0.1884069094,0.9064641127,-0.1005620286,-0.0524468559,-1.8152738484,0.8355733189,-0.1375210529,-0.1517049417
-0.0750799671,4.9228810635,0.7672554660,-0.0497226803,-0.0620332432,-0.5005535727,0.8620473610,-0.5252977048,-0.0130035385,-0.2374304427,0.3277672159,0.4640957414,-0.1141671351,0.3110405409,0.1745300000,-0.6328584521,0.4330959043,-0.5910541652,-0.0579686519,0.0377616415,0.6285522119,0.0802152893,-0.2363161138,-1.6775261245,-0.7651739768,-0.0841000218,0.1760950391,0.8671836852,-0.0686888210,-0.0590972204,-1.8129385467,0.8409390633,-0.1330472150,-0.1549966940
-0.0640124778,4.9299468481,0.7867197539,-0.0411040620,-0.0552465726,-0.4899788052,0.8690103813,-0.5061766262,0.0108343624,-0.1991997682,0.3441672879,0.4417185148,-0.1124507751,0.2960345297,0.1745300000,-0.6338583999,0.3941709244,-0.5646990881,-0.0576095577,0.0506447162,0.6868016398,0.0416057315,-0.1635265498,-1.6333651995,-0.7709315544,-0.0451275747,0.1636680942,0.8282602610,-0.0434857979,-0.0603136539,-1.7963975795,0.8413777626,-0.1230623205,-0.1479443227
-0.0516976562,4.9343984975,0.8100456579,-0.0286571155,-0.0481212439,-0.4908660024,0.8694329665,-0.4737647553,0.0270437841,-0.1858017307,0.3554021010,0.4094061107,-0.1078504886,0.2959785764,0.1745300000,-0.6054580299,0.3210565611,-0.5120903985,-0.0564616548,0.0816615593,0.7236730713,0.0108083722,-0.1035149177,-1.5941617510,-0.7806774590,-0.0114722532,0.1500808585,0.7855837177,-0.0318521576,-0.0494970599,-1.7667002799,0.8332563332,-0.1074786076,-0.1289257054
-0.0358756852,4.9384221291,0.8327025122,-0.0148794541,-0.0436631046,-0.5000062058,0.8647924198,-0.4245483197,0.0261564394,-0.2120494426,0.3624856990,0.3824617040,-0.1313992536,0.2928067428,0.1404406095,-0.5719568800,0.2732986851,-0.4212666291,-0.0443959117,0.1300381948,0.7366559303,-0.0019859450,-0.0776871226,-1.5612040507,-0.7927405569,0.0186169447,0.1377000098,0.7357140064,-0.0412467027,-0.0237013801,-1.7249941756,0.8164528506,-0.0867774523,-0.1000879265
-0.0179953159,4.9431113110,0.8525805221,-0.0040634896,-0.0476086898,-0.5154391003,0.8555930309,-0.3212072029,0.0094768614,-0.2919232495,0.3193478729,0.3604394338,-0.2184394238,0.3169339606,0.0911612397,-0.5325719997,0.2092964573,-0.2168161711,0.0154509288,0.1973660332,0.7458614521,-0.0084838935,-0.0914774972,-1.4903145876,-0.8238984392,0.0825349584,0.1134316926,0.6358728346,-0.0998714308,0.0791920415,-1.5778623303,0.7544471158,-0.0071846004,-0.0282582765
-0.0013900531,4.9479833873,0.8647527297,0.0049953974,-0.0451680695,-0.5315227895,0.8458241045,-0.2484834336,0.0089484830,-0.2921076035,0.2989729472,0.3296961353,-0.2318571908,0.2882160899,0.0282614765,-0.4971705578,0.2314576459,-0.0998075059,0.0548176900,0.2604865766,0.7338956538,-0.0024022005,-0.0914496179,-1.4790303331,-0.8447863924,0.1072743214,0.1178130523,0.5525208279,-0.1667748692,0.1788775138,-1.5187738144,0.7254731693,0.0268957968,-0.0037475353
0.0115695269,4.9521336921,0.8713216776,0.0103371916,-0.0431025448,-0.5519892938,0.8326722841,-0.1695022889,0.0210957814,-0.2393610165,0.2307683145,0.2339423906,-0.1772365773,0.2556670782,-0.0280027232,-0.4145102133,0.2601147030,0.0537343933,0.1246510046,0.2907582741,0.7342664277,-0.0211255333,-0.0670204231,-1.4583383106,-0.9002348151,0.1487654544,0.1243553319,0.3763784099,-0.2638879791,0.4001469896,-1.3660179987,0.6397527483,0.1102623937,0.0165493953
0.0228788596,4.9536911625,0.8737368024,0.0156602385,-0.0484761700,-0.5671536572,0.8220350035,-0.1239077818,0.0067838996,-0.1834035867,0.1934039112,0.1240986457,-0.1439517893,0.2092783677,-0.0938931968,-0.3075252269,0.3361179756,0.1442994190,0.1869844167,0.2881193312,0.7437464462,-0.0542913810,-0.0285655089,-1.4558359563,-0.9394039688,0.1662796086,0.1172234880,0.2242353606,-0.3372499281,0.6019187713,-1.2728351072,0.6011283557,0.1346320826,0.0269899828
0.0315034437,4.9549797728,0.8715159167,0.0204272240,-0.0584401045,-0.5707175808,0.8188094562,-0.0990766626,-0.0202424337,-0.1474605047,0.1849333506,0.0583619210,-0.1225210785,0.1381893708,-0.1559912926,-0.1821362769,0.4663473343,0.2077778880,0.2665836240,0.2501283993,0.7491317854,-0.0794858023,-0.0086472736,-1.4480907741,-0.9527305564,0.1797234735,0.1073787051,0.1148015089,-0.3585705388,0.7185571210,-1.1992692792,0.6612307410,0.1328238285,0.0541496498
0.0370829588,4.9547899974,0.8679029389,0.0196858492,-0.0681886130,-0.5635498179,0.8230275713,-0.0867505430,-0.0393630618,-0.1595548366,0.1932360387,0.0393496710,-0.1112591712,0.0556005461,-0.1870777237,-0.0467654802,0.6178968715,0.2487245130,0.3354356378,0.1882201566,0.7296195547,-0.0694585695,-0.0283972875,-1.4181185162,-0.9456007068,0.2080894961,0.1050542908,0.0966239800,-0.3165524654,0.6697115544,-1.1569539191,0.7890864576,0.1291034294,0.0736627843
0.0385127501,4.9521589529,0.8655239433,0.0150819544,-0.0703825914,-0.5583920520,0.8264485112,-0.0808546925,-0.0375227229,-0.1802466614,0.2007904190,0.0311918714,-0.1111347944,-0.0121677093,-0.1962771873,0.0521173633,0.7081741397,0.2275575878,0.3387819587,0.1450258449,0.6683068139,-0.0158241571,-0.1022948726,-1.3617952810,-0.9280829348,0.2517950114,0.1195807336,0.1317330523,-0.2381340768,0.5184748352,-1.1554635762,0.9053741471,0.1583214673,0.0379547135
0.0379399220,4.9485967373,0.8670030762,0.0105222105,-0.0662478309,-0.5590221317,0.8264349728,-0.0786220686,-0.0219580167,-0.1749511298,0.1999715258,0.0281460759,-0.1142094512,-0.0573001839,-0.2434327884,0.0301470718,0.7080499041,0.1825374924,0.3063547534,0.1090585330,0.5865130154,0.0378336536,-0.2014528081,-1.2834027345,-0.8973869328,0.2919200641,0.1463908593,0.1794307484,-0.1425094372,0.3676733099,-1.1784712880,0.9390638928,0.1983673042,-0.0666299314
0.0354348983,4.9449369488,0.8722774117,0.0098972838,-0.0589330680,-0.5603067658,0.8261266643,-0.0841784732,-0.0080435717,-0.1714200909,0.1964070105,0.0291496280,-0.1176747179,-0.0883794563,-0.3049215495,-0.0508369487,0.6438971692,0.1813344976,0.2497000246,0.0458000978,0.5381809304,0.0609373331,-0.2510269791,-1.2530246819,-0.8701787758,0.3042889545,0.1516721041,0.1878789882,-0.0722001848,0.2997863844,-1.1976377273,0.9009318926,0.2136439531,-0.1225379093
0.0303774184,4.9383741042,0.8792638874,0.0062848965,-0.0506172385,-0.5602118628,0.8267775178,-0.0777567715,0.0156072806,-0.1797256385,0.1768509553,0.0303007373,-0.1219736070,-0.0691682177,-0.3504012604,-0.2066778737,0.4995806037,0.1699474495,0.1272321513,0.0007853092,0.4861115338,0.0914065520,-0.3227359799,-1.1859911011,-0.7956753366,0.3312028978,0.1427796224,0.2280598286,0.0011948969,0.2466109316,-1.2018992161,0.8065368600,0.2314576689,-0.1909650846
0.0233696750,4.9314408646,0.8846204077,0.0079212870,-0.0330474374,-0.5674221371,0.8227254940,-0.1003413070,0.0430311727,-0.1762138415,0.1727670582,0.0378112897,-0.1284297462,-0.1106145561,-0.3609743285,-0.2979194736,0.4027171959,0.1529589231,0.0825210257,-0.0349745532,0.4442287775,0.1146867774,-0.3466340738,-1.1654480767,-0.7592454299,0.3410325920,0.1384137921,0.2295934423,0.0361334507,0.2169622899,-1.2033319424,0.7590799494,0.2339944435,-0.2069077434
0.0160612688,4.9218619933,0.8875649377,0.0097177793,-0.0204522046,-0.5761555322,0.8170263611,-0.1067659575,0.0672535761,-0.1665090632,0.1658838017,0.0368402069,-0.1344495671,-0.1334159995,-0.3561825325,-0.3905141405,0.3113328350,0.1256372874,0.0547899248,-0.0633142927,0.4099741185,0.1388482505,-0.3709590679,-1.1393574887,-0.7216299557,0.3511813367,0.1255644539,0.2410669673,0.0577584239,0.1951296974,-1.1893368435,0.7209123778,0.2371733021,-0.2016844240
0.0084055596,4.9111211374,0.8881327974,0.0107916096,-0.0120619004,-0.5853686088,0.8106057263,-0.1036708470,0.0894749877,-0.1532340071,0.1593605239,0.0292363832,-0.1415149177,-0.1482429772,-0.3390028703,-0.4481376610,0.2448794625,0.1116888645,0.0450737622,-0.0842814514,0.3792209809,0.1677679144,-0.3977607016,-1.1156914661,-0.6948737761,0.3583974021,0.1117648047,0.2521317962,0.0563773736,0.1882077068,-1.1664595853,0.7032954410,0.2392034979,-0.1857817981
0.0001590534,4.9004712371,0.8854362963,0.0104890453,-0.0105877014,-0.5962030638,0.8026953266,-0.0902521903,0.1070390560,-0.1375405326,0.1585051260,0.0172402766,-0.1504720794,-0.1497532167,-0.3196058142,-0.4739235038,0.2042894946,0.1014454669,0.0396549196,-0.0930268892,0.3533207620,0.1982519266,-0.4286076087,-1.0988024453,-0.6845300864,0.3602982996,0.1008604742,0.2626647191,0.0358776573,0.1951689480,-1.1369240933,0.6998441091,0.2425407292,-0.1706181696
-0.0084127308,4.8914904390,0.8823357774,0.0053538769,-0.0119770266,-0.6089027570,0.7931363813,-0.0716353699,0.1283944529,-0.1176332711,0.1653022738,0.0073293639,-0.1621212088,-0.1411147296,-0.2965713933,-0.4821408356,0.1881951238,0.0989320548,0.0412587570,-0.0871108186,0.3314718326,0.2329147489,-0.4610423567,-1.0885982821,-0.6925451447,0.3571691017,0.0944082636,0.2784412558,0.0085094797,0.2186420021,-1.1018974791,0.6946366399,0.2501111875,-0.1611418742
-0.0177540845,4.8839077552,0.8762131989,-0.0030339765,-0.0139455823,-0.6212066209,0.7835168472,-0.0562322129,0.1543772043,-0.0951774697,0.1826863825,0.0061722558,-0.1766121640,-0.1279438339,-0.2758628940,-0.4677332561,0.1838618743,0.0945200336,0.0714365109,-0.0694318783,0.3145877998,0.2704926504,-0.4919664437,-1.0830568479,-0.7114237599,0.3515004623,0.0929695837,0.2991111250,-0.0140221475,0.2541404795,-1.0584259667,0.6745860666,0.2640201392,-0.1571252870
-0.0263320580,4.8755932245,0.8706392090,-0.0220564142,-0.0192945518,-0.6328235125,0.7737413243,-0.0131380366,0.1966917045,-0.0471226888,0.1907598289,0.0424599603,-0.2100385224,-0.0830737860,-0.2340227714,-0.4266923546,0.1583637788,0.0899720402,0.1361541987,-0.0279268798,0.3200824921,0.3278074731,-0.5497093190,-1.0337304786,-0.7748775013,0.3305316778,0.0743688422,0.3207304851,-0.0135679410,0.3340924450,-0.8441888358,0.4525046340,0.3144545705,-0.1907367607
-0.0362180723,4.8698439344,0.8663637043,-0.0303663123,-0.0108881828,-0.6376736038,0.7696308918,-0.0537159295,0.2337706158,-0.0475427347,0.2505788129,0.1586260749,-0.2181276914,-0.0914394588,-0.2023283618,-0.4230906057,0.1719983571,0.0781593026,0.1352930304,-0.0222676675,0.3106839799,0.3478909365,-0.5284068718,-1.0073668423,-0.7894488708,0.3285510446,0.0869535844,0.2996552266,-0.0018489521,0.3629236666,-0.6966807820,0.2130982493,0.2920251901,-0.2546994596
-0.0431269218,4.8637627765,0.8662648835,-0.0343739791,-0.0025191029,-0.6408050679,0.7669295591,-0.1174327988,0.2612071044,-0.0588287909,0.3283705167,0.2904317248,-0.2462480208,-0.0975329262,-0.1771957703,-0.4228964443,0.1764535461,0.0670817271,0.1323432315,-0.0204204718,0.3031198373,0.3428937019,-0.4830954250,-0.9729052980,-0.7703105742,0.3439087944,0.1002019382,0.2952507246,0.0083947990,0.3482315504,-0.5891251734,0.0664189326,0.2892938661,-0.2764726140
-0.0472937569,4.8550937152,0.8713008075,-0.0339436592,-0.0047265943,-0.6460547866,0.7625212784,-0.1605245553,0.2712769783,-0.0387672442,0.3971341607,0.3660541786,-0.2916579924,-0.0895174722,-0.1718466683,-0.4132169490,0.1752054273,0.0602978587,0.1288897670,-0.0127311186,0.3008262071,0.3124748824,-0.4374669406,-0.9437065420,-0.7412023838,0.3597383661,0.1026367438,0.3119885400,-0.0051893298,0.3203050640,-0.5369833833,0.0309462397,0.3047921745,-0.2759376027
-0.0484790205,4.8464419037,0.8763541187,-0.0257555791,-0.0050128924,-0.6531267151,0.7567939053,-0.1934931531,0.2615162464,-0.0151096487,0.4091274307,0.3665606227,-0.2793650398,-0.1026640861,-0.1817519043,-0.4019747946,0.1822150844,0.0656342014,0.1257498854,-0.0033638385,0.2812739642,0.2885423614,-0.4105579490,-0.9384090810,-0.7252089586,0.3648992732,0.1063275851,0.3068220733,-0.0319526837,0.3136443189,-0.5294350385,0.0358450056,0.3069939921,-0.2784113286
-0.0470914545,4.8374145902,0.8801713509,-0.0189209081,-0.0056415629,-0.6617919223,0.7494275305,-0.2144017679,0.2552935865,0.0255340376,0.3935823507,0.3334644962,-0.2610907380,-0.1066407826,-0.1900016305,-0.3868285350,0.1812585594,0.0656753843,0.1246112574,0.0042717662,0.2721810755,0.2628495222,-0.3965670048,-0.9234267222,-0.7059383534,0.3725825290,0.1072226771,0.3111450388,-0.0668036429,0.3270196202,-0.5248566244,0.0559056710,0.3067922445,-0.2808685019
-0.0437028903,4.8273822667,0.8815340724,-0.0131992264,-0.0048424068,-0.6711392431,0.7411979816,-0.2259100356,0.2510850583,0.0799240472,0.3519250770,0.2934201673,-0.2392790701,-0.1094895672,-0.1962855775,-0.3677959897,0.1768659327,0.0651107808,0.1258929737,0.0052627080,0.2683511127,0.2410725447,-0.3937304154,-0.9027739178,-0.6874811567,0.3795351912,0.1054758703,0.3146705502,-0.1036606967,0.3496924354,-0.5298985119,0.0818123812,0.2999259426,-0.2836486694
-0.0384179756,4.8163231622,0.8799759877,-0.0093471057,-0.0022778370,-0.6800666454,0.7330871714,-0.2311902401,0.2416391965,0.1196191254,0.2902050433,0.2499360773,-0.2201315488,-0.1117652719,-0.2005434028,-0.3478106879,0.1732519533,0.0641497802,0.1299334546,-0.0005578974,0.2669041223,0.2235944361,-0.3955328237,-0.8804588488,-0.6715806881,0.3843327717,0.1015585215,0.3127756602,-0.1376388156,0.3657007077,-0.5444654999,0.1050357500,0.2866964575,-0.2842823582
-0.0322255254,4.8034487263,0.8762974926,-0.0091525743,0.0000579305,-0.6889519928,0.7247491832,-0.2286407379,0.2226415806,0.1189225154,0.2244377368,0.2029930083,-0.2075049993,-0.1094468278,-0.2022877390,-0.3269313159,0.1734128972,0.0619276179,0.1361896773,-0.0097788583,0.2682388213,0.2094186118,-0.3990642222,-0.8584672825,-0.6581190323,0.3873248225,0.0961698972,0.3065888456,-0.1675053124,0.3717434181,-0.5659347644,0.1206882840,0.2695977990,-0.2808222859
-0.0283076999,4.7924710263,0.8786175009,-0.0074547261,-0.0054525381,-0.6962594190,0.7177308119,-0.2046568931,0.2006739137,0.1171966646,0.1967931436,0.1800237919,-0.1857322358,-0.0999871380,-0.2138911741,-0.3064734431,0.1738321251,0.0603713818,0.1420084517,-0.0297582123,0.2718079586,0.1896665935,-0.4100915267,-0.8390401691,-0.6481702695,0.3873147584,0.0905076429,0.2979202590,-0.2010841261,0.3672837235,-0.5899498973,0.1321879703,0.2523353681,-0.2733948852
-0.0220015343,4.7832569935,0.8776570262,-0.0118212804,-0.0116086570,-0.7031402797,0.7108581037,-0.1695902751,0.1930266094,0.1257315992,0.1910260360,0.1583553735,-0.1744713156,-0.0862982790,-0.2231726280,-0.2882538943,0.1795256690,0.0606685491,0.1483559966,-0.0556022054,0.2778608456,0.1717940036,-0.4250969875,-0.8187610239,-0.6429846097,0.3867710711,0.0864069173,0.2871158936,-0.2324646596,0.3550441760,-0.6150267654,0.1416625541,0.2350784967,-0.2654557912
-0.0152453489,4.7738563723,0.8785649774,-0.0134524791,-0.0208928915,-0.7090514691,0.7047187609,-0.1399391802,0.1780728326,0.1411468061,0.1914710824,0.1470420772,-0.1681478540,-0.0700650229,-0.2407391399,-0.2749564865,0.1831944756,0.0618742242,0.1545949396,-0.0771568497,0.2793151522,0.1527298272,-0.4407093706,-0.7979749342,-0.6400352719,0.3866420446,0.0849097949,0.2767177030,-0.2550408930,0.3258953153,-0.6363948776,0.1494649463,0.2219260974,-0.2646880373
-0.0092894752,4.7657147683,0.8802807362,-0.0126607879,-0.0219273166,-0.7133548169,0.7003454879,-0.1222030361,0.1699030666,0.1567410987,0.1858145645,0.1374658146,-0.1624235426,-0.0633109650,-0.2491908093,-0.2661305956,0.1803640355,0.0644936648,0.1609361168,-0.0940156686,0.2687512813,0.1368445450,-0.4437016907,-0.7772552755,-0.6385932708,0.3885465192,0.0868139380,0.2628900087,-0.2557749272,0.2704400221,-0.6558229331,0.1532288583,0.2113309351,-0.2735473085
-0.0040932364,4.7580606547,0.8832553143,-0.0101465058,-0.0229192170,-0.7166580588,0.6969741636,-0.1074436200,0.1589267736,0.1705335669,0.1777885614,0.1278229987,-0.1568463272,-0.0576804867,-0.2585874781,-0.2582316318,0.1747835304,0.0682680864,0.1677609612,-0.1028493440,0.2502827669,0.1207647911,-0.4323030637,-0.7601451305,-0.6363442744,0.3906276333,0.0911933758,0.2506001213,-0.2369298245,0.1961925495,-0.6735093661,0.1497474687,0.2026651835,-0.2905528296
0.0002004567,4.7511173793,0.8861187991,-0.0074046252,-0.0249839388,-0.7202203357,0.6932558275,-0.0922061792,0.1459921650,0.1769066879,0.1689501208,0.1182260758,-0.1524828411,-0.0520508607,-0.2686748097,-0.2481713633,0.1684731326,0.0729882624,0.1750217323,-0.1003557388,0.2303730388,0.1068024425,-0.4198386769,-0.7500367715,-0.6319674646,0.3911577627,0.0983386979,0.2464981977,-0.2076312600,0.1231921185,-0.6914300899,0.1404032543,0.1936159743,-0.3093882461
0.0035629374,4.7450978319,0.8885568380,-0.0046296990,-0.0270895156,-0.7229226539,0.6903821844,-0.0786933934,0.1333504235,0.1777085570,0.1594100282,0.1099918649,-0.1496639592,-0.0469630349,-0.2777982949,-0.2382135738,0.1625742157,0.0781001482,0.1814229606,-0.0903145098,0.2106394316,0.0960708467,-0.4104054176,-0.7485125947,-0.6235395618,0.3887868681,0.1078162414,0.2518189129,-0.1740161225,0.0628935972,-0.7101891143,0.1271519137,0.1828883293,-0.3216171852
0.0056232863,4.7397534831,0.8899131113,-0.0023305093,-0.0283463195,-0.7253378248,0.6878052739,-0.0670583689,0.1244601753,0.1788955558,0.1504068505,0.1027063234,-0.1484672677,-0.0428936934,-0.2838497772,-0.2316016721,0.1575892574,0.0812942987,0.1861482965,-0.0743286584,0.1919913345,0.0890140425,-0.4056901793,-0.7546025533,-0.6113161329,0.3829454313,0.1185544271,0.2635313540,-0.1456404827,0.0249840045,-0.7285915163,0.1201687029,0.1721635575,-0.3244992411
0.0065446917,4.7350055113,0.8904242722,-0.0013240016,-0.0292554784,-0.7266031447,0.6864329786,-0.0566029486,0.1197956077,0.1829245499,0.1429798095,0.0961449666,-0.1482464749,-0.0372129846,-0.2867829942,-0.2288466154,0.1539105443,0.0808261962,0.1893201157,-0.0560981516,0.1758782334,0.0855521537,-0.4049041927,-0.7659429088,-0.5969818085,0.3745679079,0.1288782813,0.2785333974,-0.1273315126,0.0124716010,-0.7428160066,0.1260853101,0.1655384656,-0.3192417276
0.0074379280,4.7307683261,0.8904343839,-0.0006193646,-0.0303396701,-0.7251367697,0.6879358880,-0.0487579500,0.1155923613,0.1855922283,0.1367669443,0.0905591733,-0.1479780090,-0.0289878852,-0.2899976508,-0.2312920722,0.1516216056,0.0774171929,0.1918770593,-0.0412295091,0.1612603684,0.0863240927,-0.4108855722,-0.7795656819,-0.5835680710,0.3650874023,0.1387447856,0.2934899865,-0.1196466199,0.0228082127,-0.7496325491,0.1447227254,0.1649262609,-0.3081508109
0.0083060045,4.7265451689,0.8903366308,-0.0008295194,-0.0316121608,-0.7228760476,0.6902537237,-0.0412756833,0.1126308591,0.1865442857,0.1326154959,0.0858127112,-0.1475483788,-0.0188206362,-0.2925492131,-0.2363867325,0.1502967395,0.0727446015,0.1942767213,-0.0293334276,0.1474237912,0.0894992323,-0.4198822846,-0.7914577771,-0.5729347616,0.3565635965,0.1477645581,0.3053605231,-0.1182436561,0.0463278913,-0.7475679498,0.1730824077,0.1701646954,-0.2935071913
0.0087324365,4.7224695216,0.8901530003,-0.0016642398,-0.0328021321,-0.7208589329,0.6923031484,-0.0339568868,0.1113781208,0.1867634749,0.1301276565,0.0817240006,-0.1472483905,-0.0080253238,-0.2935538044,-0.2417774689,0.1488220205,0.0670812370,0.1964177671,-0.0191510267,0.1348770773,0.0931398467,-0.4275974020,-0.7990803133,-0.5653720600,0.3504957912,0.1560178292,0.3125567693,-0.1195137736,0.0724141732,-0.7371490653,0.2039464082,0.1797116566,-0.2791979087
0.0090735544,4.7189531576,0.8900480014,-0.0017646609,-0.0335738770,-0.7192126101,0.6939761539,-0.0286853344,0.1096843952,0.1847975150,0.1280062590,0.0782328723,-0.1471359855,0.0008818308,-0.2945966284,-0.2467708914,0.1463498943,0.0610677183,0.1982630587,-0.0115023772,0.1238550589,0.0949645511,-0.4302866638,-0.8014386555,-0.5585549109,0.3475619600,0.1620695693,0.3143569544,-0.1192742584,0.0913958931,-0.7213067501,0.2291756813,0.1911039254,-0.2669488832
0.0093214070,4.7158465840,0.8900403083,-0.0013598331,-0.0340302691,-0.7175159841,0.6957089220,-0.0252080828,0.1077457970,0.1811822608,0.1261814303,0.0752399512,-0.1471885932,0.0084926212,-0.2955129159,-0.2508803499,0.1434834866,0.0549010658,0.1999569798,-0.0077559341,0.1153199266,0.0943686388,-0.4283224778,-0.7988317625,-0.5521246540,0.3470829950,0.1662022140,0.3120609640,-0.1158186133,0.0982154886,-0.7032130755,0.2441491507,0.2022837506,-0.2564618519
0.0093175740,4.7124755682,0.8900358877,-0.0016097132,-0.0346636736,-0.7162467312,0.6969838295,-0.0205319738,0.1066909760,0.1766438136,0.1251027635,0.0722476552,-0.1475324933,0.0167265559,-0.2956263367,-0.2551669578,0.1411006155,0.0484589925,0.2015172572,-0.0056015813,0.1115680735,0.0922565609,-0.4241845672,-0.7928703418,-0.5457452157,0.3476934534,0.1687661318,0.3087170975,-0.1107947281,0.0948487628,-0.6863078775,0.2492853536,0.2115992361,-0.2473782259
0.0090573640,4.7090512452,0.8900700032,-0.0020642497,-0.0352679736,-0.7151875315,0.6980391850,-0.0153714760,0.1062312865,0.1722183479,0.1239582355,0.0693735672,-0.1481648207,0.0249790666,-0.2951938243,-0.2596450335,0.1388015914,0.0420741503,0.2028449334,-0.0049426548,0.1119235800,0.0896073930,-0.4188722104,-0.7844350651,-0.5374867275,0.3488561223,0.1697280327,0.3059318686,-0.1068213425,0.0858029663,-0.6731252474,0.2485464590,0.2181078552,-0.2403143148
0.0086656334,4.7058159794,0.8901318990,-0.0028379805,-0.0359559549,-0.7139817781,0.6992346786,-0.0100776619,0.1063062595,0.1678801151,0.1228794143,0.0668012567,-0.1489781795,0.0334571867,-0.2942292108,-0.2638044878,0.1367569615,0.0361112926,0.2039438028,-0.0066592308,0.1160087341,0.0878426288,-0.4151149003,-0.7736070842,-0.5292105539,0.3502987629,0.1696989565,0.3044306272,-0.1056564381,0.0747499140,-0.6643656376,0.2462777045,0.2219609420,-0.2361292040
0.0081026508,4.7028423886,0.8901483999,-0.0036184553,-0.0364264571,-0.7128585612,0.7003518342,-0.0054341416,0.1070284253,0.1643743826,0.1220223652,0.0646613235,-0.1498971585,0.0410791824,-0.2928048144,-0.2679754566,0.1349446579,0.0309484077,0.2047565020,-0.0091651544,0.1233975110,0.0870511605,-0.4151141012,-0.7598243277,-0.5222814554,0.3523227084,0.1677653038,0.3040014980,-0.1078706640,0.0652711664,-0.6597875124,0.2447508005,0.2234505784,-0.2351766697
0.0074383627,4.7002096718,0.8901660131,-0.0041827900,-0.0367810757,-0.7120972635,0.7011042319,-0.0015903425,0.1079188113,0.1623548406,0.1215208263,0.0630614037,-0.1508979891,0.0471429801,-0.2915613124,-0.2718420100,0.1335473252,0.0269749396,0.2052616438,-0.0120843542,0.1328478032,0.0865355041,-0.4195119393,-0.7433940290,-0.5158301220,0.3547635579,0.1639976643,0.3038755642,-0.1128764129,0.0577576288,-0.6582191789,0.2441748574,0.2236213045,-0.2372974901
0.0065994144,4.6979478969,0.8901737480,-0.0046528133,-0.0370865991,-0.7114725107,0.7017191760,0.0014725704,0.1091412858,0.1615916664,0.1214476735,0.0620219446,-0.1519834900,0.0519065980,-0.2903018559,-0.2745568459,0.1329182855,0.0243222684,0.2054910463,-0.0141401515,0.1424216011,0.0855854810,-0.4240807779,-0.7244608769,-0.5105364331,0.3574815473,0.1586147817,0.3035779021,-0.1181668606,0.0505340936,-0.6585628543,0.2427613580,0.2226126109,-0.2405575857
0.0055602317,4.6960259167,0.8901355534,-0.0050889329,-0.0372957847,-0.7109536768,0.7022307290,0.0038701597,0.1107603355,0.1613741645,0.1217141107,0.0613979860,-0.1532168778,0.0554425819,-0.2888830092,-0.2766493571,0.1331283125,0.0227994801,0.2054143074,-0.0163226553,0.1517547512,0.0844644402,-0.4293105793,-0.7034524163,-0.5073153837,0.3601949590,0.1517631851,0.3031407220,-0.1230267538,0.0428032807,-0.6597873574,0.2402216571,0.2212447439,-0.2439032630
0.0043538486,4.6943802029,0.8900468960,-0.0054631953,-0.0374401336,-0.7106877421,0.7024893758,0.0057875224,0.1125951303,0.1612120537,0.1223164732,0.0611681635,-0.1546104923,0.0578259517,-0.2874453191,-0.2785211673,0.1339779752,0.0220551099,0.2050456960,-0.0173797224,0.1602616140,0.0832399336,-0.4355517796,-0.6816048830,-0.5061514083,0.3627144517,0.1436487347,0.3027801267,-0.1274793010,0.0356221639,-0.6616062088,0.2374749435,0.2197488374,-0.2469342544
0.0030016140,4.6930063111,0.8899813287,-0.0057372632,-0.0375235864,-0.7105270098,0.7026453106,0.0073053640,0.1144838085,0.1604777022,0.1228374789,0.0612770400,-0.1562067254,0.0594285732,-0.2859376592,-0.2799575125,0.1350571756,0.0216776167,0.2044419305,-0.0170241020,0.1671269609,0.0820886708,-0.4436575513,-0.6610151292,-0.5073553244,0.3640157999,0.1354330836,0.3025545427,-0.1316107254,0.0300942210,-0.6641427456,0.2354688052,0.2180799163,-0.2501852589
0.0016362847,4.6919020265,0.8898941119,-0.0060247705,-0.0377515013,-0.7105073882,0.7026505373,0.0089699716,0.1161579902,0.1595027347,0.1231603213,0.0613619484,-0.1579478624,0.0607878722,-0.2845792381,-0.2807017505,0.1361552006,0.0212533455,0.2037488000,-0.0142182694,0.1722816195,0.0808522995,-0.4506619491,-0.6428815262,-0.5101691931,0.3643884934,0.1282218825,0.3023902579,-0.1354423011,0.0266336253,-0.6669605758,0.2345626593,0.2165795429,-0.2541963446
0.0002444151,4.6909912040,0.8897520710,-0.0063888180,-0.0381074316,-0.7104618915,0.7026741117,0.0108453920,0.1177949558,0.1587983836,0.1232491930,0.0612539772,-0.1597980341,0.0623844615,-0.2831736776,-0.2810479655,0.1370982401,0.0202504934,0.2030456410,-0.0108071139,0.1759843899,0.0797677618,-0.4567205190,-0.6279432756,-0.5140203961,0.3639505774,0.1226771940,0.3018890717,-0.1383600176,0.0243147638,-0.6697759602,0.2339944788,0.2154217962,-0.2588856289
-0.0010889666,4.6902562802,0.8896903529,-0.0069373913,-0.0384508350,-0.7099380606,0.7031794621,0.0126314697,0.1196816677,0.1581919958,0.1230053449,0.0610525175,-0.1616679582,0.0646644949,-0.2813624278,-0.2818905490,0.1378316220,0.0187353796,0.2023860016,-0.0081171686,0.1785216540,0.0784965376,-0.4608321646,-0.6165675463,-0.5172961776,0.3625375813,0.1188550259,0.3010430081,-0.1400089238,0.0220297048,-0.6726061275,0.2329047421,0.2144294657,-0.2635998335
-0.0024531955,4.6898211884,0.8896819193,-0.0075260872,-0.0384725237,-0.7090945347,0.7040228433,0.0136803513,0.1220973667,0.1571469668,0.1224390816,0.0609373551,-0.1635134305,0.0668735234,-0.2788262805,-0.2834567535,0.1380865852,0.0169455275,0.2016771790,-0.0059865288,0.1798553873,0.0769403369,-0.4622977330,-0.6088096732,-0.5184829818,0.3602902105,0.1166677487,0.3000724537,-0.1403487134,0.0196029610,-0.6754869589,0.2315137888,0.2134081825,-0.2676941293
-0.0037671288,4.6896651119,0.8896862458,-0.0079781026,-0.0383384863,-0.7080085275,0.7051173203,0.0139353879,0.1244173919,0.1549772998,0.1216947199,0.0609820915,-0.1652019331,0.0688070682,-0.2761841524,-0.2856155533,0.1380075381,0.0150695477,0.2009037965,-0.0039523640,0.1796588885,0.0754455033,-0.4618045614,-0.6042776903,-0.5188551662,0.3572215503,0.1159360057,0.2991718520,-0.1398028248,0.0176055550,-0.6782292519,0.2307370230,0.2125144210,-0.2709964186
-0.0048936678,4.6898881763,0.8896999588,-0.0081863674,-0.0380799904,-0.7066832018,0.7064571820,0.0131119985,0.1263147771,0.1518682508,0.1208882498,0.0612828334,-0.1666482811,0.0701501642,-0.2738322274,-0.2882860870,0.1377276265,0.0133445368,0.2000637322,-0.0032722710,0.1778890834,0.0743588814,-0.4608698243,-0.6027386149,-0.5196338283,0.3534463727,0.1167098286,0.2980913563,-0.1386510240,0.0157726246,-0.6807318367,0.2306786729,0.2118798513,-0.2736513495
-0.0057829761,4.6902539437,0.8897010472,-0.0080380324,-0.0378055705,-0.7055285613,0.7076267222,0.0117007252,0.1274295064,0.1486233112,0.1201896278,0.0616870204,-0.1678322235,0.0707218513,-0.2722721472,-0.2908849905,0.1373274769,0.0118562374,0.1992338828,-0.0033410378,0.1748027543,0.0735448612,-0.4603266558,-0.6037933572,-0.5204930322,0.3492693788,0.1186316429,0.2966983893,-0.1371868373,0.0145860030,-0.6830720833,0.2310255601,0.2113914031,-0.2757211386
-0.0065321601,4.6906787964,0.8896794219,-0.0079003381,-0.0376477647,-0.7043927762,0.7087672730,0.0102450713,0.1282631062,0.1456417947,0.1197225871,0.0621106540,-0.1687836391,0.0711598591,-0.2711089827,-0.2934640078,0.1372301198,0.0105954777,0.1984613788,-0.0040616250,0.1710060427,0.0730588194,-0.4608637240,-0.6068490853,-0.5219717799,0.3449564006,0.1215157773,0.2953592983,-0.1359650744,0.0142625111,-0.6851705111,0.2315959289,0.2109995100,-0.2776141925
-0.0071741239,4.6911557347,0.8896265713,-0.0080034747,-0.0377374947,-0.7033833846,0.7097630874,0.0092661428,0.1290129520,0.1430287979,0.1195835658,0.0625408578,-0.1695458125,0.0718194349,-0.2701854592,-0.2959133424,0.1374987564,0.0095564431,0.1977233701,-0.0044817157,0.1671874381,0.0730080437,-0.4621940143,-0.6112817422,-0.5240625118,0.3406966214,0.1249218011,0.2945224351,-0.1350803383,0.0149799720,-0.6868304331,0.2318738255,0.2106660147,-0.2791429829
-0.0076362966,4.6916946414,0.8895513965,-0.0082125470,-0.0379930514,-0.7026186456,0.7105041315,0.0086334414,0.1295014754,0.1409872793,0.1196711880,0.0630277324,-0.1701206710,0.0724532169,-0.2696390324,-0.2980075284,0.1378829091,0.0087648194,0.1970175382,-0.0043907095,0.1635834601,0.0729690485,-0.4636044425,-0.6168100620,-0.5260303274,0.3365198279,0.1284971587,0.2943985923,-0.1348779386,0.0165920316,-0.6877327245,0.2318605539,0.2107564470,-0.2801526339
-0.0079551892,4.6923506423,0.8894733624,-0.0083174779,-0.0380518276,-0.7020698557,0.7110420492,0.0076608880,0.1299489305,0.1393554002,0.1197382130,0.0636496279,-0.1705535211,0.0724021076,-0.2691748598,-0.2997745080,0.1381664400,0.0083052942,0.1963017631,-0.0043269523,0.1600085465,0.0728897341,-0.4648118738,-0.6230573326,-0.5281460428,0.3325326987,0.1322494488,0.2943198793,-0.1352068243,0.0183738217,-0.6879577033,0.2318959187,0.2110958609,-0.2806841751
-0.0081256011,4.6930532225,0.8894125310,-0.0083322233,-0.0380200908,-0.7017451076,0.7113640775,0.0065381676,0.1301928540,0.1378276036,0.1198334751,0.0642968108,-0.1708715202,0.0718172570,-0.2689249290,-0.3010306767,0.1384171127,0.0081603796,0.1956161430,-0.0049821816,0.1569151355,0.0729948726,-0.4665079072,-0.6295676269,-0.5302502942,0.3289301892,0.1357213370,0.2939886703,-0.1360216015,0.0203372926,-0.6878931366,0.2321395611,0.2113644823,-0.2811818586
-0.0080597696,4.6937315329,0.8893994064,-0.0083389831,-0.0379843037,-0.7016503558,0.7114593679,0.0055622388,0.1301412698,0.1366626893,0.1199975424,0.0648258292,-0.1710121276,0.0709786031,-0.2689759194,-0.3013164689,0.1386365750,0.0084022022,0.1950717819,-0.0064912001,0.1544074346,0.0733674477,-0.4693521765,-0.6362175531,-0.5314421109,0.3257313120,0.1386800042,0.2937430897,-0.1370659625,0.0224149042,-0.6876401786,0.2324518107,0.2116825572,-0.2816155714
-0.0078142225,4.6944046098,0.8893360524,-0.0082529269,-0.0380047489,-0.7018317605,0.7112803303,0.0047340508,0.1296906261,0.1361787516,0.1202415328,0.0651460957,-0.1709692187,0.0699413010,-0.2694723272,-0.3009605605,0.1386913431,0.0086277117,0.1947390102,-0.0084701479,0.1525706824,0.0744728927,-0.4736688827,-0.6425209783,-0.5322566049,0.3230747969,0.1415598877,0.2937557178,-0.1383533091,0.0242083548,-0.6871496607,0.2326220027,0.2121731570,-0.2817848282
-0.0074596752,4.6950816313,0.8892507211,-0.0080953189,-0.0379384007,-0.7021494279,0.7109720982,0.0038259158,0.1291472294,0.1362845971,0.1204723916,0.0652833945,-0.1707650585,0.0686449927,-0.2700933328,-0.3002965610,0.1386087399,0.0087471624,0.1946001821,-0.0104029487,0.1512632289,0.0762294424,-0.4784068312,-0.6478288718,-0.5331315864,0.3211620994,0.1444449336,0.2939660613,-0.1399197545,0.0256221607,-0.6864198097,0.2325929823,0.2128670020,-0.2818461447
-0.0070331355,4.6957274234,0.8891727296,-0.0079647316,-0.0378182009,-0.7027284270,0.7104077031,0.0031042500,0.1286371627,0.1370449385,0.1207425389,0.0652032736,-0.1704484597,0.0671416809,-0.2707267768,-0.2992124402,0.1384179678,0.0087825387,0.1946203692,-0.0121216817,0.1505019498,0.0782597233,-0.4825710921,-0.6515856046,-0.5339165103,0.3201320365,0.1468303634,0.2943034275,-0.1416947545,0.0266288453,-0.6854692801,0.2323754777,0.2137153940,-0.2819103895
-0.0065706922,4.6963240133,0.8891331048,-0.0079441612,-0.0376225252,-0.7036332792,0.7095221239,0.0027160103,0.1283365341,0.1386262812,0.1210324031,0.0649421580,-0.1700177335,0.0654438195,-0.2711689004,-0.2974146683,0.1381056317,0.0088563987,0.1947328258,-0.0135104636,0.1503311123,0.0802671441,-0.4857933607,-0.6537376228,-0.5341037645,0.3198292136,0.1482216279,0.2948429288,-0.1436291160,0.0274828936,-0.6843317467,0.2320074026,0.2145781207,-0.2819249606
-0.0060487094,4.6968766436,0.8891368162,-0.0080334161,-0.0374313854,-0.7048700137,0.7083026326,0.0027745182,0.1280925696,0.1409342100,0.1212979142,0.0645579777,-0.1694266985,0.0635940409,-0.2715331476,-0.2946800161,0.1376996626,0.0091087822,0.1949043008,-0.0147335222,0.1505167126,0.0822728047,-0.4885333321,-0.6545482196,-0.5342055812,0.3199587082,0.1489011845,0.2952631038,-0.1457460162,0.0282891162,-0.6831475527,0.2313867439,0.2153540166,-0.2818776571
-0.0055673827,4.6973133762,0.8891011211,-0.0081720123,-0.0372123709,-0.7062809324,0.7069057237,0.0031653929,0.1280272249,0.1439654311,0.1215268834,0.0640828173,-0.1687500328,0.0617054175,-0.2717312081,-0.2911504820,0.1373327864,0.0094426116,0.1951291156,-0.0153742862,0.1511996558,0.0846182391,-0.4917432561,-0.6539960585,-0.5349051914,0.3205487786,0.1490636569,0.2957206719,-0.1481489709,0.0295147821,-0.6817600561,0.2306556968,0.2161691002,-0.2818855867
-0.0051095054,4.6976245693,0.8890393513,-0.0083270291,-0.0369735271,-0.7078932589,0.7053018878,0.0038797087,0.1280482620,0.1476161673,0.1217101600,0.0634559302,-0.1681102257,0.0596890967,-0.2718969498,-0.2870037805,0.1370531088,0.0098447609,0.1954221909,-0.0169804107,0.1520519100,0.0870424865,-0.4962756639,-0.6522082424,-0.5349053732,0.3214255617,0.1486653983,0.2960528149,-0.1507351561,0.0311928615,-0.6801840593,0.2297909904,0.2168312580,-0.2820138337
-0.0046461872,4.6979373221,0.8889877323,-0.0084144855,-0.0369468086,-0.7095471653,0.7036383659,0.0048659302,0.1276732956,0.1514112574,0.1218176467,0.0626852199,-0.1676118552,0.0575242026,-0.2725560087,-0.2825928057,0.1371245026,0.0105990898,0.1957103109,-0.0205878717,0.1500702226,0.0888578831,-0.4986014740,-0.6491635829,-0.5333380724,0.3224265858,0.1468361537,0.2955914835,-0.1532664617,0.0329109575,-0.6786676315,0.2291360697,0.2172978829,-0.2819100002
-0.0043527650,4.6981250001,0.8889399956,-0.0082285235,-0.0378908559,-0.7112004452,0.7019191557,0.0069245967,0.1256778349,0.1554359357,0.1220196583,0.0616231110,-0.1673043018,0.0559674101,-0.2751531148,-0.2778487510,0.1380522394,0.0116713951,0.1963407502,-0.0302780141,0.1416508833,0.0946488794,-0.4954384188,-0.6440286096,-0.5307527305,0.3225616106,0.1425973571,0.2938649798,-0.1519957274,0.0339019568,-0.6772207037,0.2300927133,0.2183403902,-0.2813769472
-0.0041622782,4.6981481911,0.8889132579,-0.0090474132,-0.0417784144,-0.7125447474,0.7003232763,0.0134599370,0.1210289181,0.1585167817,0.1232046768,0.0603508193,-0.1671368380,0.0591394518,-0.2808248042,-0.2736492619,0.1407508108,0.0122865495,0.1975327619,-0.0365548874,0.1259117104,0.1027278819,-0.4667010254,-0.6335138638,-0.5307311780,0.3220408751,0.1322854813,0.2929327809,-0.1409020483,0.0293729627,-0.6764408822,0.2296595242,0.2194018245,-0.2825383217
-0.0057115987,4.7002275999,0.8882899898,-0.0126039349,-0.0523783700,-0.7091827950,0.7029633067,0.0255867434,0.1134847442,0.1541991151,0.1266870131,0.0601915023,-0.1671244124,0.0750471612,-0.2899337575,-0.2778060838,0.1487174200,0.0104010155,0.1977360543,-0.0135002546,0.0842820885,0.1234624527,-0.4421375743,-0.6190916479,-0.5387956427,0.3210634493,0.1126649170,0.3064098128,-0.1104933525,0.0078503802,-0.6730010809,0.2248460394,0.2234239327,-0.2901156131
-0.0131919281,4.7084659427,0.8852906379,-0.0149737756,-0.0694908332,-0.6916353853,0.7187400810,0.0270189184,0.1049951859,0.1293789045,0.1318858156,0.0694079707,-0.1717368319,0.1023797853,-0.2998185933,-0.3013365900,0.1647273344,0.0034833721,0.1894315465,0.0399159284,0.0310769490,0.1479241200,-0.4544998995,-0.6173545841,-0.5660421649,0.3177770164,0.0919508489,0.3429785091,-0.0843313071,0.0147253685,-0.6669729382,0.2016445112,0.2271354168,-0.2974617016
-0.0288795619,4.7211589875,0.8766348207,-0.0215069194,-0.0930626096,-0.6631123325,0.7424007257,0.0374209800,0.0998100607,0.0554496892,0.1259329090,0.1082365715,-0.2013682365,0.1545492182,-0.3029582691,-0.3930177174,0.1824415128,-0.0186204963,0.1361803775,0.0895988175,-0.0223799568,0.1852416242,-0.5679135561,-0.6490026277,-0.7023517110,0.2770397337,0.0116132300,0.3971872959,-0.1352165648,0.1693360914,-0.6044593772,0.0980404561,0.2334050314,-0.2499094797
-0.0528086438,4.7386425892,0.8625616248,-0.0312355295,-0.0964205475,-0.6299210490,0.7700174619,-0.0178641604,0.1345753620,-0.0198430448,0.1617358772,0.1451589410,-0.2281005112,0.1331271979,-0.2704612018,-0.4903312844,0.2659224195,-0.0006805916,0.0418746091,0.0721146801,-0.0428049677,0.2957390714,-0.6493533266,-0.7440495120,-0.6855474720,0.2818606911,0.0673854117,0.3324055408,-0.2571453734,0.3164131316,-0.5826522728,0.2181875878,0.2262455020,-0.2047389188
-0.0829072613,4.7593960868,0.8483105210,-0.0439070844,-0.0982367079,-0.6015118397,0.7915839967,-0.0709212392,0.1755191809,-0.0826489434,0.1856478002,0.1692212133,-0.2588728072,0.0645856489,-0.2518100652,-0.5425533562,0.4254531964,0.0409705341,0.0206171929,0.0211900174,-0.0993266133,0.5028093193,-0.7645516279,-0.8283682931,-0.6131457967,0.3203818312,0.1309661547,0.2555636006,-0.4157256719,0.3692791772,-0.6313997819,0.3244931910,0.2083971542,-0.2392228688
-0.1147804271,4.7825182507,0.8307702422,-0.0490946316,-0.1104792516,-0.5853734639,0.8016994199,-0.1085806505,0.1936446374,-0.1187547376,0.2008935603,0.1965065804,-0.2913057102,-0.0746985327,-0.3041833018,-0.5302273301,0.7414678536,0.0002550510,0.0167495919,-0.0119718261,-0.2089443510,0.7323630818,-0.9303172644,-0.8571340175,-0.5662517588,0.3421952224,0.1699651454,0.1638091324,-0.6443236159,0.4761294475,-0.7373649900,0.2127414393,0.2005857616,-0.3249099031
-0.1495076909,4.8063365334,0.8073687731,-0.0506280759,-0.1223444585,-0.5721640074,0.8093806151,-0.1556614147,0.2074878130,-0.1602077579,0.2170763309,0.2405730126,-0.3300089355,-0.2242132889,-0.3798908735,-0.5218806079,1.1069688287,-0.0528000583,-0.0157245443,-0.0667161654,-0.3902311551,0.9551352002,-1.2548145959,-0.8020394084,-0.4982778194,0.3472588935,0.1883064317,-0.0110608323,-0.9037223148,0.6621748361,-0.8702781802,0.0367278474,0.1874080772,-0.3569038658
-0.1869627576,4.8293511064,0.7801891416,-0.0477135467,-0.1263937805,-0.5549528066,0.8208382375,-0.2243620300,0.2206038388,-0.2058134374,0.2291981644,0.2766497796,-0.3685678981,-0.3404411130,-0.4062674694,-0.4821225541,1.4004066243,-0.0141214958,0.0160578919,-0.0924818788,-0.6017014789,1.0587475397,-1.5707990942,-0.6306348037,-0.5347482797,0.3956101103,0.1733457063,-0.2119091296,-1.1579029854,0.8798536531,-0.9840137538,-0.0605773539,0.1683711369,-0.3920476560
-0.2270907359,4.8490618005,0.7489092212,-0.0454191936,-0.1252203581,-0.5315761420,0.8364710181,-0.3090083595,0.2318656753,-0.2852637925,0.2412962015,0.3136747781,-0.4180681592,-0.3967461440,-0.3695731990,-0.4403406711,1.6182928434,0.0780312803,0.1073215682,-0.0765595717,-0.6634281900,1.0754524260,-1.5708000000,-0.3916205921,-0.7554935256,0.5012366194,0.1503110142,-0.2437493705,-1.4026172309,0.9463967744,-1.0286086136,-0.0462519179,0.1762314700,-0.4482921180
-0.2696103508,4.8690344827,0.7140227411,-0.0435460291,-0.1199236229,-0.5106925174,0.8502442124,-0.4014933606,0.2464840146,-0.3637109023,0.2480273298,0.3526470290,-0.4776646265,-0.3745834526,-0.3262450772,-0.4460477711,1.7752251923,0.1570127717,0.1295944462,0.0272613298,-1.0161369826,0.9472465143,-1.5708000000,-0.2691547966,-1.0608026158,0.6711336938,0.1698127352,-0.0139920441,-1.6635122335,0.7322049434,-0.9484017318,-0.0589576822,0.2166013202,-0.4627781888
-0.3122661941,4.8899731879,0.6739430861,-0.0407895318,-0.1143589726,-0.4937648895,0.8610775072,-0.4970482535,0.2601655686,-0.4203735389,0.2521957873,0.3944101357,-0.5061400000,-0.2634805929,-0.3204729871,-0.4907938431,1.8750570105,0.1662360142,0.0906413836,0.0707480816,-1.2393585856,0.9310400350,-1.5708000000,-0.3900077896,-1.1356930548,0.7914185981,0.2749559544,0.2575704703,-1.8562437043,0.4067356589,-0.7827542780,-0.1420313739,0.2609678917,-0.4273612405
-0.3548057356,4.9123495354,0.6299529681,-0.0307911383,-0.1104495089,-0.4828210051,0.8681801016,-0.5893779685,0.2672792275,-0.4459976520,0.2473926607,0.4397195041,-0.5061400000,-0.1238601015,-0.3142745422,-0.4908248190,1.9019067924,0.1700439999,0.0743429400,0.0194076282,-1.1058280604,1.1527293357,-1.5708000000,-0.5947863454,-0.9160736672,0.7774014082,0.4613847606,0.3633478108,-1.9912999348,0.0580008765,-0.7315206345,-0.2078093430,0.2463567481,-0.4475269678
-0.3989716132,4.9400375382,0.5830930762,-0.0153262178,-0.1037807969,-0.4836479832,0.8689529801,-0.6815909100,0.2841271331,-0.4512650055,0.2327224820,0.4964190557,-0.5061400000,-0.0345365956,-0.2641214215,-0.4080162097,1.8480727340,0.1842254183,0.0765293534,0.0307875525,-1.0536522486,1.3540009825,-1.5708000000,-0.6573998750,-0.7063866049,0.7001715920,0.6277010938,0.3429405770,-2.0615657576,-0.1633658618,-0.8052982845,-0.3097244965,0.1633539128,-0.5213380556
-0.4491793156,4.9719748166,0.5360201751,0.0053915057,-0.0934822301,-0.4930457439,0.8649496510,-0.7794336708,0.3242310572,-0.4339331310,0.2198074577,0.5061400000,-0.5061400000,-0.0212218129,-0.1207488305,-0.2441116131,1.7389305798,0.1542507948,0.0581157828,0.0918546943,-0.9080956500,1.5047718933,-1.5440039153,-0.5912176586,-0.4220197243,0.6152729896,0.5955238952,0.1728171796,-2.0492482901,-0.2436953472,-1.0099853603,-0.2404074418,0.0714715271,-0.5734352291
-0.5055125640,5.0116807324,0.4849147164,0.0313792773,-0.0809830170,-0.5075497563,0.8572341202,-0.8775923489,0.3797216120,-0.4057327876,0.1908455283,0.5061400000,-0.5061400000,-0.0669874482,0.1113009734,0.0001908244,1.8050996705,-0.2041494510,0.1364449435,0.2044716572,-0.7780829600,1.5530739375,-1.5708000000,-0.5209433295,-0.1296169992,0.5078141554,0.4462071380,-0.1459079549,-2.0022800782,-0.1887800793,-1.2768426468,-0.0616768709,0.0069752827,-0.5151166939
-0.5654714439,5.0487396646,0.4410856479,0.0494535488,-0.0613546333,-0.5093811324,0.8569252111,-0.9929447084,0.4285245990,-0.4023617419,0.1600162986,0.5032196547,-0.4829006292,-0.1561218008,0.1734766772,0.0240262605,1.8331080843,-0.2596419739,0.1526406109,0.2409679296,-0.7442460065,1.5743047257,-1.5707747271,-0.5071952963,-0.0932875873,0.5022126468,0.4087751319,-0.2313979931,-1.9706617895,-0.1695516091,-1.2912164862,-0.0464038928,0.0033032213,-0.5094481976
-0.6210158040,5.0881272584,0.3917594767,0.0707999223,-0.0575537255,-0.5055545320,0.8579566160,-1.0630324327,0.4438690216,-0.2381951508,0.1375988577,0.3517288754,-0.1729768746,-0.3468167348,0.1745300000,-0.0122817472,2.0758790727,-0.5046464759,0.3933047069,0.3647440513,-0.4205616702,1.4351126956,-1.5708000000,-0.5193169878,0.1250898122,0.4709716815,0.1371631593,-0.7277966219,-2.0821420844,0.4138431447,-1.3661589493,0.0246869213,-0.0196084261,-0.4167102625
-0.6762825585,5.1154502172,0.3421183552,0.0819903455,-0.0555596853,-0.4998793786,0.8604134538,-1.1221861343,0.4623369134,-0.1842280262,0.1259414942,0.2419244606,-0.0591327449,-0.5375474341,0.1745300000,-0.1082762389,2.2537389846,-0.5410706582,0.5061399990,0.5534912417,-0.1832354895,1.2408070678,-1.5301124532,-0.5337516141,0.2760934046,0.4686019323,0.0160602671,-1.2819674552,-2.4938897575,1.1802597783,-1.4073421387,0.0001181414,-0.0183405707,-0.3100166933
-0.7292769850,5.1348051396,0.2954383261,0.0841846916,-0.0646743868,-0.4874345441,0.8666820216,-1.1542297133,0.4562790483,-0.2411438830,0.1206445933,0.1995462072,-0.0402978425,-0.6829654636,0.1745300000,-0.2655538802,2.3648316838,-0.5211543806,0.5061400000,0.6420627360,0.2103380574,0.9745307946,-1.2909574144,-0.4844921807,0.3844442349,0.4753798803,0.0239495031,-1.5493309581,-2.8515607696,1.5708000000,-1.3723967835,0.0380894242,0.0160774941,-0.2491851615
-0.7719359650,5.1510275436,0.2442584945,0.0993288724,-0.0955960024,-0.4716344889,0.8709512548,-1.1497199862,0.4256479443,-0.2489496618,0.1229511696,0.1718213896,-0.0349578209,-0.7928559202,0.1745300000,-0.4257137798,2.4754576769,-0.4999130591,0.5061400000,0.5270637072,0.6420101038,0.6196121432,-0.9318277499,-0.4082867554,0.4484710554,0.4708797477,0.0795469507,-1.5081290752,-2.8270817379,1.5708000000,-1.1859259432,0.1475042695,0.0973551466,-0.1450521170
-0.8057019832,5.1595978717,0.1958868933,0.0994427749,-0.1530398729,-0.4490487701,0.8746685852,-1.0962300926,0.3811890984,-0.2413331122,0.1375665604,0.1631689656,-0.0524844493,-0.8170356733,0.1745300000,-0.6097042123,2.5307000000,-0.4544825051,0.5061400000,0.2547236061,0.9601112560,0.2375499885,-0.6303970934,-0.3912249313,0.4643360824,0.4268842117,0.1534788682,-1.3297277224,-2.6249081637,1.5708000000,-1.0027958915,0.2662909780,0.1580824885,-0.0114157551
-0.8368177255,5.1601621089,0.1522513100,0.0818446973,-0.2240318612,-0.4206393739,0.8753134797,-1.0155958674,0.3447456994,-0.2364527632,0.1601909687,0.1978120089,-0.1080685618,-0.7862440017,0.1745300000,-0.8111147274,2.5307000000,-0.3959725428,0.4840090249,-0.0927711300,1.0472000000,-0.1517112027,-0.4628014683,-0.3956824894,0.4007333014,0.3884004726,0.2193489109,-1.0393210309,-2.3147202060,1.5708000000,-0.8789613140,0.2889110787,0.2021998816,0.0849867784
-0.8719407149,5.1618989927,0.1078967533,0.0566392879,-0.2917319900,-0.3975084269,0.8681425503,-0.9417225438,0.3401672596,-0.2344575236,0.1934526676,0.2641471579,-0.1110535078,-0.8200004713,0.1745300000,-1.0146831578,2.5307000000,-0.3349241934,0.4426110212,-0.3131215472,1.0472000000,-0.3490999998,-0.3816635919,-0.3633282617,0.3055866126,0.3654670189,0.2666539241,-0.8509064114,-2.0924944443,1.5708000000,-0.7357077686,0.2166810274,0.2794024748,0.1152225754
-0.9052926212,5.1635018287,0.0805158697,0.0376482359,-0.3649960800,-0.3710170160,0.8530573520,-0.8388112172,0.3252473354,-0.2255210474,0.2384096911,0.2959995992,-0.0783470209,-0.8128577199,0.1745300000,-1.1290829537,2.5193905941,-0.3371045127,0.4289884006,-0.3484001731,1.0472000000,-0.3491000000,-0.4647045657,-0.3143962724,0.3423568360,0.3272945159,0.4987376757,-0.8548738551,-2.1188213115,1.5708000000,-0.5974283482,0.1400575701,0.3556408345,0.0812110879
-0.9305003963,5.1708623790,0.0836899670,0.0323053610,-0.4160919970,-0.3505721728,0.8384050127,-0.7774975425,0.3034073233,-0.2272720931,0.2934012256,0.3166623713,-0.0754438701,-0.8280506749,0.1744018198,-1.1225206036,2.4871878917,-0.3310487134,0.4253067809,-0.3482923323,1.0469993901,-0.3490888786,-0.4555002888,-0.3279312527,0.3458837968,0.3148562353,0.5195823190,-0.8567013650,-2.0953578082,1.5708000000,-0.5899243290,0.1266796954,0.3599522799,0.0932906043
-0.9526362971,5.1857572052,0.0981347782,0.0354066495,-0.4719050499,-0.3579139025,0.8049531859,-0.6765136698,0.2821654553,-0.2144125600,0.3826396642,0.3485864494,-0.0826736407,-0.8313018435,0.1689012238,-1.0721495293,2.4669054921,-0.3103221864,0.4116676722,-0.3724688075,1.0463731233,-0.3488468155,-0.5196507214,-0.3474390890,0.3428699269,0.3036870218,0.5283376300,-0.8519352006,-2.0541431754,1.5708000000,-0.5921488421,0.1106843618,0.3652874992,0.0767246941
-0.9837165343,5.2015005095,0.1156239550,0.0434956243,-0.5094063073,-0.3714349023,0.7750157792,-0.6097343286,0.2546897628,-0.1909372365,0.4649924004,0.3726531407,-0.0963009061,-0.8166481535,0.1566773129,-0.9901608510,2.4293255472,-0.2756941014,0.4022947025,-0.3629705662,1.0465704784,-0.3490865546,-0.5495688859,-0.3662331272,0.3471962856,0.2939289554,0.5306624893,-0.8977216477,-2.0628769345,1.5707929301,-0.5962492841,0.0957041800,0.3698009003,0.0457934011
-1.0266173034,5.2147811524,0.1318872983,0.0512391583,-0.5193695132,-0.3712677060,0.7679779606,-0.6234045537,0.2166325795,-0.1654386226,0.5238428768,0.3878018056,-0.1170887357,-0.8001082111,0.1360210876,-0.9079327181,2.3494756314,-0.2365123885,0.4003030043,-0.3352447786,1.0470054834,-0.3490912274,-0.5340729542,-0.3984335806,0.3486174919,0.2753117238,0.5311707263,-0.8936848765,-2.0612385264,1.5707999991,-0.6193705357,0.0801310664,0.3668205464,0.0148906958
-1.0741042628,5.2289164717,0.1420322800,0.0555332828,-0.5142385407,-0.3629062515,0.7750960137,-0.6934890340,0.1700043622,-0.1242591809,0.5751890947,0.3963571630,-0.1321326638,-0.7980542961,0.1014167640,-0.8542836972,2.2473936753,-0.1943131872,0.4103074942,-0.3378901811,1.0471807020,-0.3490154795,-0.5205778198,-0.4301309014,0.3215436663,0.2577711325,0.5367136304,-0.9141322660,-2.0449648959,1.5708000000,-0.6379907271,0.0641428078,0.3675891287,-0.0150425159
-1.1187265280,5.2402869555,0.1479484542,0.0447577020,-0.5071301108,-0.3549035648,0.7841296185,-0.9142037843,0.1454689573,-0.0069346690,0.9190823735,0.3442550195,-0.1453636774,-0.7729569759,0.0742745212,-0.8168425340,2.0752622794,0.0240320491,0.5032217127,-0.4585348343,1.0472000000,-0.3491000000,-0.4993460685,-0.5230545511,0.1276103009,0.2125598557,0.5520895984,-0.8456404749,-1.9363874553,1.5708000000,-0.7286649380,-0.0297145015,0.3837088998,-0.2532549941
-1.1649948336,5.2580027220,0.1479843723,0.0358445853,-0.4858836959,-0.3597977169,0.7957247028,-0.9765468522,0.0964472317,0.0492059135,0.9568444009,0.3404335654,-0.1629635535,-0.8284706876,0.0388867389,-0.8261964653,2.0033169917,0.0263273575,0.5034692568,-0.3813537636,1.0471967996,-0.3490957875,-0.4459528289,-0.5192935406,0.1261391792,0.2166811816,0.5537968937,-0.8396135536,-1.9091700492,1.5708000000,-0.7285166596,-0.0526091512,0.3967176522,-0.2562038952
-1.2028042009,5.2713272234,0.1475011660,0.0288225783,-0.4679249611,-0.3715700430,0.8013433677,-1.0068878065,0.0208138779,0.0739161714,1.0112840640,0.3439587862,-0.1615181476,-0.8858300819,0.0169486906,-0.8227530264,1.9523644242,0.0283042266,0.4940295348,-0.3020784391,1.0471999996,-0.3490979351,-0.3621942101,-0.5024915916,0.1414401321,0.2282690088,0.5444811367,-0.7953903215,-1.8603580071,1.5708000000,-0.7280444847,-0.0760788590,0.4129058657,-0.2515550619
-1.2363003906,5.2817696550,0.1517706054,0.0249183166,-0.4491119143,-0.3800462824,0.8082341178,-1.0559482244,-0.0365383731,0.0280292854,0.9867077050,0.3640260359,-0.1604192641,-0.9607295375,-0.0040096467,-0.7969363807,1.9317732354,0.0324608314,0.4681367075,-0.2383645094,1.0472000000,-0.3490991492,-0.2910718053,-0.4758044753,0.1645409979,0.2427686069,0.5313569346,-0.7199287017,-1.7894215122,1.5708000000,-0.7317491518,-0.1036525197,0.4317173478,-0.2407914635
-1.2695832679,5.2891763250,0.1556054556,0.0080787841,-0.4350220167,-0.3822132767,0.8152322303,-1.0516276297,-0.0295027932,-0.0403651470,0.9543735529,0.3858527707,-0.1585585157,-1.0487646527,-0.0283416397,-0.7640373028,1.9405323532,0.0404557503,0.4323421476,-0.2167833253,1.0471970851,-0.3490963205,-0.2663361598,-0.4488123326,0.1707433997,0.2563927135,0.5288023553,-0.6186353200,-1.6884705049,1.5708000000,-0.7421855895,-0.1372509569,0.4527524882,-0.2252995157
-1.3053836304,5.2942992791,0.1618331852,-0.0480582448,-0.4414001753,-0.3830351998,0.8100248923,-0.8732748125,0.0241158506,-0.2190219552,0.7432659939,0.4503511901,-0.2291114872,-1.1908927057,-0.0458058069,-0.6902397870,2.0336403960,0.1706168582,0.3000080029,-0.3761669327,1.0472000000,-0.3491000000,-0.1501598835,-0.3160201597,0.2368506533,0.3201410083,0.5343839948,0.1370030424,-1.0889767223,1.5369914674,-0.6939314555,-0.4484681230,0.6315336395,-0.2871689960
-1.3324244537,5.2870575873,0.1655514008,-0.0889153225,-0.4376798465,-0.3716731719,0.8138731294,-0.8714933239,0.0818266244,-0.2492640231,0.7288362176,0.4563604643,-0.2443548612,-1.2592786340,-0.0737099237,-0.6333205412,2.0782332848,0.1698711533,0.2586465697,-0.3190449525,1.0471912017,-0.3490940760,-0.1290950062,-0.3089595911,0.2355103842,0.3192051886,0.5521696777,0.2065113171,-0.9834223470,1.5032527055,-0.6832424611,-0.4993913817,0.6514835981,-0.2960073115
-1.3484253989,5.2736243540,0.1760845835,-0.1484919023,-0.4498392471,-0.3618125615,0.8029237057,-0.7578571620,0.1394479475,-0.3791241212,0.6505756575,0.4108449978,-0.3224648785,-1.3416693729,-0.1603132848,-0.4865442681,2.2524460866,0.0888649738,0.0829374287,-0.1681562070,1.0472000000,-0.3481614352,-0.0442667794,-0.2158843606,0.1711242129,0.3146409756,0.7732315025,0.8628584059,-0.4198169388,0.9894522774,-0.4808274009,-0.7801909012,0.6539310991,-0.5527694368
-1.3639363400,5.2607774241,0.1860809619,-0.1923164214,-0.4502916769,-0.3539037854,0.7968713262,-0.7539154348,0.1749543341,-0.4237383089,0.6611673479,0.4125333964,-0.3326094243,-1.3417847097,-0.2241638626,-0.3506387552,2.2939921725,0.0539687759,0.0528701184,-0.1020183710,1.0471862458,-0.2981275414,-0.0290883112,-0.2232251499,0.1582483971,0.3048255528,0.8066907153,0.8934102460,-0.3231598283,0.9407886602,-0.4807448776,-0.8104777796,0.6332792394,-0.5783483225
-1.3757644544,5.2455988140,0.1953355787,-0.2281780448,-0.4575419835,-0.3413465329,0.7887158282,-0.7335842110,0.1964635372,-0.4861678365,0.7026044982,0.4258624783,-0.3403555794,-1.3113605751,-0.2923520587,-0.1317689247,2.3153973257,0.0171799270,0.0111444254,-0.0611782307,1.0471861473,-0.2425658913,-0.0037722108,-0.2287301393,0.1421361349,0.2974402724,0.8412067267,0.9220447582,-0.2298061577,0.9032498449,-0.4824009359,-0.8362765592,0.6132924956,-0.6010396159
-1.3928811347,5.2300969341,0.2023444280,-0.2471283272,-0.4619557991,-0.3367209040,0.7823959754,-0.7201508682,0.2062325264,-0.5658160387,0.7875856987,0.4504987798,-0.3383216621,-1.2720874897,-0.3376278559,0.1157586110,2.2750398885,-0.0090881527,-0.0399653242,-0.0312260032,1.0471876587,-0.1940174926,0.0136653589,-0.2332537227,0.1237748145,0.2919197591,0.8742363447,0.9480591268,-0.1491542410,0.8704695680,-0.4822022756,-0.8588929733,0.5920399493,-0.6259370492
-1.4111244836,5.2193960811,0.2069928402,-0.2552428957,-0.4628100663,-0.3420993520,0.7769336780,-0.7124534923,0.1889401498,-0.6474710436,0.9233974958,0.4733596531,-0.3332912376,-1.2409560475,-0.3810267325,0.3172428884,2.1951706201,-0.0290397857,-0.0816024587,0.0008656474,1.0471891053,-0.1585956300,0.0255335051,-0.2371996687,0.1054809480,0.2876659654,0.9033803364,0.9667545181,-0.0866453868,0.8435140189,-0.4815345942,-0.8784147151,0.5684746213,-0.6532644064
-1.4270666218,5.2066128163,0.2103804283,-0.2611920900,-0.4619622809,-0.3498384364,0.7719991007,-0.7175105671,0.1432636183,-0.7219812386,1.0920551726,0.4567550215,-0.3020627992,-1.2188283171,-0.4543391532,0.3982472706,2.1602911567,-0.0200934655,-0.0575916307,0.0248080184,1.0471902993,-0.1354678770,0.0206407944,-0.2386655084,0.0894118894,0.2848398265,0.9275907908,0.9787193658,-0.0396483840,0.8121582065,-0.4813682030,-0.8947420264,0.5430803676,-0.6814594736
-1.4364156746,5.1917432243,0.2161240915,-0.2711442250,-0.4585258169,-0.3504559634,0.7703346689,-0.7612164396,0.0917836094,-0.7594514833,1.2802729381,0.3991272405,-0.2831545520,-1.2015628697,-0.4637263738,0.3624870798,2.1636351038,-0.0185482022,-0.0477660302,0.0314054019,1.0471912984,-0.1170352812,0.0099578428,-0.2368032246,0.0757324587,0.2833151768,0.9483539570,0.9892365600,-0.0003788504,0.7752737935,-0.4818990128,-0.9086835211,0.5161883068,-0.7099290713
-1.4372421839,5.1725846745,0.2197119439,-0.2833515894,-0.4601844419,-0.3497686639,0.7652476971,-0.7905954529,0.0400194666,-0.7658932318,1.4901467140,0.3368239565,-0.2852298198,-1.1796716596,-0.4543761950,0.3083033034,2.1943148454,-0.0389853998,-0.0411139843,0.0326843145,1.0471927131,-0.1016483711,0.0001183632,-0.2282754979,0.0666499007,0.2846098051,0.9645685854,1.0070037483,0.0317247385,0.7425479359,-0.4812212049,-0.9192200203,0.4922464603,-0.7362494842
-1.4396669546,5.1599992784,0.2224439654,-0.2704296259,-0.4269390982,-0.3721059302,0.7785422279,-0.8838002185,0.0234249407,-0.7799406289,1.5926513380,0.2864147319,-0.2828756262,-1.2341412720,-0.4582310170,0.2706255313,2.1909485039,-0.0553749343,-0.0198847582,0.0586267540,1.0462498911,-0.0845271166,-0.0060088655,-0.2487060999,0.0641633360,0.2720636300,0.9718968650,0.9687733949,0.0481934097,0.7129085108,-0.4990092780,-0.9259007887,0.4635798810,-0.7514420533
-1.4227408111,5.1384199328,0.2180549381,-0.2763852704,-0.4598586511,-0.3841195424,0.7513942909,-0.8805644703,0.0368931852,-0.7240051316,1.8027183428,0.2335583669,-0.3281801658,-1.1927536797,-0.4783134655,0.2958321793,2.2338949304,-0.0472547471,-0.0116915252,0.0662572604,1.0471902259,-0.0758981255,-0.0351629567,-0.2271351853,0.0653671840,0.2788149534,0.9745369321,1.0121069745,0.0679502287,0.6848685514,-0.4860921015,-0.9278530137,0.4478813555,-0.7829949334
-1.4136815781,5.1300270496,0.2222518456,-0.2499579947,-0.4257139644,-0.4137614757,0.7649118006,-0.9597175617,0.0247947494,-0.7079938489,1.8798119241,0.1707901279,-0.3458093315,-1.2588648199,-0.4702304422,0.2906560371,2.2309169207,-0.0668604542,-0.0007159952,0.0730330495,1.0465998136,-0.0655515768,-0.0801500103,-0.2327548195,0.0670594679,0.2735009356,0.9694917316,0.9905341792,0.0787396206,0.6370191910,-0.4964863795,-0.9284026748,0.4208955748,-0.8050398553
-1.4002050210,5.1219625147,0.2181023102,-0.2286964338,-0.4072121067,-0.4335953562,0.7706304616,-1.0331914529,0.0286717770,-0.6927986948,1.9441139323,0.1130328000,-0.3684949450,-1.3286430461,-0.4641728472,0.3059774790,2.2359340031,-0.0872885290,0.0080560042,0.0546652673,1.0464713424,-0.0599073871,-0.1469039562,-0.2346081895,0.0685687380,0.2724513559,0.9571655045,0.9664695436,0.0856890338,0.5780982195,-0.5085143182,-0.9249792023,0.3920719217,-0.8282983833
-1.3870687313,5.1152612161,0.2138496711,-0.2059553649,-0.3916368848,-0.4534017946,0.7737116716,-1.0926438458,0.0502007589,-0.6759268572,2.0054775977,0.0618086304,-0.3930525078,-1.3992503117,-0.4524429805,0.3371489950,2.2470121653,-0.1077007541,0.0127257603,0.0152278347,1.0465581869,-0.0655518298,-0.2061925660,-0.2332208319,0.0727761807,0.2756516013,0.9350309483,0.9481887213,0.0853301476,0.5153548239,-0.5178537951,-0.9165016406,0.3640730321,-0.8534715355
-1.3738051810,5.1101328697,0.2123615200,-0.1806557992,-0.3728841074,-0.4752714779,0.7761687619,-1.1400233297,0.0713518442,-0.6523109388,2.0608406067,0.0128628075,-0.4141911890,-1.4727479217,-0.4284521899,0.3772322405,2.2607367173,-0.1309834325,0.0129319371,-0.0353489351,1.0466894311,-0.0765145886,-0.2524552757,-0.2280850700,0.0743248029,0.2848097340,0.9002609252,0.9346577504,0.0760055805,0.4532120449,-0.5249425648,-0.9031458851,0.3370509199,-0.8800299884
-1.3612266080,5.1055065470,0.2127028066,-0.1540922639,-0.3497548023,-0.4961911566,0.7795649355,-1.1822106176,0.0871273233,-0.6243943164,2.1077475298,-0.0347585898,-0.4310831278,-1.5483396378,-0.3950533707,0.4200663991,2.2754692799,-0.1562761013,0.0119445841,-0.0897244676,1.0467339015,-0.0813324859,-0.3204025138,-0.2235929381,0.0576314293,0.2995514395,0.8595805798,0.9225424723,0.0580123994,0.4003312744,-0.5302939289,-0.8865983767,0.3114755137,-0.9060116060
-1.3513484563,5.1013945774,0.2144499612,-0.1299918007,-0.3249696839,-0.5132584780,0.7836214463,-1.2219471391,0.1029620733,-0.5997030677,2.1481531751,-0.0788242250,-0.4415982782,-1.6212355362,-0.3569441468,0.4598822716,2.2909638223,-0.1815648642,0.0103403572,-0.1444666302,1.0463908422,-0.0682890783,-0.4012660628,-0.2273446075,0.0330844854,0.3105411450,0.8317858845,0.9098254212,0.0329333521,0.3599932626,-0.5349986152,-0.8690685614,0.2878403810,-0.9291941856
-1.3415110690,5.0973076147,0.2177772994,-0.1080156741,-0.2991821615,-0.5272752155,0.7879108424,-1.2599041275,0.1210703783,-0.5760394268,2.1840549543,-0.1189524931,-0.4492799435,-1.6879436503,-0.3199842365,0.4969942348,2.3067271813,-0.2049278686,0.0106574706,-0.1933057843,1.0440695998,-0.0403290886,-0.4648454787,-0.2428070678,0.0127500857,0.3124766465,0.8152051208,0.8968975467,0.0028309390,0.3264974209,-0.5385603214,-0.8513777117,0.2666209399,-0.9497849986
-1.3274343728,5.0850046426,0.2181713057,-0.1276118406,-0.3070974330,-0.5398485502,0.7732851529,-1.2234039561,0.1696973125,-0.5899064298,2.2803821943,-0.1739500927,-0.4453146822,-1.6628421259,-0.2683066218,0.5178441975,2.3476571880,-0.2055569870,0.0114611842,-0.2338659078,1.0468764012,0.0215024604,-0.5393973853,-0.2489164518,-0.0011846798,0.3235166629,0.7782511766,0.9655946039,-0.0531781585,0.3224542644,-0.5081386448,-0.8160216553,0.2575733110,-0.9837989082
-1.3242515964,5.0828891734,0.2349165069,-0.0894554687,-0.2578321772,-0.5519715942,0.7879388598,-1.2714819844,0.1757510848,-0.5620291155,2.2754290195,-0.2139637246,-0.4508032728,-1.7128754480,-0.2403605069,0.5340147070,2.3407514895,-0.2237278300,0.0213572350,-0.2385145566,0.9906463530,0.0738408333,-0.5421144052,-0.2805383409,-0.0063014031,0.3136843359,0.7672486644,0.9542335537,-0.0877239067,0.3294422671,-0.5082313822,-0.7954886396,0.2456351645,-0.9979285929
-1.3184201243,5.0774999903,0.2468456735,-0.1010214672,-0.2472341070,-0.5640110503,0.7813843450,-1.2543590162,0.2158119797,-0.5680536075,2.3051772898,-0.2613760620,-0.4399173027,-1.6766193152,-0.2252139339,0.5083719718,2.3298489864,-0.2240569394,0.0475118303,-0.2486650814,0.9187377471,0.1881725329,-0.5413106013,-0.3141823151,-0.0066219797,0.3080372229,0.7400873868,0.9905789198,-0.1361578298,0.3962159175,-0.4864523037,-0.7573717488,0.2510264488,-1.0109192479
-1.3164653011,5.0747121695,0.2688023338,-0.0938075560,-0.2147969984,-0.5769937089,0.7823941793,-1.2500230460,0.2518312600,-0.5610541460,2.2949431378,-0.3081900563,-0.4291643304,-1.6418250627,-0.2196836610,0.4692827007,2.2888440446,-0.2300041670,0.0878844676,-0.2634262488,0.8151091398,0.3175178075,-0.5518776924,-0.3551093063,-0.0083888761,0.2993797868,0.7169884362,0.9930740505,-0.1853701592,0.4624920983,-0.4781335619,-0.7171592396,0.2645300276,-1.0056447387
-1.3131433911,5.0730238540,0.3023290673,-0.0901336463,-0.1784255858,-0.5900760390,0.7822087345,-1.2205549081,0.3664451669,-0.5171996680,2.2410231967,-0.4611850517,-0.3426619717,-1.5062143234,-0.2066755883,0.4047337730,2.1710232651,-0.2736746807,0.2319831049,-0.2421341260,0.4913285864,0.6310611474,-0.7494009661,-0.5249927913,0.0490677648,0.3133154962,0.4851285069,0.8574542200,-0.2843671320,0.5982592088,-0.4698813639,-0.5247234015,0.4260949022,-0.7359880109
-1.3108857226,5.0721098630,0.3294057983,-0.0803353225,-0.1468251793,-0.5974336817,0.7842586300,-1.2288400107,0.3744726310,-0.4906315186,2.2060689893,-0.4689403710,-0.3344071117,-1.5025227639,-0.2085560991,0.3778950576,2.1278160994,-0.2812901139,0.2441639745,-0.2516370122,0.3838103233,0.6736852924,-0.7297034360,-0.5549050635,0.0515412355,0.3078409355,0.4813029702,0.7743056065,-0.3091989450,0.5810145592,-0.4865506758,-0.4998799490,0.4351061980,-0.6993130632
-1.3058129972,5.0719794421,0.3666749137,-0.0773312165,-0.1223160435,-0.6060132882,0.7821806460,-1.1698938999,0.4413056537,-0.4220757232,2.1129594970,-0.4935248012,-0.2811433080,-1.4014867365,-0.2345008073,0.3079983248,1.9997208890,-0.2864660717,0.2568337548,-0.2540559211,0.0050964749,0.7364807278,-0.8814503369,-0.6549902046,0.0615667790,0.3472728236,0.4182168390,0.4862508515,-0.3921541169,0.6851227245,-0.4979851803,-0.2983696680,0.4841416890,-0.5162648039
-1.2985245333,5.0707756295,0.3998739245,-0.0723159591,-0.1031420206,-0.6141938704,0.7790365943,-1.1131388624,0.4703458375,-0.3656022060,2.0349601570,-0.5019121376,-0.2885573929,-1.3425405020,-0.2452317146,0.2690944886,1.9051506098,-0.2746481880,0.2570982734,-0.2200446182,-0.3086671516,0.6841121358,-1.0174136588,-0.6910397079,0.0507078510,0.3734499699,0.4080532868,0.2802647639,-0.4056954682,0.7572868196,-0.5027786803,-0.1950423458,0.4301802303,-0.4957898258
-1.2889244176,5.0676004410,0.4338070213,-0.0692437181,-0.0907620939,-0.6215435416,0.7750168873,-1.0354489432,0.4913139898,-0.3022450473,1.9504617457,-0.5032881613,-0.3116798890,-1.2716566367,-0.2560482802,0.2379269619,1.8068674174,-0.2600605271,0.2582676297,-0.1881895628,-0.5374353855,0.5847807030,-1.1106367356,-0.7291506232,0.0282090485,0.3675988794,0.4118092612,0.1029850910,-0.3947285567,0.7521297100,-0.5345479490,-0.1251145097,0.3704710239,-0.4985489225
-1.2778273180,5.0629422404,0.4674166984,-0.0677973797,-0.0826191542,-0.6289119718,0.7700956579,-0.9525007669,0.5067437960,-0.2364372632,1.8679027546,-0.4980232367,-0.3348956528,-1.1985195895,-0.2646672625,0.2119520169,1.7114741603,-0.2454042266,0.2597418516,-0.1599466989,-0.6720476327,0.4781260133,-1.1424032048,-0.7845179097,-0.0057338252,0.3455938511,0.4134578072,-0.0410005199,-0.3690729781,0.7546031634,-0.5970206003,-0.1133833767,0.3226795090,-0.4790491071
-1.2666937882,5.0562735984,0.5036752285,-0.0666553166,-0.0797416399,-0.6368247472,0.7639715839,-0.8474628910,0.5222520761,-0.1506219248,1.7686578079,-0.4852879904,-0.3393114692,-1.1097329805,-0.2719208638,0.1885882171,1.6011530156,-0.2229905077,0.2585347505,-0.1244386890,-0.7664530568,0.3655187711,-1.1858456370,-0.8621542603,-0.0812885610,0.3092057930,0.3972129759,-0.1694170171,-0.3498979595,0.7968594689,-0.6889265637,-0.1068753732,0.2602437738,-0.4517090550
-1.2554959551,5.0482991849,0.5452113801,-0.0649376200,-0.0781474317,-0.6421997773,0.7597733415,-0.7249868862,0.5328118815,-0.0425230332,1.6376147860,-0.4489020642,-0.3169844668,-0.9997315220,-0.2852132044,0.1596892986,1.4587916429,-0.1766977829,0.2552275796,-0.0984338584,-0.8128779569,0.2816514520,-1.1901428945,-0.9917889276,-0.3500443398,0.2436884200,0.3140732261,-0.2778651279,-0.3507203029,0.8687817689,-0.8252568972,-0.0596154251,0.1692917848,-0.4168815276
-1.2449055381,5.0404057464,0.5888022207,-0.0619417565,-0.0770362460,-0.6456857908,0.7571779811,-0.6057811990,0.5233871801,0.0611320437,1.4949226305,-0.4048431909,-0.2894172980,-0.8883964780,-0.2968844415,0.1328494801,1.3071671943,-0.1241825670,0.2536034615,-0.1007035312,-0.8093084761,0.2480984745,-1.1443514341,-1.1618439227,-0.6697286908,0.1554399705,0.2466989485,-0.3463485465,-0.3429390074,0.8868819782,-0.9881663909,0.0677794543,0.0901718401,-0.4111987234
-1.2353673521,5.0334665032,0.6363518094,-0.0600911111,-0.0747347063,-0.6485277263,0.7551261949,-0.4756735785,0.4989777212,0.1616949289,1.3166327756,-0.3527659418,-0.2605098171,-0.7567526400,-0.3032417220,0.0953605199,1.1170833388,-0.0602771428,0.2492492282,-0.1101470823,-0.7736853561,0.2397396184,-1.0908790779,-1.3515265504,-0.9690202198,0.0480976468,0.2187199210,-0.3655046919,-0.3282258670,0.8439274329,-1.1665239816,0.2412406755,0.0202865533,-0.3808024987
-1.2285860178,5.0297501735,0.6784327602,-0.0551146895,-0.0639582745,-0.6496144188,0.7555612596,-0.4370853635,0.4701974058,0.1971017940,1.2170279209,-0.3372148007,-0.2494132984,-0.7037927660,-0.2964211233,0.0750455590,1.0208482201,-0.0489129984,0.2516936030,-0.1198967598,-0.7849506061,0.2203187287,-1.0811278137,-1.4113503148,-1.0061658692,0.0223661887,0.2328720752,-0.4070526158,-0.3040362493,0.8107885951,-1.2285196485,0.2723620872,-0.0068753267,-0.3824889792
-1.2206018349,5.0263280697,0.7264001230,-0.0512880973,-0.0566468815,-0.6484380902,0.7574224086,-0.3668496443,0.4272451823,0.2389921316,1.0726833127,-0.3082664106,-0.2319380280,-0.6160527964,-0.2915767881,0.0499932751,0.8806821110,-0.0221963403,0.2545220034,-0.1356442721,-0.7450744688,0.1972508499,-1.0895302986,-1.4796658669,-1.0307020629,-0.0085422803,0.2496148794,-0.4219871979,-0.2773398814,0.7724596656,-1.2998125039,0.3050561203,-0.0413877732,-0.3821088752
-1.2113927183,5.0245515227,0.7759423556,-0.0423073185,-0.0487857484,-0.6460011003,0.7606001709,-0.2997488156,0.3727146957,0.2800723155,0.9088073211,-0.2595321059,-0.2105098161,-0.5337078184,-0.2924380318,0.0283722132,0.7244996304,0.0277711693,0.2544336357,-0.1413207782,-0.6639780507,0.1702445789,-1.0911524012,-1.5406942047,-1.0355445012,-0.0403358604,0.2589499353,-0.4036555957,-0.2576972075,0.7431191011,-1.3661543553,0.3282495093,-0.0735253910,-0.3791767561
-1.2025094050,5.0244442298,0.8202884813,-0.0332162090,-0.0336503312,-0.6471066643,0.7609318654,-0.2563963971,0.3316089901,0.3091460110,0.7558250723,-0.1796611374,-0.1879731291,-0.4796517259,-0.2816836105,0.0100072530,0.5786325813,0.1091051424,0.2473364275,-0.1330749859,-0.5542210172,0.1477469450,-1.0857468026,-1.5883391908,-1.0200255876,-0.0696980008,0.2609482144,-0.3621551304,-0.2394511881,0.7204582575,-1.4252993643,0.3400989633,-0.1011901052,-0.3731796049
-1.1933756480,5.0287157260,0.8569378683,-0.0073150624,-0.0065347442,-0.6493492685,0.7604270606,-0.2915866151,0.2831452011,0.3163268401,0.6357780899,-0.0898163805,-0.1702593045,-0.5066649578,-0.2826424705,0.0159600675,0.4721772628,0.1720611532,0.2271751297,-0.1076891684,-0.5006228999,0.1207582462,-1.0531085960,-1.6466977799,-0.9960899133,-0.1044562754,0.2524537363,-0.3880693957,-0.2350271328,0.6798050917,-1.5118511415,0.3675266581,-0.1331090224,-0.3712347216
-1.1854289569,5.0304298142,0.8856520922,0.0039482620,0.0041103021,-0.6515401220,0.7585927669,-0.2843439049,0.2346130253,0.2626192362,0.5400647630,-0.0153918380,-0.1540234133,-0.4741351685,-0.2661987099,0.0411970863,0.3967350912,0.1940057614,0.2110762875,-0.0807171060,-0.4023727577,0.1052797955,-0.9928187797,-1.6758806648,-0.9395449280,-0.1282550452,0.2212148452,-0.3595700725,-0.2424049704,0.6458991290,-1.5730924288,0.3892069615,-0.1475639774,-0.3508780768
-1.1746496996,5.0487851796,0.9049776843,0.0649996499,0.0558150048,-0.6470803249,0.7575927560,-0.4337266045,0.1321148829,0.1138386180,0.4119275741,0.0660270307,-0.2151172877,-0.6181199233,-0.2961525109,-0.0093351358,0.3732009411,0.1956013271,0.1958337199,-0.0772506680,-0.4021229598,0.1169344285,-0.7672175068,-1.8386551760,-0.6360895367,-0.1460604554,-0.1127151844,-0.3677452441,-0.2815913752,0.4888028184,-1.8071906198,0.4537558073,-0.0925679657,-0.1247337040
-1.1666130749,5.0479015390,0.9131328571,0.0520676619,0.0535118670,-0.6465423833,0.7592156382,-0.3914792112,0.1274546491,0.0557542569,0.3696392761,0.0642216912,-0.2827285137,-0.5426996994,-0.2840394981,-0.1158911233,0.4035552671,0.1699016490,0.1620239991,-0.0457700733,-0.2552402177,0.1156375924,-0.6646371856,-1.8286761598,-0.5599290940,-0.0891948325,-0.1471904863,-0.2302122595,-0.2567172700,0.4046441856,-1.8261441342,0.5002704950,-0.0612630992,-0.0548768474
-1.1596685735,5.0469252790,0.9119662328,0.0413312822,0.0509085265,-0.6462381814,0.7603132643,-0.3559559681,0.1295278593,0.0747260281,0.3441814454,0.1305283566,-0.2167967226,-0.4696946230,-0.2745216559,-0.2071393281,0.4369005435,0.1681692950,0.1089472518,-0.0132181058,-0.1339052985,0.1090527300,-0.5576323217,-1.7852580621,-0.5367815426,-0.0561877708,-0.1306609561,-0.1160539970,-0.2198829914,0.3197772169,-1.8064466189,0.5497806677,-0.0465265104,-0.0132530428
-1.1543253135,5.0464266133,0.9034512397,0.0344809395,0.0470003505,-0.6463055334,0.7608489925,-0.3280382801,0.1284699687,0.1097840499,0.3371125165,0.0822644928,-0.1254356200,-0.3981831933,-0.2656346246,-0.2662726641,0.4631991100,0.2021249174,0.0682676922,0.0088369076,-0.0298610571,0.0981957868,-0.4331903578,-1.7336874976,-0.5526316629,-0.0302153727,-0.1029185864,-0.0095515930,-0.1731190589,0.2274774092,-1.7735216168,0.5948275953,-0.0328236618,0.0291648781
-1.1508835859,5.0473517890,0.8893369237,0.0322065449,0.0429048786,-0.6446291636,0.7626107469,-0.3206340538,0.1283819090,0.1196476543,0.3549678378,-0.0097681123,-0.1131087148,-0.3333487813,-0.2517528674,-0.3078519788,0.4614434334,0.2260199229,0.1268254646,0.0231572035,0.0481614231,0.0867728837,-0.2927042855,-1.6704107153,-0.5834166362,-0.0030257172,-0.1004973516,0.0720169353,-0.1197364207,0.1323232208,-1.7206525201,0.6315863357,-0.0126923409,0.0376597401
-1.1474503157,5.0487378673,0.8768991200,0.0317932109,0.0411338465,-0.6402445020,0.7664099269,-0.3321650275,0.1282289851,0.1062341818,0.3822367052,-0.0800916530,-0.1038107220,-0.2837633694,-0.2362409347,-0.3700894101,0.4187273649,0.1122385084,0.1645581622,0.0316389927,0.0892020479,0.0889367822,-0.1590711537,-1.5995510647,-0.6134658590,0.0360922954,-0.0911989943,0.1258301722,-0.0583916805,0.0310671761,-1.6378406420,0.6811693937,0.0193656140,0.0034170917
-1.1457992257,5.0491724975,0.8698377314,0.0286584189,0.0431468755,-0.6356419453,0.7702443505,-0.3500460736,0.1351352416,0.0883386539,0.4133954734,-0.0979357274,-0.1023884141,-0.2455410114,-0.2174746645,-0.4191159324,0.3811382087,0.0071461138,0.1671518480,0.0383330386,0.1108239196,0.1053898746,-0.0561383380,-1.5205472378,-0.6948277215,0.0977219246,-0.0698704740,0.1537814561,-0.0076959606,-0.0363778880,-1.5244185573,0.7472241175,0.0714247634,-0.0769203840
-1.1437941577,5.0480144545,0.8679525658,0.0258486489,0.0431311004,-0.6387209062,0.7677936959,-0.3452310497,0.1396086370,0.0834830235,0.4190465611,-0.1010364437,-0.1029048876,-0.2189280569,-0.2034807119,-0.4414157612,0.3508188795,-0.0461540222,0.1675735352,0.0523182998,0.1297449725,0.1314457303,0.0168383348,-1.4197561334,-0.8013159208,0.1596738351,-0.0440732654,0.1785999522,0.0024164211,-0.0533227444,-1.4022143045,0.7163412537,0.1354770893,-0.1509841684
-1.1425102836,5.0440021359,0.8744437136,0.0215971806,0.0385679876,-0.6466118470,0.7615373868,-0.3068555137,0.1386916624,0.0931252983,0.3911352749,-0.0910945715,-0.1040961240,-0.1961101679,-0.1976024955,-0.4368012549,0.3293479532,-0.0337569363,0.1566837691,0.0628987009,0.1585403931,0.1505971503,0.0659162204,-1.3048938146,-0.8899765034,0.2247827410,-0.0436276418,0.2006318105,-0.0232801878,-0.0268179463,-1.2639842150,0.6153452238,0.1998281687,-0.1847918470
-1.1433596925,5.0399513739,0.8851759394,0.0165993889,0.0337793887,-0.6542707654,0.7553232280,-0.2565472564,0.1358875124,0.1020983391,0.3437373720,-0.0665600118,-0.1074614355,-0.1758249742,-0.1906580241,-0.4205132216,0.3076396743,0.0038089363,0.1173717439,0.0659161718,0.1810522193,0.1755583379,0.0739722923,-1.1642786339,-0.9545808271,0.2863762021,-0.0546745706,0.1965153359,-0.0819999915,0.0419038829,-1.0976374812,0.4450811857,0.2445881214,-0.2073997487
-1.1467187717,5.0361197008,0.8964524804,0.0109964438,0.0306352844,-0.6592749020,0.7511971520,-0.2154603191,0.1377952693,0.1063852453,0.3035070853,-0.0207794330,-0.1149018494,-0.1569575037,-0.1780522488,-0.3957433817,0.2864514412,0.0215998884,0.0827347237,0.0582052237,0.2000241157,0.2166918673,0.0333701636,-1.0192200516,-0.9465555947,0.3537390704,-0.0675393163,0.1855071159,-0.1308713197,0.1116310701,-0.9369708443,0.2938132715,0.2524929610,-0.1968654668
-1.1525449044,5.0332256707,0.9048420761,0.0067815482,0.0299185938,-0.6603538457,0.7503277196,-0.1948928787,0.1458761909,0.1084909864,0.2815724124,0.0345212836,-0.1259361624,-0.1448040027,-0.1597036523,-0.3523452689,0.2649058243,0.0066279701,0.1083035211,0.0396749678,0.2080331004,0.2593096336,-0.0377599450,-0.8839875335,-0.8700518305,0.3984555043,-0.0861757294,0.1702135001,-0.1661254050,0.1771530357,-0.8020536317,0.1973235090,0.2501565061,-0.1597412519
-1.1582824987,5.0317277635,0.9075249115,0.0057014714,0.0283532648,-0.6599678766,0.7507369629,-0.1875128989,0.1521215032,0.1098330908,0.2744222663,0.0667649935,-0.1317229986,-0.1374790602,-0.1509363090,-0.3269960970,0.2438379375,0.0150680346,0.1218655570,0.0191577094,0.2490564072,0.2785819983,-0.0925953050,-0.8235769977,-0.8360381719,0.4124565106,-0.1052244634,0.1977257538,-0.1777338406,0.2099995181,-0.7560520962,0.1860431180,0.2566007519,-0.1462456419
-1.1624770354,5.0254775123,0.9051820460,-0.0183022618,-0.0079718318,-0.6589776698,0.7518975381,-0.0460843391,0.1413699991,0.1144644660,0.2147922552,0.1041139825,-0.1457306499,0.0028060886,-0.1497021366,-0.3209425127,0.1722929550,0.0495842649,0.1420188349,0.0010098361,0.3826548587,0.2784536468,-0.2549438214,-0.7113681174,-0.7729755860,0.4219565185,-0.1542805588,0.3437876020,-0.1735790296,0.2937316043,-0.6731429772,0.1856547336,0.2730059068,-0.1281380679
-1.1674486507,5.0282162355,0.8986469527,-0.0160150598,-0.0057182677,-0.6571596079,0.7535595989,-0.0590046623,0.1488589801,0.1195445819,0.2112534222,0.1260450695,-0.1498709255,-0.0014882051,-0.1409534638,-0.3298187121,0.1597170868,0.0484761529,0.1416354647,-0.0157362231,0.3926744168,0.3097346441,-0.3164142999,-0.6992450302,-0.7605816006,0.4133478652,-0.1608373488,0.3549573546,-0.1822483650,0.3133536449,-0.6749053690,0.1930471154,0.2669607239,-0.1343717738
-1.1727401779,5.0318614848,0.8899001326,-0.0183444438,-0.0124415252,-0.6561239928,0.7543275123,-0.0605935426,0.1533281386,0.1259699573,0.2245833480,0.1399175269,-0.1550862728,0.0146495586,-0.1386501656,-0.3366345594,0.1545896025,0.0131879687,0.1409240244,-0.0299134940,0.4054228828,0.3447210284,-0.3963815848,-0.6956410462,-0.7593604955,0.3936178750,-0.1699625189,0.3729309835,-0.1941265264,0.3407153730,-0.6800292161,0.2036006818,0.2593078281,-0.1398056264
-1.1784741871,5.0348938998,0.8834846127,-0.0316557342,-0.0173552306,-0.6530587403,0.7564462917,-0.0599556062,0.1776633428,0.1219254475,0.2477718772,0.1611141272,-0.1623565206,0.0334511934,-0.1209974653,-0.3397299493,0.1618574427,-0.0153349857,0.1374850152,-0.0371504932,0.4104319356,0.3804087178,-0.4587688690,-0.6972947486,-0.7737806303,0.3727661369,-0.1711254116,0.3945380093,-0.1941217015,0.3666241366,-0.6862606840,0.2092098695,0.2513454999,-0.1436524060
-1.1835716394,5.0387140007,0.8805618574,-0.0395924327,-0.0181391357,-0.6494263418,0.7591764206,-0.0764138584,0.2017059564,0.1107799676,0.2726672881,0.1977171470,-0.1877252579,0.0385839194,-0.1060485028,-0.3426931135,0.1689205179,-0.0306974451,0.1327248591,-0.0362611638,0.3946005495,0.4000172952,-0.4754864479,-0.6995409043,-0.7994490240,0.3575363953,-0.1603929577,0.4064839270,-0.1827430357,0.3658473084,-0.6852540105,0.2078500478,0.2471929847,-0.1491307805
-1.1861906778,5.0426480874,0.8809289069,-0.0360413986,-0.0162997337,-0.6489371346,0.7598130899,-0.1027548569,0.2107048729,0.1042185342,0.2905867511,0.2294143147,-0.2395765638,0.0272842517,-0.1070242888,-0.3459257704,0.1704297033,-0.0361581662,0.1291601632,-0.0246384921,0.3577532076,0.3858465348,-0.4370187387,-0.7015201032,-0.8256038949,0.3508927216,-0.1373452327,0.4045240941,-0.1641070145,0.3254741914,-0.6754197636,0.2033446771,0.2485719343,-0.1574547767
-1.1862948288,5.0451595912,0.8843693075,-0.0292289911,-0.0164586495,-0.6540392142,0.7557165376,-0.1126731208,0.2059964208,0.1027003632,0.2915127176,0.2300058862,-0.2699764109,0.0147600421,-0.1172672676,-0.3398946135,0.1676030158,-0.0361166904,0.1261855785,-0.0113590975,0.3242715121,0.3448784251,-0.3702622218,-0.7069486476,-0.8357432686,0.3505452418,-0.1109226590,0.3901700483,-0.1432564769,0.2499455230,-0.6638175382,0.1977252462,0.2524224078,-0.1700994026
-1.1851524250,5.0458778257,0.8879548408,-0.0249398160,-0.0157239001,-0.6621799420,0.7487646419,-0.1051421936,0.2066888445,0.1130944783,0.2733992030,0.1996116206,-0.2624495431,0.0055633235,-0.1227150362,-0.3251642586,0.1611624611,-0.0338223768,0.1241580133,-0.0049398156,0.3035021668,0.3000523774,-0.3153918787,-0.7206192132,-0.8212307398,0.3517546050,-0.0847770688,0.3709040561,-0.1241232823,0.1763629702,-0.6578546942,0.1929536965,0.2543905800,-0.1832365954
-1.1823428628,5.0458401947,0.8902559209,-0.0192250092,-0.0151778255,-0.6721015579,0.7400537336,-0.0900351468,0.2055739034,0.1401719200,0.2464875625,0.1655024376,-0.2378450073,-0.0042591199,-0.1317488279,-0.3044454778,0.1522798714,-0.0295563175,0.1243184729,-0.0006937627,0.2879723047,0.2571474686,-0.2822754900,-0.7437418280,-0.7843607415,0.3484869940,-0.0609802416,0.3475638231,-0.1137682576,0.1240125871,-0.6627242717,0.1848476028,0.2496603039,-0.1947369633
-1.1785625382,5.0449248753,0.8902369418,-0.0169308174,-0.0137785577,-0.6822471632,0.7307956671,-0.0704125831,0.2053717249,0.1687621497,0.2201978379,0.1458650597,-0.2070272054,-0.0116940779,-0.1366147122,-0.2842157643,0.1458016999,-0.0254098214,0.1267296171,0.0048882279,0.2719138856,0.2218207929,-0.2613322090,-0.7710091105,-0.7406540478,0.3378925707,-0.0412875158,0.3231774021,-0.1096412667,0.0887350801,-0.6753077473,0.1736910698,0.2392973326,-0.2028916496
-1.1744206760,5.0435920589,0.8906294415,-0.0154225208,-0.0135815994,-0.6902008633,0.7233259668,-0.0445563813,0.1974388194,0.1856721645,0.1916745521,0.1143816661,-0.1927485889,-0.0157521917,-0.1423204569,-0.2655692232,0.1413110881,-0.0217342184,0.1304868705,0.0046319860,0.2544222667,0.1988369156,-0.2590952421,-0.7995865626,-0.7056597909,0.3212097654,-0.0246071599,0.2972433783,-0.1125353008,0.0651110006,-0.6937438688,0.1617326475,0.2250965386,-0.2100250530
-1.1713940108,5.0414823116,0.8919274385,-0.0166007333,-0.0166906579,-0.6940083155,0.7195820284,-0.0184207022,0.1871860773,0.2027272531,0.1706430418,0.0819932579,-0.1816880489,-0.0109459611,-0.1475649226,-0.2510983222,0.1408034423,-0.0183155676,0.1339764827,-0.0065396365,0.2364275169,0.1889548539,-0.2793479550,-0.8257635458,-0.6888076692,0.3023165843,-0.0088454228,0.2741518240,-0.1252676485,0.0536903448,-0.7112820049,0.1556026535,0.2134398192,-0.2185579957
-1.1678118564,5.0391111332,0.8940420914,-0.0168272770,-0.0247057303,-0.6942963161,0.7190682131,0.0035025930,0.1705910727,0.2145133960,0.1576468451,0.0628002780,-0.1737443939,0.0006202444,-0.1614428733,-0.2422224040,0.1422801736,-0.0145018303,0.1372124751,-0.0251917708,0.2183495091,0.1861760536,-0.3210379660,-0.8436102702,-0.6930158515,0.2873324969,0.0052484222,0.2556798568,-0.1471852791,0.0535791191,-0.7248963463,0.1559293283,0.2056334402,-0.2298784716
-1.1633760669,5.0375354685,0.8952830616,-0.0148131529,-0.0313199961,-0.6924858980,0.7205989935,0.0157040758,0.1529932558,0.2202785617,0.1483289282,0.0544681755,-0.1677836086,0.0086884501,-0.1781775977,-0.2429661447,0.1436271451,-0.0094725523,0.1405332746,-0.0455898085,0.1958350648,0.1866694465,-0.3702897471,-0.8519168263,-0.7121664092,0.2784721247,0.0162951818,0.2394226038,-0.1664565487,0.0535568321,-0.7344111699,0.1590271559,0.2010427043,-0.2444617311
-1.1587700264,5.0366648428,0.8962259914,-0.0116193180,-0.0327342678,-0.6923771158,0.7206992359,0.0193962377,0.1403493184,0.2234275235,0.1399383232,0.0511578479,-0.1627118574,0.0074159676,-0.1901931683,-0.2475915015,0.1433352418,-0.0017375919,0.1437307250,-0.0563300979,0.1659615595,0.1906430974,-0.4172187109,-0.8523726428,-0.7362171691,0.2761954680,0.0234435383,0.2250941954,-0.1763957275,0.0516532665,-0.7412327082,0.1638366072,0.1987278745,-0.2574059462
-1.1537515035,5.0359650029,0.8969094320,-0.0085977793,-0.0335443564,-0.6927836263,0.7203136133,0.0211726193,0.1285966087,0.2278852060,0.1339827591,0.0492239655,-0.1576560321,0.0053798028,-0.2015795884,-0.2516303854,0.1424305423,0.0052313668,0.1474111066,-0.0615804969,0.1324727026,0.1947847201,-0.4584895240,-0.8493016179,-0.7583099199,0.2774987204,0.0257431956,0.2141605495,-0.1785725888,0.0454739574,-0.7474895851,0.1690835350,0.1970487000,-0.2646870198
-1.1490445652,5.0354050596,0.8974524344,-0.0062560765,-0.0350281058,-0.6927678175,0.7202823366,0.0232318156,0.1168105647,0.2246217340,0.1294512433,0.0480805065,-0.1530930941,0.0057019865,-0.2122854800,-0.2541673186,0.1409402465,0.0098875312,0.1511967204,-0.0608203458,0.0995548741,0.1990525681,-0.4974083433,-0.8460788655,-0.7779059387,0.2792097370,0.0248957475,0.2089979415,-0.1797511259,0.0419722647,-0.7541871620,0.1734420380,0.1945691631,-0.2665597943
-1.1450758700,5.0347564168,0.8977056094,-0.0054229828,-0.0366757962,-0.6921782200,0.7207737433,0.0261838827,0.1077321725,0.2168579065,0.1264947909,0.0473910439,-0.1491540957,0.0088914430,-0.2199686133,-0.2549911190,0.1394007610,0.0123624019,0.1548190452,-0.0535326872,0.0693755625,0.2028809828,-0.5307957774,-0.8442387842,-0.7928901074,0.2809553107,0.0245292710,0.2115514448,-0.1847313189,0.0476257825,-0.7592990541,0.1780309886,0.1929105735,-0.2660845230
-1.1418430057,5.0343169745,0.8977772302,-0.0052722221,-0.0373983370,-0.6919136966,0.7209916813,0.0283238748,0.1020279203,0.2115140274,0.1245839440,0.0469425614,-0.1457371572,0.0115688584,-0.2244604990,-0.2543991312,0.1373459606,0.0139266330,0.1580235593,-0.0446207635,0.0441399364,0.2030088783,-0.5540993051,-0.8432300177,-0.7988261271,0.2831551129,0.0260028039,0.2166239623,-0.1907797758,0.0537174062,-0.7610682653,0.1822654497,0.1928898483,-0.2652388457
-1.1395415281,5.0341150269,0.8977761827,-0.0054435115,-0.0373147085,-0.6920314122,0.7208817554,0.0294314417,0.0994018928,0.2107066344,0.1234298086,0.0465798235,-0.1428709447,0.0127463758,-0.2264561541,-0.2538573877,0.1355814243,0.0155965916,0.1604598137,-0.0369245391,0.0259066177,0.2011805797,-0.5689267089,-0.8411061098,-0.7967415016,0.2869712147,0.0306520046,0.2213471303,-0.1956196701,0.0562029162,-0.7580043809,0.1859984667,0.1956292654,-0.2646400069
-1.1376188833,5.0339662629,0.8977545925,-0.0053856615,-0.0366938010,-0.6929169072,0.7200629968,0.0297286133,0.0978415003,0.2139958381,0.1228010443,0.0460291200,-0.1402774117,0.0120699807,-0.2277248598,-0.2526353446,0.1339760825,0.0175977004,0.1623170794,-0.0286363249,0.0156905703,0.1976152158,-0.5754435161,-0.8363776821,-0.7863811403,0.2922827064,0.0347139328,0.2242306162,-0.1992129938,0.0571098237,-0.7497755483,0.1895469479,0.2014098669,-0.2637834926
-1.1358616800,5.0335122221,0.8977201965,-0.0057594225,-0.0358167146,-0.6950660768,0.7180300418,0.0311089905,0.0973719999,0.2198581831,0.1227526664,0.0447743693,-0.1379553076,0.0106986718,-0.2280270695,-0.2499576853,0.1325861637,0.0196218076,0.1638867217,-0.0198304294,0.0121929394,0.1949929837,-0.5770098729,-0.8295493761,-0.7710241867,0.2981785946,0.0373009930,0.2249912330,-0.2013860755,0.0596324108,-0.7376509415,0.1924424979,0.2087822832,-0.2615863837
-1.1341206209,5.0331215215,0.8977157847,-0.0061739004,-0.0352688343,-0.6976376987,0.7155554720,0.0329964787,0.0965489111,0.2268639420,0.1230641344,0.0430588843,-0.1358248916,0.0093099978,-0.2286467335,-0.2455038258,0.1312691160,0.0215350413,0.1653324577,-0.0132607930,0.0142540133,0.1953191333,-0.5806177881,-0.8201050738,-0.7562030867,0.3037796559,0.0385971565,0.2245225356,-0.2022753849,0.0651530949,-0.7239390272,0.1932128257,0.2163491854,-0.2576205226
-1.1324993412,5.0327686998,0.8976552856,-0.0065884971,-0.0349195538,-0.7001342332,0.7131264067,0.0349312420,0.0955219870,0.2328815727,0.1236035728,0.0411240575,-0.1339320846,0.0082364695,-0.2293296500,-0.2403069895,0.1299755165,0.0228712479,0.1668070403,-0.0095280794,0.0200859971,0.1978357745,-0.5881188458,-0.8077903818,-0.7443069059,0.3079554249,0.0375489727,0.2228481754,-0.2024614974,0.0721664259,-0.7109426265,0.1927278999,0.2229433780,-0.2528322318
-1.1309468256,5.0322096489,0.8975187550,-0.0070859333,-0.0348957500,-0.7029577199,0.7103397217,0.0377286140,0.0940926647,0.2378718696,0.1243473941,0.0388651964,-0.1323200857,0.0076570340,-0.2302462348,-0.2340077119,0.1287134233,0.0234172251,0.1684966913,-0.0081182532,0.0283004822,0.2015434339,-0.5995501685,-0.7915122251,-0.7354015266,0.3117231754,0.0337637986,0.2201192919,-0.2025041649,0.0787205769,-0.6998008192,0.1927431482,0.2278898279,-0.2484832892
-1.1295270835,5.0315430759,0.8973763316,-0.0075657640,-0.0350289292,-0.7056661123,0.7076376695,0.0408993062,0.0925973917,0.2432954411,0.1249058151,0.0364104367,-0.1308897207,0.0072327347,-0.2312963878,-0.2271385498,0.1278182229,0.0237633754,0.1703812845,-0.0078185100,0.0370415503,0.2046288243,-0.6115176393,-0.7706740012,-0.7282020169,0.3160100359,0.0272084772,0.2170511577,-0.2018918063,0.0833919549,-0.6904396317,0.1932628940,0.2313533009,-0.2451235071
-1.1282744109,5.0308154153,0.8972516179,-0.0079559986,-0.0352468418,-0.7079080128,0.7053797613,0.0441906941,0.0910818515,0.2486807107,0.1248660277,0.0338436543,-0.1296108202,0.0069837774,-0.2324113294,-0.2203736987,0.1273609624,0.0241370745,0.1722931057,-0.0090395512,0.0454965514,0.2057851075,-0.6221090604,-0.7456365689,-0.7238676749,0.3201494093,0.0176887692,0.2139431330,-0.2008289124,0.0849006270,-0.6828161892,0.1932947790,0.2335195141,-0.2431465995
-1.1271867410,5.0300360513,0.8971354641,-0.0082054893,-0.0355924083,-0.7098606831,0.7033943851,0.0476598421,0.0892736668,0.2531129639,0.1241958247,0.0313338876,-0.1285329503,0.0068884366,-0.2337476546,-0.2145001067,0.1271345371,0.0243824839,0.1740457509,-0.0110844576,0.0528204328,0.2043088933,-0.6299553831,-0.7177730969,-0.7232075624,0.3240765023,0.0052867691,0.2107655932,-0.2002062100,0.0833517910,-0.6768735001,0.1930608834,0.2346033347,-0.2423966083
-1.1262988616,5.0293399687,0.8969916802,-0.0082599251,-0.0356774969,-0.7114476137,0.7017842851,0.0504382061,0.0877796909,0.2571223178,0.1230794698,0.0290659456,-0.1276476579,0.0064506115,-0.2348354652,-0.2102262406,0.1269629243,0.0244653009,0.1755380873,-0.0138533474,0.0582849878,0.2007423298,-0.6360496537,-0.6893429494,-0.7257857398,0.3279152091,-0.0084809398,0.2078980960,-0.2003014458,0.0806096804,-0.6720559057,0.1927989468,0.2350343533,-0.2423252308
-1.1253493249,5.0287647477,0.8968466436,-0.0081050370,-0.0357899585,-0.7126919200,0.7005166768,0.0526127220,0.0859352296,0.2606579460,0.1218977400,0.0270205291,-0.1267732267,0.0059178017,-0.2362746193,-0.2063758383,0.1268312100,0.0244124061,0.1769343393,-0.0170037839,0.0619112210,0.1956562428,-0.6429663198,-0.6631284147,-0.7318599604,0.3301674401,-0.0223139496,0.2056800399,-0.2016608299,0.0786615969,-0.6680248878,0.1923242514,0.2350356009,-0.2427525341
-1.1242335044,5.0281968926,0.8966809440,-0.0079918988,-0.0362270678,-0.7135891373,0.6995814979,0.0548235219,0.0836318965,0.2638148990,0.1210218585,0.0251077581,-0.1258039774,0.0059984896,-0.2382953185,-0.2029874743,0.1269594478,0.0242039562,0.1783858300,-0.0190975275,0.0635542525,0.1896958895,-0.6519408222,-0.6412171505,-0.7408723459,0.3298035865,-0.0345511728,0.2046125871,-0.2038421864,0.0775468917,-0.6640992147,0.1910380079,0.2349246035,-0.2433913201
-1.1231317699,5.0276808312,0.8965375311,-0.0080858422,-0.0367566843,-0.7139752743,0.6991586895,0.0568627162,0.0816456240,0.2659804421,0.1204189105,0.0234422765,-0.1247678696,0.0068122382,-0.2401175423,-0.2004783049,0.1272217688,0.0239175073,0.1798110314,-0.0192189054,0.0624357975,0.1833506147,-0.6608874427,-0.6243788522,-0.7512886251,0.3268535704,-0.0445177818,0.2049540343,-0.2061657790,0.0760827420,-0.6594648234,0.1884457289,0.2352758868,-0.2444664965
-1.1220363306,5.0271667469,0.8964107011,-0.0083469974,-0.0372997659,-0.7142806405,0.6988148694,0.0588200425,0.0799201332,0.2674900126,0.1202490044,0.0219137058,-0.1236669388,0.0079743156,-0.2417674648,-0.1987556046,0.1274124459,0.0236822029,0.1811701296,-0.0169532441,0.0589987214,0.1768446110,-0.6670502832,-0.6124241654,-0.7598491065,0.3226249289,-0.0526446431,0.2063277358,-0.2084544230,0.0753750409,-0.6542681373,0.1851377405,0.2361402136,-0.2460594532
-1.1209539249,5.0266666560,0.8963037537,-0.0086100017,-0.0378110362,-0.7147239055,0.6983308186,0.0606519933,0.0782092648,0.2688377523,0.1203420516,0.0204188143,-0.1224748691,0.0090217519,-0.2434250220,-0.1975570377,0.1274585937,0.0236222605,0.1824109003,-0.0131047339,0.0535746108,0.1705273552,-0.6696398706,-0.6053423327,-0.7649377491,0.3180864392,-0.0587226021,0.2077106215,-0.2111060726,0.0760682855,-0.6492524666,0.1813344298,0.2368502089,-0.2479493765
-1.1198583860,5.0262107662,0.8962131486,-0.0086381064,-0.0382861113,-0.7152919672,0.6977226945,0.0621423003,0.0761548588,0.2699824254,0.1204220192,0.0190071885,-0.1211820649,0.0095435964,-0.2453944482,-0.1965392048,0.1274186916,0.0238702992,0.1835033976,-0.0085225092,0.0461432971,0.1650818351,-0.6702944380,-0.6029125848,-0.7673764668,0.3137216324,-0.0613589928,0.2085432526,-0.2134138483,0.0764861961,-0.6444621258,0.1774833271,0.2374218591,-0.2498877306
-1.1187909371,5.0258001941,0.8961448929,-0.0084078696,-0.0386566569,-0.7158418594,0.6971408774,0.0631486840,0.0738951432,0.2707100543,0.1203362968,0.0178438775,-0.1198375090,0.0094990018,-0.2475035011,-0.1952763084,0.1273903807,0.0244334398,0.1844677242,-0.0022767959,0.0374518662,0.1603016627,-0.6695775579,-0.6046897833,-0.7677149480,0.3096384231,-0.0604826369,0.2088485159,-0.2149947227,0.0767101887,-0.6401293473,0.1736223556,0.2377140706,-0.2517611560
-1.1178709644,5.0254331273,0.8960775625,-0.0080801062,-0.0388998302,-0.7161755972,0.6967883675,0.0636813458,0.0718571905,0.2710902589,0.1201767529,0.0170071111,-0.1185442706,0.0092166867,-0.2493748444,-0.1937701609,0.1275087665,0.0251016916,0.1853203006,0.0023657335,0.0285905220,0.1563186819,-0.6681696567,-0.6097897359,-0.7668751718,0.3058336052,-0.0567540647,0.2077566937,-0.2159536268,0.0765015169,-0.6367705544,0.1699893117,0.2374845126,-0.2535580440
-1.1171240314,5.0250703531,0.8960590625,-0.0079301532,-0.0392451111,-0.7158494030,0.6971058501,0.0640908374,0.0702766601,0.2705698521,0.1201301226,0.0165121403,-0.1173388872,0.0096340199,-0.2509445643,-0.1928937757,0.1281323572,0.0259324024,0.1860841037,0.0030934871,0.0204385569,0.1535294257,-0.6678207384,-0.6175500143,-0.7654164400,0.3022856684,-0.0503225431,0.2045624753,-0.2155619718,0.0729377859,-0.6342368822,0.1672499812,0.2367465441,-0.2551326643
-1.1165663496,5.0247412894,0.8960678998,-0.0079940653,-0.0396148478,-0.7152780943,0.6976704140,0.0645166132,0.0692891126,0.2693420736,0.1202839578,0.0163111153,-0.1162959491,0.0105382558,-0.2520569404,-0.1929823698,0.1289259283,0.0268637001,0.1866858958,0.0036070972,0.0127815321,0.1507847200,-0.6691791782,-0.6267734445,-0.7618239986,0.2994708192,-0.0427954640,0.2013451186,-0.2145381939,0.0723834698,-0.6331884722,0.1655416389,0.2354026101,-0.2567575764
-1.1160229530,5.0244299297,0.8960477177,-0.0077979128,-0.0401271943,-0.7145732143,0.6983653215,0.0646450019,0.0678421660,0.2678607098,0.1204894283,0.0162269851,-0.1154050634,0.0114819696,-0.2537217833,-0.1939971923,0.1295916286,0.0276788287,0.1872313479,0.0032379627,0.0055942386,0.1478779194,-0.6704796945,-0.6359700706,-0.7571905867,0.2974982326,-0.0352552923,0.1990077944,-0.2135527920,0.0735408559,-0.6338998538,0.1644546544,0.2336469497,-0.2587263482
-1.1157507505,5.0242450339,0.8959463190,-0.0072501244,-0.0402354711,-0.7137145653,0.6992424915,0.0636829544,0.0668270687,0.2660641231,0.1205025286,0.0164298052,-0.1145056500,0.0117771238,-0.2549353651,-0.1959515371,0.1298174347,0.0279737732,0.1876737012,0.0036119178,-0.0017423395,0.1450385824,-0.6730045489,-0.6444261214,-0.7524176777,0.2961390264,-0.0278063287,0.1955699698,-0.2127859720,0.0776661140,-0.6360216373,0.1630121217,0.2311161242,-0.2609875857
-1.1161063425,5.0234702082,0.8956480404,-0.0067111561,-0.0395574916,-0.7133262646,0.6996826463,0.0628693304,0.0674910116,0.2641565088,0.1203401280,0.0158921225,-0.1149821683,0.0117469175,-0.2544924531,-0.1970447407,0.1295165232,0.0269195312,0.1882797062,0.0035932915,-0.0061446416,0.1447755276,-0.6687766123,-0.6516171249,-0.7477863716,0.2948908730,-0.0212214840,0.1959437229,-0.2085441822,0.0804535556,-0.6390855362,0.1618131689,0.2285536962,-0.2631715949
-1.1169280861,5.0220990368,0.8953341376,0.0032797815,-0.0321062077,-0.7131750580,0.7002426516,0.0444354665,0.0641866915,0.2626833043,0.1143072173,0.0164918714,-0.1162887318,-0.0055196596,-0.2563313554,-0.1993251231,0.1232173956,0.0252530873,0.1883902783,0.0054525006,0.0019216051,0.1472999878,-0.6621667476,-0.6632870946,-0.7454057788,0.2911993343,-0.0134645045,0.2017292492,-0.2005608149,0.0819566859,-0.6458837555,0.1618537141,0.2244068515,-0.2675046737
-1.1193014144,5.0176963594,0.8958180089,0.0269628757,-0.0113058871,-0.7124350034,0.7011287658,-0.0008731312,0.0612826747,0.2595688015,0.0992622296,0.0166113802,-0.1206841533,-0.0501916935,-0.2558489570,-0.2088722086,0.1096457782,0.0221839255,0.1873459156,0.0142978778,0.0114636130,0.1595662872,-0.6612193223,-0.6827581533,-0.7354273680,0.2839857202,-0.0007021626,0.2215258656,-0.1842707800,0.0756560250,-0.6559353764,0.1610006615,0.2195520568,-0.2747507015
-1.1236594713,5.0060208136,0.8956873364,0.0536922510,0.0154043097,-0.7028979101,0.7090940540,-0.0533323102,0.0661955961,0.2488181207,0.0850987022,0.0046560323,-0.1349844834,-0.0909732831,-0.2500502153,-0.2341824845,0.0978604559,0.0046007339,0.1884139920,0.0156689781,0.0144685322,0.1838811808,-0.6882943660,-0.7003397720,-0.7078272041,0.2790669640,0.0097502759,0.2468191427,-0.1713734974,0.1006369190,-0.6627506709,0.1590738668,0.2147650788,-0.2830192636
-1.1341656944,4.9884092562,0.8928887525,0.0849831184,0.0615051615,-0.6783550157,0.7272066126,-0.2118116323,0.1138034770,0.1934047532,0.1793855677,-0.1029787248,-0.1811666426,-0.2109547264,-0.2230723282,-0.2763460109,0.1707973933,-0.0970081526,0.1960201551,-0.0000715159,-0.2316049801,0.3390922832,-0.8585772277,-0.6818547094,-0.4277581783,0.2388262578,0.0231232323,0.0821757796,-0.1879466755,0.2123644057,-0.5992453120,0.1005472261,0.2043933806,-0.2410311454
-1.1439928922,4.9604416569,0.8867514392,0.0929176724,0.0647319838,-0.6541482581,0.7478409810,-0.2196242669,0.1281963519,0.2051487422,0.2450186713,-0.1266215085,-0.1879869537,-0.1918816899,-0.2241293364,-0.3161983064,0.2026177177,-0.1541438310,0.2009090827,-0.0048509534,-0.3731926109,0.3448314455,-1.0064123549,-0.5705771433,-0.4918552955,0.2444028447,0.0116327760,0.0275697847,-0.1991959769,0.3041659813,-0.4940065352,0.1185875093,0.2185881177,-0.1956000465
-1.1555752519,4.9293419967,0.8760134804,0.0945396638,0.0629790684,-0.6392388016,0.7605719187,-0.2093339218,0.1343894855,0.1599464133,0.3600447328,-0.1217213723,-0.2277051217,-0.1823046499,-0.2240742672,-0.3429348063,0.2722478407,-0.2017074321,0.1855020310,-0.0095026102,-0.5344453173,0.3238092024,-1.1132158095,-0.4533194729,-0.6347636053,0.2600944919,0.0231743919,-0.0685147426,-0.2148928614,0.4158413835,-0.3919080659,0.1117948642,0.2293536789,-0.1694441554
-1.1661346077,4.8966493864,0.8596619897,0.0958338234,0.0638421276,-0.6366735696,0.7624872634,-0.1881081249,0.1211495212,0.0700328239,0.4737827446,-0.0942045051,-0.3223881310,-0.2291369006,-0.2378750795,-0.3383928240,0.4143362516,-0.1519876458,0.1826114977,-0.0210075624,-0.6669864817,0.3421741132,-1.1179043439,-0.4301174097,-0.6674858363,0.2789127579,0.0835200555,-0.2020287594,-0.2350610464,0.5046419537,-0.3600611917,0.1352362548,0.2458011815,-0.1010284436
-1.1763497905,4.8653422795,0.8385999077,0.1014701532,0.0742664672,-0.6424126280,0.7559724302,-0.1564104530,0.1147287489,0.0135449157,0.4963440906,-0.0244978701,-0.3444096200,-0.3877825219,-0.2641397548,-0.2786866118,0.6801896922,0.0021672884,0.1591058730,-0.0268931137,-0.8577576644,0.3740451559,-1.2001470614,-0.4557165019,-0.5355738891,0.3177603968,0.1686127064,-0.3694313980,-0.2651816989,0.5858136399,-0.3924604037,0.1623214457,0.2213849065,-0.0460921465
-1.1801120596,4.8147855213,0.8119644006,0.0574939857,0.0178297195,-0.6620431041,0.7470444906,0.2155300381,0.0881455752,0.0270913801,0.2736385820,-0.0819025770,-0.2439018442,-0.3336172761,-0.3119601076,-0.2080211524,0.9145844790,0.1610584205,0.0997194246,0.0103310844,-0.6313634771,0.3001606628,-1.1937953799,-0.4665830773,-0.4737130931,0.3368023655,0.1917671041,-0.1976546653,-0.2893129705,0.7239219245,-0.4165964803,0.1686412588,0.2151822703,-0.0487541071
-1.1952827904,4.7866255368,0.7714808359,0.0584980058,0.0331569518,-0.6638911309,0.7448000847,0.2946831877,0.1213409206,0.0935695433,0.2040211949,-0.2744585374,-0.2223810190,-0.6433474988,-0.2797736140,-0.0573530064,1.3411805011,0.1628143982,0.1451015476,-0.0283510354,-0.6714735953,0.3167404531,-1.1242903281,-0.5440457469,-0.3612852457,0.3818983256,0.3500286066,-0.3203264964,-0.3353278234,0.8418856322,-0.5536504000,0.1680524553,0.1768484424,-0.0733492894
-1.2141191234,4.7588941150,0.7276758989,0.0614416314,0.0530350492,-0.6522134630,0.7536775227,0.3223683438,0.1804894439,0.1607725980,0.1984461819,-0.4841192908,-0.2712154580,-0.8978208648,-0.2166402895,0.0356563368,1.6021773365,0.0918737757,0.2150454761,-0.0825988391,-0.7650274683,0.3255890275,-1.1216894919,-0.6051804296,-0.3073795700,0.3854566913,0.4485375865,-0.4607425331,-0.3627203381,0.9414543788,-0.6576108003,0.1706576387,0.1540658345,-0.1246725710
-1.2333016474,4.7261937529,0.6896722647,0.0641642583,0.0723610706,-0.6330779260,0.7680228922,0.3314656884,0.2578137672,0.1655610956,0.2075224959,-0.5729987249,-0.3289817498,-1.0790052894,-0.2214681928,0.0875928453,1.6931897664,0.0577737283,0.2156038354,-0.1279920987,-0.8389844674,0.3074487607,-1.1042949233,-0.6688302874,-0.2912321233,0.3736611422,0.5051224819,-0.5657817061,-0.3921041381,1.0131809139,-0.7452701084,0.1680629556,0.1387989862,-0.2092298763
-1.2526503314,4.6919748035,0.6551619424,0.0780379926,0.1056941871,-0.6112302134,0.7804719321,0.2819851526,0.3431315409,0.1454365872,0.2484012738,-0.5589465952,-0.3864424846,-1.2367788808,-0.2712379972,0.1408464894,1.6475430977,0.0108238090,0.1536257331,-0.1593233575,-0.9171089642,0.2793338363,-1.0551182558,-0.7507920771,-0.2956557726,0.3343780397,0.5506089346,-0.6639273300,-0.4196169729,1.0298200899,-0.8306085865,0.1626997007,0.1257505903,-0.3267696124
-1.2740386493,4.6534560579,0.6231552049,0.1031981573,0.1498492452,-0.5973033215,0.7811044015,0.2144823729,0.4137631318,0.1762856091,0.2896359627,-0.4954119498,-0.4218056540,-1.3638279252,-0.3189814724,0.1803578658,1.4746606042,-0.0512626424,0.0510888771,-0.1678241180,-0.9877194977,0.2546087495,-0.9901480368,-0.8337757729,-0.3126501816,0.2691260297,0.6087150996,-0.7735708569,-0.4315649669,1.0136744863,-0.9058165023,0.1504898412,0.1064662130,-0.4450606315
-1.2999979144,4.6079755491,0.5957349364,0.1256261417,0.2069985038,-0.5901185667,0.7701491863,0.1659625688,0.4884516168,0.2270614577,0.2971442852,-0.4263744691,-0.4395851889,-1.4342102961,-0.2840318928,0.2509417648,1.3085849418,-0.1154745074,0.3279596097,-0.1633546745,-1.0691634481,0.2650104831,-1.0250238069,-0.8750155318,-0.3571394268,0.2202512304,0.7225332688,-0.8941845913,-0.4047518568,1.0050771451,-0.9582273114,0.1143141141,0.0817049018,-0.5730717386
-1.3246427104,4.5540602512,0.5666797992,0.1485743897,0.2601471913,-0.5787416927,0.7584900412,0.1438165180,0.5494268888,0.2675931478,0.2765507205,-0.3575597111,-0.4280458556,-1.5269717395,-0.2211011959,0.2766798564,1.4709706725,-0.3021994731,0.4208060044,-0.1732650564,-1.1600512929,0.2869585278,-1.1454792809,-0.8378301661,-0.4090383503,0.2393421011,0.8187489970,-1.0211053500,-0.3566124153,1.0193555597,-0.9605172535,0.0770521798,0.0595782774,-0.6915524947
-1.3432596932,4.4961763875,0.5484267075,0.1673079100,0.3204902729,-0.5702878019,0.7376082099,0.1239973610,0.5955238960,0.3269364206,0.2515798479,-0.2786787654,-0.3362416996,-1.6266275155,-0.2014810200,0.1650056594,1.6158798616,-0.4138815408,0.3612526294,-0.1594088555,-1.2643055058,0.3046211600,-1.3065003792,-0.7346780198,-0.4058677610,0.3044921388,0.7739941960,-1.1426119796,-0.2909310239,1.0184656177,-0.8983860151,0.0656802650,0.0577293460,-0.7423239237
-1.3545635740,4.4297773413,0.5319815321,0.1880118739,0.3839546049,-0.5708113920,0.7010026757,0.1171618935,0.6048613987,0.4424274347,0.2239302113,-0.1996820372,-0.1529447424,-1.7388848847,-0.1300753206,0.0938196083,1.7588585161,-0.4268772722,0.2910056653,-0.0981286215,-1.3931478166,0.2499606606,-1.4796368742,-0.5423758189,-0.3434181367,0.3870298297,0.5890765579,-1.2903839089,-0.2210540286,1.0160632234,-0.7197349496,0.0678306268,0.1034077572,-0.7389990587
-1.3601632123,4.3535921871,0.5107871090,0.2051544588,0.4362260638,-0.5678816654,0.6671797984,0.1059971363,0.5903920528,0.5161286821,0.2144931988,-0.1478254790,0.0702878723,-1.8150328026,-0.0574563837,0.0442686188,1.8973157252,-0.3845742582,0.2354657661,-0.0146853531,-1.4213786602,0.1695675816,-1.5658897876,-0.4382744450,-0.3947520345,0.4793449924,0.6249285620,-1.3878824764,-0.1936605995,1.0648148567,-0.5593406809,0.0230627469,0.1695176396,-0.6824147199
-1.3633232351,4.2678280035,0.4868977349,0.2138795629,0.4744156978,-0.5594244075,0.6451585933,0.1075215515,0.5606214216,0.5108060412,0.1973116401,-0.1225327941,0.1124595642,-1.8221785171,-0.0190950703,-0.0218035437,2.0067251706,-0.3036917457,0.1783951174,0.1307484148,-1.3061924169,0.1661814181,-1.2764115666,-0.6968802948,-0.5825366302,0.4956522463,0.8437789887,-1.4021959152,-0.2304186050,1.1706752427,-0.4573369545,0.0174843995,0.1875660173,-0.6296616778
-1.3708809407,4.1805298191,0.4619338462,0.2337137310,0.4812822794,-0.5523369786,0.6392723376,0.0899485269,0.4941790876,0.5212084024,0.1952657600,-0.1119585125,0.1434357369,-1.7862251544,-0.0038299150,-0.0467859729,2.1100206952,-0.1962871272,0.1532913726,0.2297750100,-1.1626218778,0.2872622701,-1.1535967703,-1.0257357625,-0.7605861914,0.4253245917,0.8662819698,-1.2302075671,-0.3496563563,0.8073258797,-0.6446835383,0.1670098799,0.1573966920,-0.8743960904
-1.3855087593,4.1029946554,0.4412880360,0.2581817390,0.4726256197,-0.5292197318,0.6556627858,0.0238738050,0.4595535131,0.5667068659,0.2133139892,-0.0767918830,0.1767624390,-1.7343875616,-0.0051396213,-0.0493844628,2.1907517447,-0.1627049481,0.1556379633,0.2211576335,-1.1232369432,0.3222807630,-1.1049020056,-1.0589113276,-0.7769515211,0.4172951821,0.8689595022,-1.1877210243,-0.3838916959,0.7588263657,-0.6925776043,0.1981597190,0.1447954710,-0.8820687253
-1.3986225241,4.0316650225,0.4269085492,0.2726305338,0.4759915959,-0.5046684202,0.6666441167,-0.0525110739,0.4483127077,0.6551620617,0.2227488000,-0.0512887706,0.2287251566,-1.6761443772,0.0066192230,-0.0516890296,2.2411775667,-0.1363596305,0.1725236797,0.1776854423,-1.0623580250,0.3765885704,-1.0548315051,-1.0992856097,-0.7932498932,0.4027084185,0.8751764040,-1.1216836554,-0.4096956460,0.6587511342,-0.7494593461,0.2296898010,0.1290338692,-0.8918271474
-1.4069110742,3.9621514153,0.4160168167,0.2696542500,0.4841362075,-0.4923687239,0.6711719287,-0.0665544037,0.4621286717,0.8935515637,0.2283570597,-0.1019236162,0.3495548637,-1.5553451558,0.1404294003,-0.0157802075,2.2061962333,-0.1054726984,0.2780505059,0.1194837383,-0.7034789317,0.5982925930,-0.8047859063,-1.4240054981,-0.9321005675,0.2908687115,0.8998730438,-0.5700653185,-0.3301601523,0.1114843124,-1.2322267154,0.5555808003,0.0159316276,-0.8793018441
-1.4170546627,3.9042337736,0.4197559902,0.2821442251,0.4967081087,-0.4832431192,0.6634393558,-0.1397443998,0.4476358001,0.9045818245,0.2547284499,-0.0718982097,0.3753595444,-1.5450411356,0.1733706450,0.0063118521,2.1781531493,-0.1168485383,0.2875587161,0.1439403134,-0.6689250330,0.6094299708,-0.7862181978,-1.4532526976,-0.9487343906,0.2834561999,0.9024479959,-0.5249569584,-0.3197968961,0.0646255173,-1.2846806863,0.5884249128,0.0088038717,-0.8819313020
-1.4260603003,3.8531224993,0.4324525394,0.3008161492,0.4979351795,-0.4646449042,0.6675891809,-0.2053384649,0.4451782591,0.8481810835,0.3121358055,-0.0097443378,0.3515850929,-1.4933235498,0.1745284753,0.0570722938,2.1108068157,-0.1325533598,0.3007635084,0.1432107205,-0.6274455006,0.6118342167,-0.7719213898,-1.4807589403,-0.9652170634,0.2762183600,0.9063897914,-0.4562841658,-0.3217776231,0.0304269932,-1.3317533908,0.6175951132,0.0018843109,-0.8870588624
-1.4313346805,3.8084724256,0.4463554330,0.3271835192,0.4698014906,-0.4450028978,0.6886290185,-0.4433645300,0.4540596412,0.4162688403,0.6954196163,0.0489300552,0.1086439146,-1.2924812938,0.0958445676,0.1942747460,1.9691796512,-0.1847303871,0.3392337987,0.0671566854,-0.3752749420,0.5745604251,-0.6076966557,-1.5865300226,-1.0941880095,0.2398906377,0.8936814496,-0.1494760737,-0.3405124416,-0.0457355680,-1.5976841816,0.7577489177,-0.0102962743,-0.8923579039
-1.4397621347,3.7687201624,0.4660823902,0.3527730105,0.4583646252,-0.4278371763,0.6945562785,-0.5419413244,0.4155108493,0.3574042645,0.7965132772,0.0643220172,0.0367649304,-1.2604406055,0.0163901501,0.2734598128,1.9204469731,-0.1833106141,0.3081175633,0.0452748998,-0.3746389504,0.5402166197,-0.5940207701,-1.5925069817,-1.1040147896,0.2392343316,0.8930744247,-0.1296478852,-0.3730613762,-0.0298637929,-1.6090069975,0.7655027123,-0.0067008047,-0.8944101040
-1.4508850280,3.7452124567,0.4729518800,0.3762012435,0.4225299547,-0.4049544985,0.7182986259,-0.9170962959,0.3718867213,0.1310558532,1.4015467189,-0.0686536978,-0.2021115324,-1.1643127523,-0.2438958183,0.2939666086,1.8357620204,-0.2307230947,0.0830296595,-0.0858719000,-0.2847213474,0.4587204555,-0.5480604936,-1.5329468185,-1.1878684386,0.2293663755,0.8639340261,-0.0695997972,-0.4484569219,0.0965020757,-1.6131215695,0.7577119242,0.0520140689,-0.9242306162
-1.4651980509,3.7090586208,0.4917870717,0.4037691492,0.3927771587,-0.3814852395,0.7329158136,-1.0571543506,0.3632589650,0.2016690537,1.5456439211,-0.0923312152,-0.2182691876,-1.1306773930,-0.3139977049,0.3657264526,1.7919507758,-0.2272747097,0.0177381603,-0.1473903620,-0.2925320445,0.4361576940,-0.5733311809,-1.5312274385,-1.1928799018,0.2285484302,0.8626062676,-0.0667789806,-0.4652261428,0.1069875996,-1.6076192923,0.7567855345,0.0593373918,-0.9285948821
-1.4818648705,3.6846548630,0.5094110118,0.4295064912,0.3572081995,-0.3567946855,0.7487483079,-1.2577499874,0.3463510707,0.2958628062,1.7326536948,-0.1268795412,-0.2337806463,-1.0563414958,-0.3600161713,0.4101902986,1.7427143283,-0.2200250993,-0.0070942765,-0.2324573682,-0.2974236602,0.4098116182,-0.6286851876,-1.5216953534,-1.1950468104,0.2287777675,0.8588425311,-0.0563774841,-0.4874757426,0.1281422688,-1.5953777855,0.7560634876,0.0686835705,-0.9325579527
-1.4953789990,3.6737654434,0.5256327910,0.4409446449,0.3354564392,-0.3431027212,0.7584967503,-1.5077916590,0.3249525929,0.4326990228,1.8891890503,-0.1712204255,-0.2617786198,-0.9890784391,-0.3987529978,0.3961576083,1.6687308163,-0.2137868479,0.0027202306,-0.2953708191,-0.3084923882,0.3926551749,-0.6961142879,-1.5037295354,-1.1951551801,0.2316093435,0.8530429426,-0.0457875734,-0.5081163734,0.1680523130,-1.5809340819,0.7544094772,0.0791884384,-0.9378855001
-1.4983548800,3.6703871605,0.5339999800,0.4238250337,0.3291551026,-0.3413270480,0.7717027313,-1.8291302213,0.3007097061,0.5492297458,2.0062356579,-0.2690485400,-0.3782203572,-0.8117564162,-0.4603939437,0.2505489884,1.4509955013,-0.2088738492,0.0964873288,-0.3170387550,-0.4361555673,0.3469966439,-0.9830859754,-1.2897877943,-1.1267490919,0.3149122955,0.8376852222,-0.1026721713,-0.5087428721,0.3942488508,-1.4405244067,0.7022625524,0.1774887337,-1.0241463938
-1.5078595970,3.6572622618,0.5548415823,0.4171671318,0.3476158092,-0.3463252316,0.7649795208,-1.9197606333,0.2853623444,0.6773780416,1.8556332662,-0.2717692310,-0.3528591009,-0.8292092856,-0.4390832996,0.1978205564,1.3705365259,-0.2139087005,0.1204393283,-0.3052339412,-0.4658674249,0.3655716160,-1.0236695791,-1.2774545324,-1.1218276940,0.3208264453,0.8405294069,-0.1207589102,-0.5017320672,0.4233765702,-1.4355279839,0.6961568448,0.1828401962,-1.0346690802
-1.5152354242,3.6402713725,0.5788453943,0.4000941156,0.3798670151,-0.3537595324,0.7553012265,-1.8619223882,0.2858160650,0.7524142751,1.7285954949,-0.3151805127,-0.2484495000,-0.8387679034,-0.3953191146,0.1249352406,1.2635002874,-0.2091472924,0.1626210489,-0.2707515846,-0.5019523085,0.3886722089,-1.0779315518,-1.2559235569,-1.1160856680,0.3299886090,0.8413902107,-0.1435040424,-0.4811965749,0.4680889471,-1.4238050458,0.6859631027,0.1901010448,-1.0430393800
-1.5192848015,3.6233623506,0.6119031531,0.3843692641,0.4084447462,-0.3598017449,0.7456378897,-1.7969627796,0.2759508882,0.7636820419,1.5806822871,-0.3978141037,-0.1703881884,-0.8651452105,-0.3531103825,0.0755951985,1.1758188979,-0.1646706884,0.2275667418,-0.2205854019,-0.5482508299,0.3961395705,-1.1311596165,-1.2262035560,-1.1085496464,0.3427791975,0.8407489652,-0.1740988025,-0.4586781661,0.5223401926,-1.4010543303,0.6718163573,0.2010122817,-1.0497877927
-1.5166969812,3.5983915615,0.6488265327,0.3719910790,0.4214726298,-0.3634129606,0.7429094693,-1.7340179684,0.2674507019,0.7454612214,1.4685077607,-0.4313630692,-0.1232518049,-0.8996121119,-0.3348289412,0.0488444794,1.1367450343,-0.0823396973,0.2926938518,-0.1786019920,-0.5944150725,0.3857945289,-1.1942678576,-1.1857721682,-1.0937080986,0.3559336238,0.8340588186,-0.2064663546,-0.4448283948,0.5938792542,-1.3624396966,0.6508261319,0.2156134241,-1.0524300474
-1.5124102719,3.5715172013,0.6837971229,0.3618404560,0.4184508971,-0.3633604169,0.7496262659,-1.6654420277,0.2458377064,0.7124921035,1.3798904843,-0.4242236879,-0.0979560643,-0.9435247077,-0.3424532308,0.0359934997,1.1320638580,-0.0178655211,0.3221529578,-0.1437942659,-0.6311227809,0.3606853050,-1.2641433846,-1.1365623469,-1.0706420792,0.3669253919,0.8185831120,-0.2343316705,-0.4422125289,0.6742786738,-1.3048383512,0.6241051596,0.2355360838,-1.0482745402
-1.5089862463,3.5484194792,0.7159127054,0.3404988354,0.4140702415,-0.3703100922,0.7586018809,-1.5824113146,0.2283776788,0.6706386241,1.2813562670,-0.4166448559,-0.0842853618,-1.0078120976,-0.3551582421,0.0024629774,1.1380391410,-0.0006892983,0.3362361444,-0.0855567130,-0.6543797483,0.3380558829,-1.3369613337,-1.0824543191,-1.0439830005,0.3777990119,0.7935978662,-0.2477824709,-0.4514297209,0.7790677339,-1.2350495308,0.5922304721,0.2601687866,-1.0358244207
-1.5062483376,3.5238230537,0.7462006295,0.3055803322,0.4156927177,-0.3778837460,0.7687809177,-1.4843487699,0.2256903426,0.6210861994,1.1619360828,-0.4211880708,-0.0743906764,-1.0897204305,-0.3478255062,-0.0253256037,1.1457126172,0.0018666817,0.3140783926,-0.0030060646,-0.6684022721,0.3214273501,-1.3861915675,-1.0297780392,-1.0114521475,0.3860009754,0.7594826455,-0.2516477503,-0.4492816784,0.8934443464,-1.1717934717,0.5484429376,0.2793935686,-1.0122659751
-1.5063934755,3.4967985414,0.7745639570,0.2746876863,0.4119834930,-0.3834260532,0.7796157632,-1.3806317767,0.2301369367,0.5720044293,1.0426979504,-0.4186689572,-0.0729109082,-1.1811511098,-0.3379216986,-0.0347725027,1.1432957766,-0.0050041692,0.2709122212,0.0555441857,-0.6758205497,0.3224676689,-1.4231031638,-0.9726142703,-0.9763426342,0.3920596737,0.7121651656,-0.2592075973,-0.4312979467,0.9854214042,-1.1192553340,0.4886626717,0.2852796295,-0.9736791332
-1.5073123186,3.4679534026,0.7984307335,0.2448839750,0.4011469174,-0.3867150217,0.7934509950,-1.2714359900,0.2391048374,0.5294514702,0.9370027857,-0.4049962063,-0.0783769692,-1.2713195854,-0.3258312066,-0.0254212699,1.1227852769,-0.0185885009,0.2181601345,0.0559389069,-0.6709761818,0.3562877874,-1.5019998770,-0.9039814080,-0.9644323135,0.4027599511,0.6666943732,-0.2808276412,-0.4076055771,1.0325061197,-1.0679080677,0.4350052544,0.2844342258,-0.9162503984
-1.5070582564,3.4372610151,0.8161914575,0.2177277996,0.3857933765,-0.3870820621,0.8086566349,-1.1574899535,0.2477976940,0.4946144031,0.8412812610,-0.3848840230,-0.0895745860,-1.3524961700,-0.3126098551,0.0006698500,1.0774164367,-0.0298015445,0.1651126269,0.0664927006,-0.6452937833,0.4005174695,-1.5681214629,-0.8407780542,-0.9567589133,0.4133472803,0.6270704958,-0.3168852267,-0.3950952408,1.0688832970,-1.0196128293,0.4153050975,0.2914371278,-0.8606315699
-1.5064566376,3.4012270055,0.8261170457,0.1953469832,0.3678739414,-0.3921284256,0.8202094960,-1.0421557287,0.2665871547,0.4654275281,0.7610261649,-0.3530524945,-0.1076168698,-1.4161899868,-0.2862895691,0.0344175729,0.9993028735,-0.0350627296,0.1206727399,0.1188784277,-0.6021486414,0.4426227464,-1.5707206566,-0.7930180661,-0.9353032895,0.4170851241,0.5876147713,-0.3561834559,-0.3942725643,1.1232428072,-0.9739372784,0.4201209664,0.3038605057,-0.8216597788
-1.5010227230,3.3604869736,0.8257767230,0.1825924079,0.3418539872,-0.4034463601,0.8288708576,-0.9266601563,0.2848661959,0.4449333304,0.7182424033,-0.2982029387,-0.1319746061,-1.4466318365,-0.2555241511,0.0643396047,0.8942195572,-0.0382517594,0.0855090335,0.1638986001,-0.5440394944,0.4822463355,-1.5704760259,-0.7566253979,-0.9091138260,0.4153875364,0.5498660731,-0.3933665090,-0.3824640116,1.1587014520,-0.9400215263,0.4138529172,0.3079289882,-0.7916826048
-1.4929524136,3.3135007468,0.8151518966,0.1768145636,0.3040104166,-0.4141168671,0.8395364775,-0.8155038762,0.2950684934,0.4250928728,0.7219371111,-0.2192956855,-0.1447100525,-1.4258731769,-0.2319231444,0.0720537507,0.7859934349,-0.0403890915,0.0654442355,0.1753317621,-0.4716027338,0.5213522287,-1.5701664526,-0.7275587355,-0.8823902198,0.4094678508,0.5137043039,-0.4231250936,-0.3550420961,1.1399274607,-0.9206762690,0.3894033534,0.3008596911,-0.7611154934
-1.4834492190,3.2614188965,0.8028116217,0.1583097876,0.2597498218,-0.4201165189,0.8549679244,-0.7135945099,0.3241958679,0.3900104086,0.7637100316,-0.1263422203,-0.1328293348,-1.3331092253,-0.2062121447,0.0744817086,0.7231651966,-0.0122135181,0.0839874342,0.1847718923,-0.3908829473,0.5646572890,-1.5619975998,-0.7020905728,-0.8551064390,0.4014980536,0.4780528481,-0.4354727689,-0.3270029391,1.1044657773,-0.9104261310,0.3682879909,0.2901366919,-0.7320381016
-1.4733936370,3.2033284897,0.7937948803,0.1317702196,0.2045374186,-0.4214847508,0.8735855187,-0.6267570568,0.3630747793,0.3417204953,0.8396331396,-0.0181571897,-0.0886974501,-1.1612048737,-0.1912891354,0.0682990182,0.7384123635,-0.0121388950,0.0932679238,0.2016397944,-0.3041640663,0.6082457044,-1.5505948191,-0.6795886188,-0.8256228731,0.3917587119,0.4417128481,-0.4261602271,-0.3070428987,1.0834665484,-0.9037639894,0.3578443394,0.2798482608,-0.7056735598
-1.4624503232,3.1484436591,0.7946228531,0.0998190319,0.1537193557,-0.4224494244,0.8876615370,-0.5792147219,0.3975113947,0.2893992244,0.9230547614,0.0773324259,-0.0316853307,-0.9856635586,-0.1650676155,0.0426944236,0.7563409796,-0.0240973753,0.0963201506,0.2229493852,-0.2129271181,0.6608678324,-1.5266963701,-0.6589569661,-0.7935325555,0.3785996008,0.4031603756,-0.4007889251,-0.2887690064,1.0683644925,-0.9016360864,0.3528287459,0.2681294969,-0.6795779540
-1.4478433424,3.0953414642,0.8042013494,0.0746466167,0.1171592739,-0.4263907639,0.8938078673,-0.5772264476,0.4023847291,0.2441022981,0.9897974508,0.1293359663,0.0318379003,-0.8185914627,-0.1329076170,0.0088392702,0.7444876806,-0.0496608413,0.0920671087,0.2439866086,-0.1166908843,0.7192288303,-1.4772960260,-0.6446412859,-0.7539891664,0.3601780607,0.3610221836,-0.3636926212,-0.2676206363,1.0352142338,-0.9073790001,0.3489918771,0.2519963928,-0.6535771114
-1.4324190528,3.0497695926,0.8238921805,0.0609632960,0.0941122067,-0.4398650816,0.8910359583,-0.6077765403,0.3635642480,0.2205326743,1.0209316460,0.1610802898,0.0825314295,-0.6756876719,-0.1025812615,-0.0166942932,0.6881956991,-0.0770091633,0.0788389268,0.2711349192,-0.0207539209,0.7623354056,-1.4020778812,-0.6431464382,-0.7084855134,0.3353377003,0.3188668585,-0.3181453640,-0.2467639263,0.9798299010,-0.9240331601,0.3431635821,0.2296234463,-0.6293758111
-1.4161996245,3.0088713854,0.8497322528,0.0464269864,0.0826704063,-0.4586340560,0.8835524554,-0.6397093258,0.3102875525,0.2140623819,0.9895479551,0.1882525895,0.1021956083,-0.5531169364,-0.0647597621,-0.0324900539,0.6078636101,-0.0885578925,0.0645234098,0.2951007428,0.0725355301,0.7782227290,-1.3202669909,-0.6525293525,-0.6629804305,0.3078693102,0.2818776952,-0.2690925797,-0.2256122981,0.9186111401,-0.9498704190,0.3370229194,0.2034145987,-0.6066439626
-1.3943344454,2.9656059282,0.8875361348,0.0263789649,0.0566301517,-0.4900667745,0.8694433464,-0.4716191244,0.1913097135,0.1886937791,0.6525999019,0.3109034600,0.0425141286,-0.2535173693,-0.0251104591,-0.0230922178,0.2450703811,0.0834056547,0.0278879762,0.3172011654,0.6152440468,0.7341189238,-0.8584119935,-0.7523043063,-0.5148208943,0.2075988555,0.1498524241,0.0050626156,-0.1956156808,0.6992604589,-1.1192374275,0.3528389256,0.0423551202,-0.4404456884
-1.3792005714,2.9305175463,0.9114324255,0.0233823750,0.0663786193,-0.5236093137,0.8490467773,-0.5236360259,0.1592752347,0.1736584395,0.5468799827,0.3070458166,0.0232497220,-0.2641104057,-0.0108433641,-0.0202043864,0.2571555747,0.1481961113,0.0793877833,0.3139865733,0.6464033528,0.6728282872,-0.8065871492,-0.7707540668,-0.5048284269,0.1996273975,0.1481747737,-0.0021850747,-0.2010872505,0.7109109177,-1.1441307820,0.3637928264,0.0287899758,-0.4256071111
-1.3603411658,2.8897975592,0.9313307370,0.0079805684,0.0603509460,-0.5600825095,0.8261971051,-0.4493543036,0.1289030653,0.0854151834,0.3281246122,0.2490720969,-0.0532848473,-0.2077610881,-0.0190929379,-0.0665322037,0.2644477020,0.2453618353,0.2975590375,0.3336347668,0.7642065542,0.5822620688,-0.7000356100,-0.7953433629,-0.5013011616,0.1903516806,0.1379463369,0.0349362704,-0.1977067787,0.7261469375,-1.1890466877,0.3774285553,0.0015974845,-0.3795224076
-1.3397578980,2.8496505607,0.9416419927,-0.0014824925,0.0607268798,-0.5937417484,0.8023595108,-0.4659517276,0.1390128346,0.0364054029,0.2545032425,0.2363131271,-0.0870633895,-0.1808853430,-0.0421866660,-0.1019052133,0.2891502794,0.2637566584,0.2968272281,0.3262556795,0.7915484433,0.5273752465,-0.6539429735,-0.8171771463,-0.5081099884,0.1813528193,0.1398503586,0.0328692551,-0.2070031990,0.7405184722,-1.2108787808,0.3892844295,-0.0085402904,-0.3599902531
-1.3208316964,2.8029057046,0.9453674630,-0.0327265291,0.0408841324,-0.6244600503,0.7792991130,-0.3500894959,0.1635249153,-0.0740074221,0.1237887082,0.0971337495,-0.1529488380,-0.0821474155,-0.0860332999,-0.2376886581,0.3310599934,0.2408511594,0.1661501567,0.2807555029,1.0369382197,0.4052361005,-0.4177773288,-0.9204881067,-0.6604915506,0.1690316649,0.1465017608,0.0993578697,-0.2124583793,0.7855014743,-1.3108323474,0.4244619352,-0.0548398567,-0.2202750129
-1.3016944726,2.7645125383,0.9369267090,-0.0388283327,0.0398222288,-0.6558203847,0.7528653091,-0.3644503854,0.1755179978,-0.0694905351,0.1268639358,0.0917573500,-0.1617179730,-0.0805993222,-0.1346219108,-0.2388395381,0.3640913119,0.2556300218,0.1295144745,0.2696942723,1.0229393444,0.3644182980,-0.3924016087,-0.9479901193,-0.6793016416,0.1648484189,0.1557622747,0.0741773962,-0.2342072656,0.7919979060,-1.3288769203,0.4374553666,-0.0588684294,-0.2080357700
-1.2830106382,2.7222615442,0.9183352542,-0.0504399283,0.0266176170,-0.6851312571,0.7261835007,-0.3328267944,0.1732283893,-0.0436832464,0.1416567278,0.0794296279,-0.1917956505,-0.0673971608,-0.1911389878,-0.2054919797,0.4094726026,0.2679306568,0.0984674915,0.2546968261,1.0141432942,0.3175590540,-0.3706401198,-0.9697946854,-0.6944102713,0.1626974801,0.1639063819,0.0613335682,-0.2596065888,0.7980651750,-1.3476612433,0.4500307156,-0.0644640664,-0.1926562350
-1.2696391559,2.6817161056,0.8981754351,-0.0612058479,-0.0041773705,-0.7105216187,0.7009960222,-0.2278944124,0.1396670950,0.0372446664,0.1243049747,0.2543334400,-0.0679340784,-0.0808701006,-0.2472624110,-0.0735249566,0.5262356291,0.2346780151,0.0655204879,0.1980537275,1.0471999997,0.1985078020,-0.3356256556,-0.9778487882,-0.7536189443,0.1972437760,0.1632264349,0.1147945476,-0.3282050888,0.8007273615,-1.4360000545,0.4609868326,-0.0811433999,-0.0846416650
-1.2587200519,2.6482984556,0.8814540422,-0.0646494271,-0.0225373179,-0.7227329277,0.6877278794,-0.1936012008,0.1177581105,0.0574105645,0.1775495188,0.2422194159,-0.0668938738,-0.0844310264,-0.2845848546,-0.0280764541,0.5438138476,0.2387918444,0.0535484405,0.1327829391,1.0015607443,0.1822815458,-0.3554889391,-0.9875000183,-0.7483994281,0.1968426877,0.1655744475,0.0961645837,-0.3537068892,0.7731045652,-1.4439645370,0.4688416679,-0.0767206324,-0.0791767861
-1.2507656524,2.6158486134,0.8707387475,-0.0733541411,-0.0433937389,-0.7284540909,0.6797726023,-0.1388747493,0.0948867730,0.0728912232,0.2191819267,0.2134572070,-0.0616045458,-0.0697800191,-0.2984059579,0.0069226366,0.5529249266,0.2365864068,0.0372975663,0.0569855841,0.9317969779,0.1812061547,-0.3965619213,-0.9692505036,-0.7434948781,0.2107379564,0.1635946978,0.1079579865,-0.3634577473,0.7294984312,-1.4287616250,0.4752807691,-0.0568345149,-0.0784479046
-1.2473846505,2.5892199215,0.8700560598,-0.0777147555,-0.0616189492,-0.7324106730,0.6736008669,-0.0645315883,0.0721962259,0.1183743579,0.2116351111,0.1433887498,-0.0434825737,-0.0134142358,-0.3029639480,-0.0355601463,0.4744669949,0.2364366784,0.0204149078,0.0499807847,0.6955808422,0.1457119722,-0.4936101631,-0.7010652155,-0.7468035058,0.3154342693,0.1201115701,0.2502401262,-0.2967998838,0.5234945996,-1.3258837378,0.5770172974,0.0554813904,-0.1034766458
-1.2475266315,2.5695351618,0.8740509322,-0.0772584402,-0.0627419664,-0.7265335351,0.6798849914,-0.0405953257,0.0656276606,0.1068175852,0.2058381347,0.1285864955,-0.0424746851,0.0075502259,-0.2815218421,-0.1427075737,0.4040258029,0.2272042603,0.0324892376,0.0061302694,0.5511899016,0.1329628215,-0.3973743394,-0.6191398136,-0.7695291195,0.3573378770,0.1130345399,0.2962896165,-0.2128591641,0.3478495020,-1.2381195913,0.6416836049,0.1323554717,-0.1526842156
-1.2515983971,2.5526593242,0.8813289280,-0.0776328172,-0.0603347964,-0.7160448630,0.6910952266,-0.0194465382,0.0683016817,0.0751967178,0.1887065658,0.1208314710,-0.0468523441,0.0346615358,-0.2379518986,-0.2296790808,0.3142252227,0.1920786187,0.0396788647,-0.0299591065,0.4062565914,0.1264414782,-0.2754824981,-0.5904649982,-0.7727471503,0.4008291449,0.1216353097,0.3395403416,-0.1072030854,0.1490067900,-1.1349282013,0.6804434717,0.2153371169,-0.2115285773
-1.2570604466,2.5377064017,0.8887610807,-0.0747719635,-0.0583437457,-0.7088587697,0.6989452092,-0.0003384339,0.0689433895,0.0460044459,0.1672202538,0.1144872634,-0.0548312788,0.0435803532,-0.2065457229,-0.2676547944,0.2423653282,0.1674936419,0.0701390173,-0.0598964031,0.2692778533,0.1395551205,-0.2703637006,-0.6238030222,-0.7263543071,0.4253576831,0.1497112898,0.3621026196,-0.0239509148,-0.0024505524,-1.0397124526,0.6215213804,0.2870389098,-0.2636801537
-1.2623414694,2.5242070780,0.8947264989,-0.0687980638,-0.0551363070,-0.7027692371,0.7059335758,0.0137595660,0.0677210973,0.0172398968,0.1413685437,0.1096546130,-0.0648044694,0.0438885958,-0.1887749567,-0.2886834369,0.1828819733,0.1350383356,0.0748454716,-0.0442547638,0.1108526903,0.1720338304,-0.4076637966,-0.6861640544,-0.5809619052,0.4305273466,0.2012918807,0.3670290131,0.0058478679,-0.0890066158,-0.9001073450,0.3555295069,0.3449341885,-0.3701846033
-1.2685996077,2.5113213197,0.8976825335,-0.0649086270,-0.0550048235,-0.6960055313,0.7129780081,0.0278624679,0.0682158259,-0.0052003488,0.1264751854,0.1003647706,-0.0732851180,0.0438020268,-0.1807785559,-0.2978680367,0.1529809495,0.1061853163,0.0626908381,-0.0366185036,-0.0267003968,0.1942678124,-0.5196780766,-0.7548027160,-0.4876991764,0.3951774410,0.2480827491,0.3831268703,-0.0204247177,-0.0653050062,-0.7697064332,0.0728022735,0.3273133569,-0.4330409523
-1.2753481348,2.4994263125,0.8967216552,-0.0599101100,-0.0609714618,-0.6878528527,0.7207993567,0.0434811613,0.0609932556,-0.0214741921,0.1178214273,0.0883791964,-0.0817310268,0.0554159263,-0.1847505402,-0.3029817737,0.1368177932,0.1088012439,0.0754871412,-0.0328634174,-0.1554188788,0.2007111743,-0.6155188074,-0.8177751665,-0.4679208983,0.3535578501,0.2719049950,0.4007130225,-0.0722620732,0.0159900283,-0.6395761541,-0.1103864129,0.3035214408,-0.4207625429
-1.2820325758,2.4894876704,0.8940909167,-0.0521551575,-0.0692558338,-0.6803284505,0.7277614090,0.0530805880,0.0471036654,-0.0384736519,0.1160897939,0.0771477355,-0.0900513321,0.0650842298,-0.2006217117,-0.2981040677,0.1377058792,0.1289293992,0.1094188667,-0.0338576051,-0.2682788995,0.1976858542,-0.6755913188,-0.8776393386,-0.4977989240,0.3260993954,0.2868160128,0.4234780366,-0.1196170838,0.1085008213,-0.5791687665,-0.1008886388,0.3091496685,-0.3752646038
-1.2897036425,2.4804992166,0.8919633755,-0.0466473056,-0.0782180559,-0.6741495772,0.7329586019,0.0698326794,0.0368887310,-0.0587568863,0.1073486291,0.0677544605,-0.1019372763,0.0956713796,-0.2094431516,-0.3126000025,0.1280491571,0.0739222724,0.1263144872,-0.0334070869,-0.3701593502,0.1876962032,-0.7248995228,-0.9304686062,-0.5716032398,0.3069414851,0.2874852659,0.4320105627,-0.1669287524,0.1997132011,-0.5046087458,0.0579082349,0.3121424234,-0.2389694823
-1.2994903588,2.4725226492,0.8920251103,-0.0458601081,-0.0807325190,-0.6703984597,0.7361691492,0.0811500213,0.0445667923,-0.0759299952,0.1024384229,0.0634641907,-0.1147471838,0.1156839298,-0.1982318898,-0.3302852765,0.1215752199,0.0311473748,0.1142028544,-0.0349007062,-0.4313326917,0.1866288365,-0.7229762534,-0.9885543435,-0.6547344330,0.2891164523,0.2912384899,0.4439729246,-0.1865427840,0.2499032585,-0.4943044855,0.2709293801,0.2717271954,-0.1045563713
-1.3108541793,2.4659855279,0.8941658182,-0.0482090457,-0.0753120184,-0.6667230516,0.7399218609,0.0830066214,0.0695485178,-0.0868903318,0.0976659416,0.0626539223,-0.1284124186,0.1256174348,-0.1702843024,-0.3475683718,0.1122590091,0.0156805090,0.1001613233,-0.0406593563,-0.4576158218,0.1895600757,-0.6802408489,-1.0511202380,-0.7415335503,0.2780056928,0.2907419266,0.4451744253,-0.1906994397,0.3009295994,-0.5067365044,0.4320321234,0.2316361981,-0.0094298646
-1.3231460931,2.4620565684,0.8956295806,-0.0458314015,-0.0601915993,-0.6643364590,0.7435949995,0.0527450891,0.1020735314,-0.0883889357,0.1050627725,0.0685516180,-0.1400079108,0.1004173580,-0.1377701107,-0.3484051944,0.1174542858,0.0166608628,0.0895622012,-0.0383917986,-0.4973562975,0.1948909897,-0.6453012499,-1.0872099880,-0.7605818757,0.2715809078,0.3024446337,0.4176888906,-0.1825285475,0.3216233692,-0.5326596075,0.4566830438,0.2134884847,-0.0029139513
-1.3345940531,2.4596209315,0.8961460021,-0.0427876384,-0.0480892568,-0.6636926790,0.7452306148,0.0296985004,0.1274892494,-0.0834780814,0.1098528889,0.0695727247,-0.1508012999,0.0835612431,-0.1115934034,-0.3441805040,0.1147822519,0.0097009298,0.0821319176,-0.0459808971,-0.5005725862,0.1906958415,-0.5894489208,-1.1243384273,-0.7673431065,0.2618726297,0.3099204821,0.3924715120,-0.1733111049,0.3211547921,-0.5586828468,0.4657704700,0.1988713386,-0.0052128818
-1.3443367239,2.4585133174,0.8954889572,-0.0377943747,-0.0375687594,-0.6645330514,0.7453562888,0.0065381603,0.1457667321,-0.0753324251,0.1139087709,0.0697211532,-0.1596517123,0.0659392503,-0.0920564461,-0.3361243282,0.1090930577,0.0000781557,0.0758510298,-0.0519634751,-0.4723292834,0.1835992718,-0.5222527416,-1.1608697001,-0.7631076304,0.2482548413,0.3098749895,0.3690715057,-0.1622455126,0.2985804387,-0.5880562094,0.4516773562,0.1855123160,-0.0154665506
-1.3524972096,2.4571277380,0.8936051458,-0.0379246735,-0.0350175415,-0.6642945437,0.7456864289,0.0050091943,0.1591834585,-0.0667283334,0.1149671994,0.0623306221,-0.1680648264,0.0717833859,-0.0770728499,-0.3342239413,0.0981151109,-0.0184294004,0.0702247638,-0.0546580576,-0.3658284249,0.1709917721,-0.4346961156,-1.2158754770,-0.7515668934,0.2192166958,0.2942103278,0.3781255650,-0.1460505677,0.2676764743,-0.6215019269,0.4002068330,0.1722460670,-0.0375139981
-1.3594433209,2.4563954230,0.8908045492,-0.0376667625,-0.0304398704,-0.6642940137,0.7459008598,-0.0098337737,0.1736726138,-0.0607515068,0.1273944812,0.0644712473,-0.1747840982,0.0642660657,-0.0630660555,-0.3268798570,0.0997355439,-0.0262101791,0.0652199701,-0.0572209471,-0.2920176603,0.1746535792,-0.3768746584,-1.2543563109,-0.7533951879,0.1976938632,0.2782955334,0.3636907373,-0.1369289642,0.2479213538,-0.6547800124,0.3495084597,0.1579076174,-0.0587514209
-1.3655697828,2.4553194094,0.8884329707,-0.0402276841,-0.0283503706,-0.6655854294,0.7446972714,-0.0195146500,0.1882462857,-0.0570450072,0.1439826515,0.0758728900,-0.1835124338,0.0622964041,-0.0499189843,-0.3183378023,0.1039919661,-0.0330997710,0.0604681539,-0.0566176491,-0.1993675535,0.1817657199,-0.3320975048,-1.2741986978,-0.7659385802,0.1826836916,0.2575135117,0.3514699830,-0.1258049207,0.2324008754,-0.6792049530,0.2984622700,0.1479182990,-0.0815633941
-1.3700927722,2.4535474911,0.8875633173,-0.0416963039,-0.0273012481,-0.6711423500,0.7396512733,-0.0252415703,0.1998742075,-0.0356350404,0.1596155235,0.0912403964,-0.2105391829,0.0589032390,-0.0427232657,-0.3107347405,0.1090953445,-0.0373532781,0.0560992056,-0.0485991324,-0.0992974828,0.1847096234,-0.3016895013,-1.2688521563,-0.7828291299,0.1836459926,0.2331214352,0.3348141735,-0.1182852167,0.2232333047,-0.6953083181,0.2631067354,0.1439448002,-0.1094576994
-1.3735764489,2.4506571453,0.8884408468,-0.0399939662,-0.0284960820,-0.6778220072,0.7335842027,-0.0258129687,0.2031558398,0.0008522676,0.1681345923,0.0960966220,-0.2348686997,0.0565493370,-0.0439311746,-0.3013303710,0.1120668160,-0.0395993056,0.0522934977,-0.0424655246,-0.0048232297,0.1844117929,-0.2890710299,-1.2347551417,-0.8085584758,0.2031435274,0.2021548309,0.3111302556,-0.1174937928,0.2160536780,-0.7032030953,0.2462092502,0.1466258337,-0.1383866791
-1.3760042803,2.4461568000,0.8901129249,-0.0381205049,-0.0316722663,-0.6839635734,0.7278306979,-0.0143892467,0.2047814125,0.0646646947,0.1651570467,0.0840545850,-0.2304631337,0.0626255719,-0.0476236680,-0.2900038824,0.1081646955,-0.0421918438,0.0487821976,-0.0411121588,0.0815522575,0.1814721613,-0.2990106754,-1.1639933955,-0.8589628734,0.2430091738,0.1587730915,0.2881231064,-0.1198791916,0.2162706548,-0.7027782167,0.2451342473,0.1578630802,-0.1697773517
-1.3773421441,2.4407225450,0.8916002440,-0.0358587262,-0.0354259935,-0.6893919236,0.7226326359,0.0010379686,0.2036509628,0.1400168197,0.1586764995,0.0787408520,-0.1789960019,0.0702464253,-0.0535316434,-0.2752023455,0.1036635822,-0.0433883805,0.0466423216,-0.0442143103,0.1285917534,0.1827412181,-0.3455486832,-1.0622035041,-0.9269262833,0.2916717461,0.1131086898,0.2609943867,-0.1278971562,0.2277297923,-0.7030474615,0.2548137682,0.1703062061,-0.1988371192
-1.3774475639,2.4349128634,0.8916339716,-0.0356954082,-0.0377324795,-0.6943278544,0.7177819505,0.0171290269,0.2044589343,0.1923961585,0.1520739863,0.0925262561,-0.1374744845,0.0771894285,-0.0566879235,-0.2596389418,0.1031925787,-0.0454251568,0.0467921646,-0.0463418488,0.1473119221,0.1870452924,-0.4253300232,-0.9377115462,-0.9748926896,0.3314235964,0.0679010074,0.2329965049,-0.1350286634,0.2441380590,-0.7056988623,0.2608974989,0.1765345509,-0.2133827484
-1.3763409439,2.4287417355,0.8897824702,-0.0391872847,-0.0378057129,-0.6983834243,0.7136495480,0.0385277380,0.2071821398,0.2079317980,0.1367935586,0.1246946747,-0.1580788640,0.0873478992,-0.0532012014,-0.2473800315,0.1018500089,-0.0485261864,0.0487370835,-0.0431456432,0.1421024216,0.1785865817,-0.5173738811,-0.7660405338,-0.9746812771,0.3625974560,0.0094231178,0.2093040359,-0.1359901013,0.2571685663,-0.7028020580,0.2588395391,0.1799517046,-0.2158767121
-1.3758368579,2.4225414115,0.8891140824,-0.0430491610,-0.0381143420,-0.7011085050,0.7107326719,0.0625807737,0.2116833717,0.2173463697,0.1238790220,0.1111252401,-0.1961789356,0.0993184053,-0.0488176823,-0.2394334663,0.0999475531,-0.0511706536,0.0502652101,-0.0382831195,0.1378415268,0.1526975652,-0.5514909438,-0.5812930230,-0.8995634080,0.3624347472,-0.0677613578,0.1885770837,-0.1419013121,0.2631629717,-0.6971081451,0.2477068565,0.1780299141,-0.2089157894
-1.3752474003,2.4169086525,0.8884170481,-0.0417615978,-0.0349256022,-0.7024867913,0.7096114988,0.0596150302,0.2124859537,0.2187226150,0.1297865603,0.0968555822,-0.1930918529,0.0888577547,-0.0495140222,-0.2322941599,0.1132913070,-0.0490087655,0.0523463393,-0.0336030150,0.1501504168,0.1448015158,-0.5408036998,-0.5359825858,-0.8746405681,0.3613516266,-0.0979066664,0.1532864788,-0.1606741030,0.2539525931,-0.7110188388,0.2468294557,0.1702748127,-0.2129247213
-1.3744357089,2.4111532402,0.8888143722,-0.0429761170,-0.0352502024,-0.7032308298,0.7087854941,0.0695908474,0.2122384772,0.2264183916,0.1307778489,0.0788670532,-0.1922116332,0.0933853798,-0.0499728510,-0.2286373289,0.1196250461,-0.0521377798,0.0543981939,-0.0322953938,0.1840950254,0.1300445664,-0.5221347215,-0.4927831266,-0.8765102768,0.3495294597,-0.1339992165,0.1344828564,-0.1759646459,0.2489959228,-0.7155385744,0.2486860951,0.1671976723,-0.2145175356
-1.3726858708,2.4055255136,0.8896639427,-0.0433580836,-0.0371333205,-0.7035967418,0.7083027728,0.0805613008,0.2078548885,0.2327915765,0.1295511717,0.0654606555,-0.1906574256,0.1015584853,-0.0542157299,-0.2281093445,0.1211950676,-0.0553383447,0.0567645367,-0.0375256918,0.2192254143,0.1159979060,-0.5169870849,-0.4727864471,-0.8966047865,0.3282252262,-0.1532133417,0.1252779970,-0.1863417335,0.2415207759,-0.7140705193,0.2501138596,0.1681321667,-0.2170975610
-1.3697959316,2.4007784757,0.8906855327,-0.0413370806,-0.0389990500,-0.7037964093,0.7081249424,0.0874883477,0.1985771847,0.2366466142,0.1267934461,0.0576258280,-0.1885677497,0.1071743993,-0.0628240588,-0.2298429937,0.1201369816,-0.0571923161,0.0598817838,-0.0370671860,0.2452075642,0.1053869536,-0.5054782016,-0.4725324911,-0.9049636476,0.3075713992,-0.1527733472,0.1229137208,-0.1897171593,0.2237690981,-0.7094826484,0.2467460423,0.1708485365,-0.2245348827
-1.3665922496,2.3966251894,0.8915235824,-0.0392522798,-0.0403150949,-0.7034011250,0.7085624947,0.0920922903,0.1897785204,0.2381108719,0.1241185770,0.0534042830,-0.1863745019,0.1114832878,-0.0711952095,-0.2339328854,0.1191815661,-0.0581175670,0.0634332514,-0.0301865820,0.2650849665,0.0988252641,-0.4845249090,-0.4819594984,-0.8842789506,0.2941610951,-0.1427129065,0.1295365496,-0.1859242520,0.2002390870,-0.7016964542,0.2408174862,0.1747450018,-0.2339642667
-1.3633955203,2.3932159462,0.8921412075,-0.0376269157,-0.0414798666,-0.7020257577,0.7099461046,0.0955618893,0.1818533646,0.2356176937,0.1213301067,0.0503649930,-0.1838935907,0.1155878425,-0.0784788329,-0.2390656339,0.1187099815,-0.0584730631,0.0670433097,-0.0169098723,0.2778538796,0.0953475140,-0.4461104213,-0.4955650283,-0.8415542819,0.2883006609,-0.1276986663,0.1441920876,-0.1746968761,0.1728046320,-0.6912397798,0.2288333973,0.1784796925,-0.2413866466
-1.3605195335,2.3902705205,0.8927043693,-0.0367044205,-0.0429719188,-0.6996396270,0.7122573917,0.0989593751,0.1750034984,0.2293720347,0.1186728097,0.0481394810,-0.1814824242,0.1208927631,-0.0844875291,-0.2451988281,0.1185669242,-0.0588330358,0.0703169089,-0.0047225626,0.2830517954,0.0950081132,-0.4077439619,-0.5119109926,-0.7948025717,0.2860377082,-0.1100249113,0.1649606332,-0.1617220436,0.1504068487,-0.6785535234,0.2164021907,0.1817483957,-0.2430905984
-1.3576120697,2.3874551744,0.8931179221,-0.0363303871,-0.0456800881,-0.6964011544,0.7152753768,0.1038294771,0.1674287220,0.2201419153,0.1162048619,0.0461175606,-0.1791484757,0.1288868558,-0.0911071605,-0.2530437299,0.1185832920,-0.0598837738,0.0734368015,0.0057343189,0.2802892484,0.0971274302,-0.3805004475,-0.5328736405,-0.7563822298,0.2838843264,-0.0863990532,0.1893534635,-0.1513039279,0.1395807597,-0.6638187144,0.2072042109,0.1848744560,-0.2384850464
-1.3550262183,2.3851130824,0.8934214755,-0.0360008950,-0.0475245147,-0.6925096418,0.7189407153,0.1071760806,0.1616109385,0.2094968561,0.1129450023,0.0443403136,-0.1769926355,0.1361914683,-0.0957158430,-0.2623090716,0.1178044661,-0.0609239732,0.0762458044,0.0127885561,0.2710528658,0.1027681047,-0.3688329143,-0.5546209788,-0.7327439868,0.2833655221,-0.0595515611,0.2124977036,-0.1434024042,0.1389829655,-0.6472690723,0.2021094581,0.1884059862,-0.2283789587
-1.3527064645,2.3834661681,0.8936373405,-0.0353041613,-0.0481096797,-0.6883229755,0.7229457492,0.1075980488,0.1575791923,0.1998059724,0.1094940268,0.0429076050,-0.1749541399,0.1412143878,-0.0985377779,-0.2724491724,0.1163038846,-0.0616238699,0.0786883868,0.0147600883,0.2565678190,0.1097246836,-0.3717575422,-0.5762156549,-0.7198892054,0.2846885942,-0.0314065018,0.2303664165,-0.1375364066,0.1445135125,-0.6293933677,0.2011780861,0.1922095681,-0.2134747800
-1.3505402404,2.3825854586,0.8937392652,-0.0343279798,-0.0479252692,-0.6838459749,0.7272409786,0.1051231707,0.1547217416,0.1909547322,0.1069594531,0.0419060962,-0.1728990210,0.1442180927,-0.1004115107,-0.2833744888,0.1148045708,-0.0619766469,0.0808177696,0.0130836968,0.2378953143,0.1152728559,-0.3808988345,-0.5968861696,-0.7108683850,0.2870022922,-0.0043819768,0.2424683170,-0.1337444135,0.1505751327,-0.6105078537,0.2058646247,0.1964789292,-0.1961349032
-1.3485201104,2.3819623955,0.8938235985,-0.0334017011,-0.0474501000,-0.6800559153,0.7308602921,0.1017990256,0.1524739385,0.1827116325,0.1058176316,0.0412125388,-0.1709329980,0.1461344592,-0.1019420262,-0.2937793553,0.1134658374,-0.0620992662,0.0827717057,0.0117850946,0.2170779090,0.1184176274,-0.3890940386,-0.6160632098,-0.7025208409,0.2896017396,0.0198387253,0.2501642608,-0.1310313833,0.1552943909,-0.5914394510,0.2142505620,0.2013622627,-0.1773548642
-1.3466271483,2.3815499909,0.8939612638,-0.0326443291,-0.0468950334,-0.6770980808,0.7336711747,0.0985235110,0.1504374306,0.1738728325,0.1054595321,0.0407862384,-0.1691943786,0.1473493284,-0.1032816846,-0.3025270615,0.1122317759,-0.0619366713,0.0846082409,0.0109958097,0.1956076006,0.1197682379,-0.3963518914,-0.6329441237,-0.6919136906,0.2914589572,0.0389431557,0.2545180565,-0.1296717978,0.1597823899,-0.5745906193,0.2229841653,0.2054681624,-0.1592138732
-1.3447950708,2.3815299171,0.8941468364,-0.0317940836,-0.0459919035,-0.6751354552,0.7355718851,0.0948126972,0.1484826774,0.1658610270,0.1053831118,0.0406736457,-0.1676342024,0.1469968227,-0.1045899688,-0.3093463767,0.1109181627,-0.0612787217,0.0863210630,0.0082405689,0.1739397636,0.1214870956,-0.4076695786,-0.6475894741,-0.6798463220,0.2921962936,0.0537288294,0.2553681882,-0.1305791433,0.1630079455,-0.5621122160,0.2302038630,0.2075787852,-0.1445635658
-1.3428728160,2.3818669837,0.8943418983,-0.0306982681,-0.0449745566,-0.6745554049,0.7362132241,0.0910819308,0.1458830533,0.1603945165,0.1056596714,0.0406845002,-0.1660591031,0.1449371001,-0.1068441849,-0.3144760328,0.1097500523,-0.0600722825,0.0880670858,0.0049750323,0.1524951699,0.1256981352,-0.4259323793,-0.6599668769,-0.6700242397,0.2923732235,0.0656983645,0.2529038015,-0.1342650369,0.1653105462,-0.5550628927,0.2357096550,0.2071787461,-0.1345201739
-1.3408604144,2.3823910579,0.8945348116,-0.0294036119,-0.0438708791,-0.6750629308,0.7358673882,0.0875107759,0.1428200652,0.1580936712,0.1060943380,0.0406105112,-0.1643495319,0.1415540666,-0.1098204326,-0.3171747244,0.1087972850,-0.0584273200,0.0899107581,0.0015683957,0.1316285543,0.1316816524,-0.4491902931,-0.6701020481,-0.6641763288,0.2925546641,0.0753971045,0.2477441849,-0.1393035701,0.1650460763,-0.5529342601,0.2392935454,0.2051158375,-0.1278813429
-1.3389562669,2.3830493917,0.8947389518,-0.0281461538,-0.0427303623,-0.6763184164,0.7348301231,0.0843801684,0.1398972376,0.1585472429,0.1064573561,0.0403846521,-0.1625700601,0.1373859516,-0.1127959223,-0.3171495787,0.1080950476,-0.0565428956,0.0917428460,-0.0008865863,0.1116417684,0.1385212065,-0.4737155364,-0.6784778710,-0.6621811112,0.2931316671,0.0836559803,0.2402286161,-0.1458333697,0.1630496729,-0.5558684582,0.2412222990,0.2015478774,-0.1258961510
-1.3371679033,2.3838036623,0.8949194638,-0.0269503747,-0.0416139987,-0.6779650020,0.7334203491,0.0815712853,0.1371949740,0.1611805769,0.1067516158,0.0401226485,-0.1607833605,0.1328815342,-0.1156382247,-0.3150725135,0.1075228006,-0.0547666198,0.0935048530,-0.0020092918,0.0930577771,0.1447526222,-0.4960640187,-0.6851887355,-0.6623880874,0.2938961550,0.0910916811,0.2313565456,-0.1531594860,0.1604595606,-0.5629170032,0.2420825224,0.1968251321,-0.1278374843
-1.3354828979,2.3845707027,0.8951158301,-0.0259909626,-0.0404897734,-0.6798534779,0.7317679254,0.0792379629,0.1349905286,0.1650699237,0.1070062240,0.0398107101,-0.1590496422,0.1282422123,-0.1181110061,-0.3117600644,0.1072909272,-0.0528157562,0.0951515764,-0.0024456506,0.0772916534,0.1494542053,-0.5145730894,-0.6894232449,-0.6626147346,0.2949476455,0.0966706041,0.2218322525,-0.1603477639,0.1561998535,-0.5730295905,0.2423229552,0.1914520484,-0.1328220689
-1.3339177811,2.3853437012,0.8952993890,-0.0253080475,-0.0393873325,-0.6819077134,0.7299383613,0.0773877604,0.1332935868,0.1694652066,0.1072871431,0.0394416528,-0.1573918798,0.1236835504,-0.1201472151,-0.3077311696,0.1073218543,-0.0507295816,0.0966817831,-0.0019969785,0.0644017903,0.1522216996,-0.5273553616,-0.6913998603,-0.6613104481,0.2963498543,0.0999624473,0.2121501508,-0.1662257838,0.1491717964,-0.5854048712,0.2417367541,0.1854725855,-0.1398180756
-1.3324870276,2.3861376993,0.8954527970,-0.0248840772,-0.0382907673,-0.6840353779,0.7280179954,0.0758551799,0.1321326881,0.1741926973,0.1076504099,0.0390179450,-0.1558007931,0.1193014886,-0.1216521914,-0.3030987209,0.1074483393,-0.0486153214,0.0980736305,-0.0006737143,0.0544176119,0.1540430025,-0.5366878665,-0.6911146744,-0.6588767268,0.2982309211,0.1019861941,0.2035816470,-0.1709254054,0.1423754221,-0.5990212030,0.2403959591,0.1794364575,-0.1482028508
-1.3311669753,2.3869065050,0.8955488693,-0.0248216454,-0.0374602400,-0.6861556390,0.7260654622,0.0750285599,0.1313040290,0.1790458941,0.1082611664,0.0384418796,-0.1542362520,0.1156848704,-0.1228204363,-0.2979320291,0.1076867190,-0.0466827335,0.0993442941,0.0010375321,0.0471759201,0.1551087445,-0.5444098400,-0.6889798122,-0.6557183339,0.3002722810,0.1027888054,0.1966182295,-0.1745615447,0.1376060245,-0.6129741432,0.2391223742,0.1737884541,-0.1569312690
-1.3299235539,2.3876461563,0.8956204657,-0.0249023095,-0.0369058323,-0.6882136785,0.7241407096,0.0747642985,0.1304215211,0.1837431109,0.1088527116,0.0378036064,-0.1528208084,0.1126985062,-0.1239932192,-0.2924968199,0.1079046708,-0.0449060735,0.1004901569,0.0029157916,0.0423896249,0.1558143771,-0.5524366457,-0.6854277447,-0.6528533230,0.3021417439,0.1028005742,0.1910202670,-0.1773716952,0.1356968094,-0.6263672870,0.2382515557,0.1689075956,-0.1651220518
-1.3288089526,2.3884655473,0.8956698110,-0.0250650034,-0.0364370972,-0.6901983865,0.7222674510,0.0746486762,0.1297553970,0.1884214342,0.1093331874,0.0372934951,-0.1518820556,0.1099282307,-0.1249488752,-0.2869743688,0.1080508837,-0.0432103193,0.1014695481,0.0050553669,0.0399430011,0.1560012647,-0.5603718344,-0.6799988381,-0.6503182974,0.3041030172,0.1015873586,0.1863746944,-0.1791011604,0.1359813891,-0.6381157554,0.2373009309,0.1649873476,-0.1718000516
-1.3278759244,2.3893322394,0.8956985189,-0.0253537228,-0.0359393305,-0.6921851813,0.7203785311,0.0746760681,0.1295662875,0.1933030828,0.1097390627,0.0368623611,-0.1514467157,0.1072938239,-0.1254336951,-0.2813007445,0.1081163072,-0.0416366015,0.1022628705,0.0074671772,0.0390703497,0.1554842492,-0.5673348814,-0.6727415353,-0.6471009795,0.3062924594,0.0992803747,0.1827029674,-0.1801768260,0.1378939534,-0.6476289609,0.2372818897,0.1623604760,-0.1769056741
-1.3270635779,2.3902029075,0.8957236623,-0.0256692209,-0.0354480861,-0.6939341907,0.7187070775,0.0746691385,0.1295410382,0.1978117808,0.1100033539,0.0363886105,-0.1509793688,0.1048707515,-0.1256492251,-0.2759449421,0.1081188203,-0.0401708068,0.1028415040,0.0097417854,0.0391045492,0.1545500554,-0.5742873498,-0.6643251813,-0.6435995095,0.3083619672,0.0967531617,0.1796057566,-0.1806768812,0.1414140557,-0.6544415709,0.2381593295,0.1610677886,-0.1802813515
-1.3263966040,2.3910758702,0.8957384720,-0.0261024233,-0.0350018812,-0.6955257319,0.7171732622,0.0747982432,0.1297739353,0.2017958513,0.1102164237,0.0358225635,-0.1504424263,0.1027495473,-0.1255450150,-0.2711093947,0.1081073899,-0.0388172469,0.1032506627,0.0121801344,0.0402625318,0.1531972919,-0.5803773311,-0.6544909610,-0.6406454361,0.3105381663,0.0933681099,0.1774207682,-0.1804936397,0.1458577536,-0.6582818208,0.2391444456,0.1610217042,-0.1819464089
-1.3259192732,2.3919416419,0.8957358577,-0.0266857588,-0.0346617213,-0.6969632083,0.7157714171,0.0751591999,0.1303054489,0.2054056507,0.1104409270,0.0351540720,-0.1498607811,0.1010475796,-0.1251204477,-0.2669507335,0.1081421163,-0.0376094072,0.1035476009,0.0145298923,0.0423120847,0.1515321476,-0.5863118598,-0.6434569586,-0.6383869742,0.3129139087,0.0892757480,0.1764247681,-0.1795524883,0.1508003511,-0.6593096680,0.2394552641,0.1619610744,-0.1822477028
-1.3256202470,2.3927981926,0.8957159989,-0.0274100059,-0.0344759401,-0.6981760074,0.7145700552,0.0757525348,0.1310697914,0.2085696966,0.1106898009,0.0344310031,-0.1492635999,0.0998514758,-0.1244647461,-0.2635231262,0.1082571049,-0.0365534554,0.1037335805,0.0173098341,0.0449375934,0.1493265981,-0.5915161166,-0.6322608672,-0.6368793651,0.3148137643,0.0849042897,0.1770733122,-0.1784629144,0.1562465774,-0.6579526583,0.2396094620,0.1637098961,-0.1815215502
-1.3254999075,2.3936855135,0.8956748843,-0.0281613036,-0.0344437040,-0.6989237175,0.7138110460,0.0762348493,0.1319439832,0.2108874105,0.1109064240,0.0337848592,-0.1486836240,0.0991309297,-0.1237459065,-0.2609560610,0.1084613353,-0.0356678678,0.1037918791,0.0196199415,0.0480755173,0.1468761627,-0.5965965555,-0.6214307656,-0.6366509975,0.3160197317,0.0804531516,0.1792451070,-0.1772080799,0.1614713631,-0.6542019008,0.2395054970,0.1664310673,-0.1797938971
-1.3255241105,2.3946451906,0.8956240223,-0.0288363583,-0.0344879921,-0.6992825116,0.7134304534,0.0763667776,0.1328309436,0.2122257306,0.1110926262,0.0333307388,-0.1481496623,0.0985877946,-0.1229586439,-0.2592684875,0.1086999104,-0.0349402247,0.1037224168,0.0216117087,0.0514685601,0.1442530679,-0.6015680165,-0.6112790995,-0.6378166912,0.3165733104,0.0759366471,0.1823575071,-0.1758581360,0.1664237125,-0.6487064909,0.2388105765,0.1693691329,-0.1774525034
-1.3256521002,2.3956810562,0.8955766436,-0.0293616295,-0.0345411016,-0.6993503385,0.7133399688,0.0760162761,0.1336485256,0.2127647076,0.1112423604,0.0331514174,-0.1476410750,0.0979913495,-0.1221529104,-0.2582522246,0.1089228759,-0.0343517628,0.1035574171,0.0228563934,0.0549496119,0.1418223356,-0.6069559527,-0.6021309882,-0.6400669645,0.3167096100,0.0714285973,0.1861382074,-0.1746526533,0.1712148640,-0.6416319530,0.2373138828,0.1724746623,-0.1747567230
-1.3258265907,2.3967897247,0.8955331091,-0.0296256576,-0.0345952811,-0.6990466376,0.7136240504,0.0750238037,0.1342105511,0.2125658741,0.1112769367,0.0332708113,-0.1471306494,0.0973024485,-0.1215329247,-0.2580345002,0.1090559027,-0.0339865981,0.1033572864,0.0239502736,0.0580045599,0.1394566489,-0.6108046645,-0.5946178274,-0.6427113355,0.3162518401,0.0673609312,0.1902302904,-0.1735826186,0.1752288026,-0.6331921429,0.2349195182,0.1759127438,-0.1717571609
-1.3259880642,2.3979377668,0.8955073769,-0.0296131385,-0.0346881460,-0.6984303985,0.7142231955,0.0734849298,0.1343658845,0.2118073089,0.1112070380,0.0336986521,-0.1466224543,0.0965681983,-0.1213354538,-0.2585204799,0.1090668071,-0.0338580925,0.1031398032,0.0246722412,0.0604241758,0.1370938190,-0.6131878260,-0.5888939787,-0.6450780333,0.3152324921,0.0642342710,0.1943262020,-0.1726905491,0.1784378385,-0.6240408420,0.2323202302,0.1796857572,-0.1681905069
-1.3261421048,2.3990608855,0.8954873600,-0.0294884865,-0.0348879181,-0.6975141603,0.7151134585,0.0717507811,0.1342255761,0.2102572163,0.1111098682,0.0343162058,-0.1460952366,0.0960681617,-0.1214142577,-0.2597589260,0.1090847238,-0.0339651562,0.1029272209,0.0247309267,0.0625893648,0.1350177159,-0.6161335893,-0.5844916528,-0.6472065601,0.3138322745,0.0616731340,0.1983632875,-0.1722952707,0.1818168506,-0.6151403523,0.2302369547,0.1831455825,-0.1644375234
-1.3263539202,2.4001373716,0.8954629466,-0.0294224067,-0.0352404881,-0.6963120994,0.7162694257,0.0700943067,0.1340331371,0.2076876643,0.1110843111,0.0350454571,-0.1456105342,0.0960366943,-0.1215355504,-0.2617049605,0.1092148888,-0.0342708969,0.1026845754,0.0241315791,0.0642536522,0.1333644903,-0.6193926598,-0.5812629589,-0.6494571533,0.3122118536,0.0596704214,0.2022563645,-0.1721854424,0.1850724609,-0.6069787149,0.2285441111,0.1859350427,-0.1610008327
-1.3265964064,2.4011271650,0.8954311408,-0.0296467842,-0.0357571670,-0.6949779843,0.7175291593,0.0688909637,0.1340791201,0.2044685146,0.1113323241,0.0357880691,-0.1452088745,0.0966851210,-0.1214772892,-0.2642248441,0.1095210852,-0.0346745557,0.1024095901,0.0231249717,0.0654156914,0.1321863166,-0.6225353919,-0.5790408111,-0.6510245717,0.3106701926,0.0580477819,0.2059702098,-0.1718972284,0.1878569772,-0.5999199956,0.2268198474,0.1880219953,-0.1579260983
-1.3267578539,2.4020858567,0.8953797870,-0.0298976323,-0.0364224561,-0.6935322779,0.7188828248,0.0677281744,0.1339072775,0.2008718778,0.1118419148,0.0365234870,-0.1449051965,0.0976119530,-0.1217241302,-0.2673832709,0.1099507884,-0.0349806308,0.1021315334,0.0216992300,0.0659710081,0.1315564052,-0.6262103173,-0.5777808710,-0.6521040504,0.3093099179,0.0571713221,0.2092873017,-0.1719408138,0.1903523602,-0.5942897239,0.2248383582,0.1892699219,-0.1553846890
-1.3267401427,2.4030407322,0.8953511825,-0.0300556158,-0.0371934207,-0.6921416236,0.7201758690,0.0665865027,0.1332655866,0.1974571205,0.1124550910,0.0372238470,-0.1446914115,0.0985386356,-0.1224863181,-0.2706489038,0.1103600529,-0.0350552105,0.1019213878,0.0201641089,0.0659682597,0.1313069538,-0.6300001811,-0.5772625933,-0.6529204416,0.3081359086,0.0569129592,0.2118800148,-0.1724969213,0.1922009009,-0.5899963855,0.2226762750,0.1898419018,-0.1534699171
-1.3265447891,2.4038597348,0.8953585430,-0.0301914100,-0.0381216951,-0.6912211409,0.7210052355,0.0661101161,0.1321237999,0.1945869894,0.1131250628,0.0377085002,-0.1448676455,0.0995071192,-0.1238043914,-0.2730698508,0.1107169394,-0.0349063438,0.1018524381,0.0190426799,0.0655985528,0.1312614375,-0.6333720799,-0.5772290898,-0.6536418756,0.3071438998,0.0569968067,0.2129660371,-0.1732809341,0.1925061919,-0.5867226511,0.2211768802,0.1898185646,-0.1522223077
-1.3261992172,2.4044921236,0.8953690788,-0.0303235652,-0.0392535816,-0.6906360198,0.7214994982,0.0663160780,0.1303799636,0.1923782360,0.1137718846,0.0382115072,-0.1445573264,0.1007523718,-0.1256642953,-0.2749188421,0.1110559502,-0.0346687115,0.1019637277,0.0186519947,0.0649227946,0.1312650886,-0.6361203811,-0.5777494860,-0.6544282253,0.3062486939,0.0574625405,0.2125567263,-0.1741027168,0.1915445848,-0.5840442930,0.2204615109,0.1895659117,-0.1513955439
-1.3257070610,2.4050091452,0.8953717506,-0.0303804242,-0.0404815711,-0.6902463667,0.7218020681,0.0669423194,0.1281338485,0.1907335258,0.1141977019,0.0387201464,-0.1436492275,0.1021147859,-0.1279461161,-0.2764996658,0.1112916112,-0.0344363286,0.1022434110,0.0191708260,0.0640014916,0.1313248635,-0.6381412850,-0.5787858728,-0.6554152787,0.3053409696,0.0581211538,0.2107167511,-0.1749441332,0.1903291853,-0.5820680119,0.2200545991,0.1893262135,-0.1509263630
-1.3251977806,2.4054861380,0.8953772625,-0.0302559671,-0.0415997342,-0.6899800209,0.7219983444,0.0675475519,0.1257181320,0.1894531381,0.1142448113,0.0391994698,-0.1426092801,0.1031912150,-0.1303294911,-0.2778300921,0.1113358347,-0.0342547149,0.1026103298,0.0195718528,0.0628498728,0.1317358546,-0.6406939833,-0.5802708551,-0.6561915271,0.3044806484,0.0589484820,0.2075294998,-0.1759322801,0.1900289777,-0.5812379410,0.2202983442,0.1890053022,-0.1508080778
-1.3247026058,2.4060256517,0.8953763955,-0.0298504222,-0.0424681502,-0.6897602605,0.7221746268,0.0675907002,0.1232171155,0.1882883881,0.1139858034,0.0397357223,-0.1415771050,0.1035939055,-0.1327615819,-0.2787432408,0.1111999771,-0.0341045160,0.1030877072,0.0192618692,0.0611046802,0.1325010505,-0.6436427611,-0.5820860443,-0.6563194855,0.3034984738,0.0597974180,0.2024307750,-0.1766232441,0.1900469738,-0.5821757787,0.2207971064,0.1879299718,-0.1511938968
-1.3242066803,2.4066397020,0.8953543238,-0.0293533154,-0.0432510007,-0.6894878697,0.7224086180,0.0672156692,0.1207253265,0.1872863735,0.1138138837,0.0403508470,-0.1405581734,0.1036648855,-0.1352441088,-0.2790074140,0.1111403958,-0.0339987049,0.1037718874,0.0182184631,0.0587876402,0.1335201686,-0.6462027798,-0.5839962830,-0.6556554619,0.3023488398,0.0604732483,0.1959838957,-0.1768482758,0.1900836867,-0.5844899241,0.2213638705,0.1862010281,-0.1518332865
-1.3234849185,2.4072872602,0.8953004495,-0.0287957785,-0.0442552400,-0.6890582085,0.7227800926,0.0667026381,0.1176518530,0.1862573760,0.1140221259,0.0410277876,-0.1394432561,0.1039211505,-0.1384113772,-0.2791893608,0.1112818522,-0.0339038544,0.1047303589,0.0170951690,0.0558850865,0.1347244202,-0.6478789788,-0.5858229722,-0.6546950174,0.3012857602,0.0613208079,0.1895631218,-0.1770971069,0.1914699559,-0.5875716717,0.2218822614,0.1843179789,-0.1527449385
-1.3223357460,2.4078903465,0.8952338088,-0.0283413809,-0.0455001438,-0.6882128053,0.7235258376,0.0661273746,0.1140395323,0.1843470952,0.1147617356,0.0417924959,-0.1381164711,0.1049153096,-0.1421114337,-0.2799025501,0.1115277923,-0.0338177401,0.1060112126,0.0171221846,0.0525889873,0.1360048409,-0.6495869299,-0.5873747015,-0.6539108154,0.3006164504,0.0624814999,0.1837518444,-0.1772359265,0.1924360558,-0.5907777967,0.2218357185,0.1825464897,-0.1540673159
-1.3206793494,2.4084311747,0.8950904838,-0.0279456654,-0.0466329352,-0.6870585178,0.7245653885,0.0649458424,0.1102256734,0.1822613530,0.1163245582,0.0427061834,-0.1363735976,0.1062346571,-0.1460066510,-0.2806201184,0.1116288529,-0.0336499583,0.1077645028,0.0175291886,0.0487397105,0.1370514156,-0.6512988569,-0.5884246831,-0.6534524030,0.3004634858,0.0634939203,0.1785767867,-0.1775221943,0.1925329769,-0.5935471753,0.2216345866,0.1811599048,-0.1553775463
-1.3187813162,2.4087408519,0.8949505047,-0.0275628998,-0.0479771849,-0.6857140453,0.7257649236,0.0640332361,0.1059575939,0.1797916429,0.1182608721,0.0436262590,-0.1344118875,0.1082630890,-0.1504085472,-0.2824119410,0.1117589166,-0.0335917681,0.1098966247,0.0173337922,0.0458734868,0.1369419162,-0.6524533282,-0.5891511878,-0.6528627584,0.3008076252,0.0640803132,0.1760538999,-0.1786427734,0.1956187945,-0.5959427653,0.2217223891,0.1800766028,-0.1563595412
-1.3168599153,2.4089118670,0.8946940485,-0.0274008542,-0.0490327999,-0.6847498191,0.7266103928,0.0639575622,0.1023265932,0.1779040464,0.1195203360,0.0433059230,-0.1324063044,0.1102555202,-0.1542027582,-0.2850356566,0.1117343179,-0.0339098157,0.1121148344,0.0210402357,0.0426394333,0.1358679056,-0.6513722919,-0.5903358389,-0.6523455153,0.3013115149,0.0649099531,0.1772533224,-0.1818948153,0.2075429272,-0.5984468402,0.2208652383,0.1788538592,-0.1578259399
-1.3150469468,2.4084803705,0.8946954305,-0.0257013120,-0.0466334001,-0.6852472471,0.7263614658,0.0603075586,0.1008851133,0.1775942518,0.1181302530,0.0423018029,-0.1308897639,0.1062096303,-0.1554181524,-0.2868477102,0.1097893400,-0.0332338374,0.1138074958,0.0295659061,0.0399007949,0.1328418854,-0.6463424218,-0.5931815986,-0.6515933083,0.3013563784,0.0669821262,0.1822365514,-0.1845422461,0.2282058201,-0.5999179152,0.2158999887,0.1774452272,-0.1603352583
-1.3130814460,2.4063392666,0.8949168149,-0.0178836174,-0.0338943142,-0.6854387979,0.7271210395,0.0397144487,0.1041698227,0.1770348858,0.1108940779,0.0419033813,-0.1295972146,0.0854389380,-0.1502150359,-0.2908641806,0.1021877795,-0.0311128586,0.1148665190,0.0548235224,0.0362802903,0.1241326728,-0.6287613782,-0.6014436800,-0.6512988409,0.3007957498,0.0729438436,0.1961207601,-0.1826578910,0.2450058670,-0.5872323222,0.1925780289,0.1805435083,-0.1696840253
-1.3081472114,2.4014122147,0.8951982862,-0.0052665199,-0.0168266998,-0.6858913814,0.7274903016,0.0216008948,0.1011382758,0.1835625480,0.0903131923,0.0177112056,-0.1252704619,0.0671958172,-0.1490633883,-0.3028385743,0.0795025124,-0.0403882421,0.1332385645,0.1239508942,0.1036988777,0.0889823255,-0.5731527113,-0.6555627766,-0.6885972527,0.2953786209,0.1033326382,0.2463587533,-0.1394607967,0.2102377891,-0.4791631684,-0.0160344304,0.2182841081,-0.3133401517
-1.2993874197,2.3984038858,0.8948330050,0.0204459733,0.0202499099,-0.6816834253,0.7310811247,-0.0627296756,0.1044617100,0.1754358536,0.0884759462,0.0285317704,-0.1205929953,-0.0132121798,-0.1454492942,-0.3118460111,0.0772029587,-0.0200293460,0.1336499007,0.1845363333,0.0816845058,0.0988233714,-0.5722284402,-0.6892075978,-0.6929173985,0.2861499099,0.1248280884,0.2360030312,-0.1332449654,0.2289924292,-0.4772970082,-0.0421533587,0.2152549716,-0.3180316876
-1.2873608328,2.4013186571,0.8915818445,0.0623086958,0.0978002942,-0.6641123982,0.7385847625,-0.3649354973,0.1465143442,0.1219729537,0.2791601559,-0.0252312361,-0.1085059872,-0.2544353861,-0.1337023581,-0.3050684039,0.1917203625,-0.0235339162,0.1729433415,0.2241584981,-0.1398599772,0.2001977030,-0.5957591127,-0.7517219465,-0.6066541604,0.2299774194,0.1919243715,-0.0231576430,-0.2314687868,0.3443100682,-0.4707967661,0.0937361578,0.1415665260,-0.1224361512
-1.2673789872,2.3916549358,0.8848962662,0.0789280073,0.1277915438,-0.6406108939,0.7530321199,-0.5346413050,0.1341648500,0.1248469439,0.4481017396,0.0505341511,-0.1012517429,-0.3205614693,-0.1685037309,-0.2930327642,0.2421714187,-0.0230921553,0.2265016793,0.2157327957,-0.1479682050,0.2269527286,-0.6230167453,-0.6893436984,-0.5211552085,0.2566083738,0.2861233498,-0.1608423484,-0.3649127935,0.5425194747,-0.5289219587,0.1579003223,0.0888731499,-0.0103529989
-1.2452491962,2.3779983819,0.8791563087,0.1005663154,0.1482697550,-0.6181470846,0.7653735544,-0.7356285154,0.1048839397,0.1549758861,0.6816278683,0.1242341058,-0.0962779566,-0.3668036754,-0.2186271913,-0.2870473439,0.2737267927,-0.0435486026,0.2786832150,0.1547075472,-0.1471205776,0.2628207809,-0.6449048032,-0.6053938706,-0.4027110082,0.2759932677,0.3690291504,-0.3958405993,-0.5085559071,0.6598754505,-0.5671773605,0.1254792072,0.1072151260,-0.0200398542
-1.2200918197,2.3625860288,0.8717897295,0.1255442060,0.1676459659,-0.6059815704,0.7674111146,-0.9615540221,0.0875009639,0.2277186416,0.9406516324,0.0856816781,-0.0617185148,-0.4157984070,-0.2741947005,-0.3340103748,0.2918299257,-0.0651617020,0.3137623916,0.1030943401,-0.1645979959,0.3148820787,-0.7392026288,-0.5236307620,-0.3153647732,0.2817954479,0.3452870851,-0.7226993955,-0.6140832766,0.8398622835,-0.5699302470,0.0786415928,0.1544739060,-0.1782349932
-1.1925192369,2.3455490525,0.8595657799,0.1499112735,0.1903238490,-0.6020901171,0.7607831054,-1.1951745485,0.1000879513,0.3089528429,1.1718010749,0.0536691840,-0.0471461608,-0.4650995822,-0.3220350239,-0.3701361836,0.2949100957,-0.1022075261,0.3483865760,0.0878703322,-0.1789361762,0.3690082905,-0.8150400851,-0.4603879631,-0.4265468175,0.2635371103,0.2777979985,-1.0698962313,-0.6595973131,1.0196900438,-0.5625793056,0.0576826987,0.1673714125,-0.3234586514
-1.1638098258,2.3220663262,0.8509654912,0.1705964716,0.2194544289,-0.6034546564,0.7473814790,-1.3326090086,0.1148664631,0.3535174876,1.2096401545,0.0581645613,-0.0534982396,-0.4994837622,-0.3302497640,-0.3768684978,0.2608950019,-0.1014639992,0.3522837539,0.0863332754,-0.1508384891,0.4185252293,-0.8736504826,-0.4404379228,-0.4841146350,0.2667228157,0.2811407666,-1.1907796402,-0.6621704120,1.0062009304,-0.5980923983,0.0740915406,0.1571155972,-0.3747017746
-1.1356235183,2.3026283070,0.8280557343,0.2111540036,0.2648430876,-0.5859847317,0.7361345121,-1.7031974738,0.1325356704,0.3435573836,1.4672587853,0.0139535756,-0.0538727633,-0.5820878226,-0.3734786840,-0.4524034684,0.2624553990,-0.2079788993,0.4332424682,0.0167168465,-0.2707515357,0.5654065259,-0.9832143373,-0.4130703323,-0.8054636095,0.2099644489,0.2494835847,-1.6509302736,-0.6280547120,1.1256526145,-0.6620884411,0.1158406520,0.1803540507,-0.4168232847
-1.1031837094,2.2733409599,0.8212717886,0.2280414747,0.3014160231,-0.5828848682,0.7192987538,-1.8240388087,0.1724618172,0.3294536559,1.4399591977,0.0056826802,-0.0560724874,-0.6111086809,-0.3616507540,-0.4626462960,0.2316152623,-0.1962172080,0.4369808558,0.0151120013,-0.2719296429,0.6235197620,-1.0301588380,-0.4029853378,-0.8459335115,0.2147677693,0.2555618092,-1.7325587334,-0.5947720916,1.0762564029,-0.7070450929,0.0997326243,0.1603957764,-0.4437996289
-1.0668140699,2.2414997929,0.8074911783,0.1870492779,0.2524033583,-0.6196351470,0.7192756057,-1.6942484222,0.2468016475,0.2967931602,1.3849130328,-0.0036365462,-0.0513723241,-0.4597666496,-0.3949564670,-0.4368241030,0.2623012092,-0.1636885545,0.4475637919,0.0387930190,-0.2530946108,0.6952822242,-1.0848103546,-0.3811592411,-0.8722421454,0.2276821199,0.2544095512,-1.7528005466,-0.5325206319,1.0646064361,-0.7798526674,0.0786226075,0.1305384853,-0.4733709315
-1.0342718504,2.2004597390,0.8033235760,0.1887731315,0.2696732490,-0.6167521679,0.7150229415,-1.7155723214,0.3156208176,0.2677680693,1.3304407063,-0.0131879904,-0.0495274810,-0.4190475131,-0.3969750530,-0.4125907744,0.2471965779,-0.1248877003,0.4544811191,0.0498380210,-0.2540399266,0.7412548837,-1.0904418465,-0.3641113937,-0.8654388016,0.2425578096,0.2515194513,-1.7291643996,-0.4851779965,1.0536389016,-0.8362540040,0.0654010433,0.1046461262,-0.4967576874
-0.9941445510,2.1491036383,0.7908641081,0.1756616228,0.2645671027,-0.6168395761,0.7201778806,-1.6395550187,0.3669265377,0.2582689852,1.2694104934,-0.0132734281,-0.0559007844,-0.2871189146,-0.4198878129,-0.3825727969,0.2497487104,-0.0746378347,0.4120281307,0.0714274541,-0.2378412678,0.7717289536,-1.1103855316,-0.3574072885,-0.8446312740,0.2506887699,0.2462498441,-1.6097533974,-0.4547975981,1.0450690258,-0.8853933445,0.0574515353,0.0803081163,-0.5074622092
-0.9534989040,2.1037583624,0.7790165528,0.1707748646,0.2707355222,-0.5979112966,0.7348743458,-1.4497925728,0.3291325402,0.3516402951,0.9138660261,-0.0075229923,-0.0390227220,-0.0707270039,-0.3839438901,-0.5131596317,0.0985497409,0.0703320291,0.1864225238,-0.0351696855,-0.3215616559,0.8634873576,-1.1291357913,-0.4109519864,-0.5470973599,0.3173934162,0.2574409456,-1.1138895810,-0.3670289511,0.7003944077,-1.2575368341,0.1551427555,-0.0784752109,-0.6322206468
-0.9103086453,2.0588570142,0.7457048347,0.1836385774,0.2912759787,-0.5719992703,0.7444810353,-1.3941186892,0.2524047052,0.3941282441,0.6518224613,0.0439552047,0.0311617843,0.0270586935,-0.3799619732,-0.6060286031,0.1051500846,0.1378468760,0.1398711067,-0.0918780730,-0.5379464261,0.8818296402,-1.1322714667,-0.4844416389,-0.3089014003,0.3513514762,0.3616094037,-0.9644813934,-0.3058175849,0.5898575254,-1.4735227168,0.3008399734,-0.1616422423,-0.7208868896
-0.8677161206,2.0162831444,0.7157075774,0.2014680358,0.3038374994,-0.5486554817,0.7523766124,-1.4723283085,0.2261699398,0.4565928480,0.8310482393,-0.0067251460,0.1681615137,0.1046236574,-0.3763369236,-0.5549546932,0.1168639228,0.1977776545,0.1059402368,-0.0823844854,-0.8118170967,0.7868100280,-1.1392752390,-0.5457869448,-0.1694583713,0.3271563219,0.5009834316,-0.9028714177,-0.2620060140,0.5926246842,-1.5101247559,0.4308239041,-0.1805176638,-0.7924666789
-0.8252285405,1.9762636213,0.6823537090,0.2236751507,0.3117526614,-0.5312010214,0.7553841274,-1.5633126943,0.2116063656,0.4646446596,1.0681858003,-0.1494529128,0.1574414200,0.1551182943,-0.3810222453,-0.4292921691,0.1174464134,0.2625601397,0.1522014109,-0.0373911504,-1.0103458996,0.6201637472,-1.0843946724,-0.5795598284,-0.1063370280,0.2579062838,0.6098732170,-0.9363486992,-0.2372579333,0.7815943727,-1.3376295370,0.5068290574,-0.0695398321,-0.8068149846
-0.7800494615,1.9333825134,0.6510768093,0.2536554989,0.3348377105,-0.5154276110,0.7469116235,-1.6643670692,0.2099635517,0.4988375904,1.2882795611,-0.2858233310,0.1673999183,0.1385148563,-0.3789019949,-0.2855641937,0.1099542625,0.2787438408,0.1597315331,-0.0221373045,-1.1544739635,0.5072719649,-1.1784554620,-0.5532660569,-0.0796073329,0.2245777044,0.6737077767,-1.0861778217,-0.1757550507,1.0393948281,-1.0541720362,0.3927350234,0.0797272928,-0.7518670825
-0.7336899549,1.8889860220,0.6206969218,0.2778529951,0.3609454852,-0.5006230915,0.7361335409,-1.7626381978,0.2101697201,0.5083171984,1.4982842088,-0.3418944039,0.1519050570,0.0959890127,-0.3570787712,-0.1487890840,0.0993226382,0.2524410236,0.1932659041,0.0060739511,-1.2635572471,0.4086474961,-1.2656394725,-0.4933983549,-0.1091068309,0.2435660698,0.6426458095,-1.2581526752,-0.1151367245,1.2838793703,-0.7634374016,0.2493946564,0.1956540662,-0.6971332261
-0.6850876978,1.8389769713,0.5896009465,0.2998333595,0.3854029512,-0.4845222805,0.7258117397,-1.8364209991,0.1885969563,0.5056232707,1.6837184117,-0.3589788135,0.1320521029,0.0485245011,-0.3238988059,-0.0767101265,0.0867450371,0.1841224989,0.2624034182,0.0203892213,-1.2980075362,0.3174992035,-1.2172575314,-0.4162455099,-0.1489740669,0.2831552999,0.5628162648,-1.3428784649,-0.0572959101,1.5275563221,-0.5503326763,0.1689186569,0.2766941893,-0.5869179721
-0.6296494324,1.7779396087,0.5568946510,0.3020120695,0.4146927624,-0.4763271806,0.7140945594,-1.8569914580,0.1762539842,0.4834588171,1.8510626306,-0.3733222285,0.1153131555,0.0155541257,-0.2727198610,-0.1609858200,0.0950634907,0.3110361937,0.2660867892,0.0225492805,-1.2804006070,0.2708755778,-1.1923139498,-0.3787767272,-0.1475187037,0.3065258888,0.6577738875,-1.2952691477,-0.0453837391,1.4682292151,-0.5377516913,0.2307615926,0.3165863834,-0.8858904628
-0.5768816946,1.7205990358,0.5194952277,0.2654613863,0.4384901678,-0.4849035839,0.7086078884,-1.8306909629,0.2203989658,0.4374787863,2.0234498546,-0.3287503692,0.1334797637,0.0384578486,-0.1885899510,-0.1615145792,0.0980567895,0.2185386192,0.3083739655,0.0456848443,-1.1313066386,0.3162630294,-0.9479224095,-0.5114627549,-0.2687236203,0.3084370863,0.8469356131,-1.0936393304,-0.1382924984,1.2012267590,-0.7473104583,0.3452750693,0.2409432317,-0.9609787828
-0.5230883634,1.6687141994,0.4859840429,0.2180112256,0.4528093381,-0.4997525676,0.7054659312,-1.7767413829,0.2353199434,0.4112976643,2.1318615646,-0.2975187421,0.1481239324,0.0336838401,-0.1295216178,-0.1871335770,0.1489376730,0.2988371888,0.2883474421,0.0755838724,-1.0979312890,0.3476009152,-0.9483287712,-0.5442807491,-0.2940127181,0.3024968464,0.8659454374,-1.0471086544,-0.1555127771,1.1895267634,-0.7710639461,0.3550204783,0.2352033918,-0.9711988759
-0.4740032252,1.6220347491,0.4627159353,0.1931907403,0.4536103826,-0.5177260293,0.6991957646,-1.7244931110,0.2629602908,0.4038189918,2.2468047806,-0.2475401863,0.1513249205,0.0408785677,-0.1283909459,-0.2089843035,0.1821277055,0.3654032750,0.2693516897,0.1237167817,-1.0302554541,0.3712145281,-0.9182137724,-0.5832974096,-0.3221450834,0.2948587433,0.8841101818,-0.9700471191,-0.1755409736,1.1655982601,-0.7903576270,0.3614807603,0.2288674359,-0.9828919942
-0.4276413931,1.5797642937,0.4457668865,0.1874650238,0.4512193867,-0.5242184616,0.6974617799,-1.6906453960,0.2754930042,0.4001644764,2.3409344342,-0.1919659368,0.1455394480,0.0407248859,-0.1468774217,-0.2368629633,0.2053430825,0.4282591094,0.2493593404,0.1587506540,-0.9402635071,0.3758389405,-0.8686642850,-0.6302850661,-0.3534755744,0.2857558285,0.9042574606,-0.8797625151,-0.2065009518,1.1386254247,-0.8043516278,0.3684563966,0.2239865167,-0.9971731394
-0.3828647889,1.5431434250,0.4282581962,0.1744453837,0.4458115194,-0.5341035873,0.6968172324,-1.6482105774,0.2681123909,0.3771244417,2.3954560242,-0.1410394630,0.1310047529,0.0426714023,-0.1675931822,-0.2625507411,0.2334740163,0.4796377990,0.2334008569,0.1922332435,-0.8363430568,0.3674281392,-0.8030856824,-0.6774666404,-0.3886099831,0.2778193033,0.9253283247,-0.7855262483,-0.2371237619,1.1059404159,-0.8143271724,0.3749434463,0.2200868237,-1.0125918000
-0.3400851385,1.5131157552,0.4186835104,0.1499221957,0.4394366801,-0.5466304522,0.6968600205,-1.6015473584,0.2351791475,0.3233707082,2.4106988248,-0.0992903400,0.1172349378,0.0292921084,-0.1832337366,-0.2922157597,0.2780078285,0.5059350809,0.2277875059,0.2243011413,-0.7129714148,0.3516838777,-0.7435526927,-0.7193951722,-0.4297023560,0.2731932093,0.9470223262,-0.6872752794,-0.2534349161,1.0803469680,-0.8196129869,0.3798650219,0.2158873903,-1.0277493915
-0.2983506166,1.4832485653,0.4253688490,0.1340592331,0.4387702551,-0.5552818661,0.6936647854,-1.5279312838,0.1883968973,0.2563504463,2.3641591500,-0.0832997996,0.0930521528,-0.0436082564,-0.2048978730,-0.3125950477,0.3428059010,0.5061370648,0.2169810760,0.2534031216,-0.5894199536,0.3278077607,-0.6936781140,-0.7567845932,-0.4757254717,0.2727973337,0.9707724812,-0.5993418703,-0.2589847610,1.0680845758,-0.8177999335,0.3822898709,0.2132332964,-1.0404091369
-0.2579179310,1.4559421407,0.4420941596,0.1057536184,0.4477405694,-0.5584605519,0.6902654320,-1.4194798331,0.1353525480,0.1799478388,2.2587726123,-0.0822157247,0.0526823891,-0.1670094163,-0.1981758989,-0.3283207501,0.4305680340,0.5059089529,0.1955939134,0.2840105075,-0.4982124909,0.3139534875,-0.6623250949,-0.7841212099,-0.5202212956,0.2776591863,0.9934515895,-0.5400382975,-0.2401922192,1.0613835073,-0.8092591296,0.3773357283,0.2117247463,-1.0467370543
-0.2195782068,1.4330382731,0.4620092050,0.0652902889,0.4583120197,-0.5571953847,0.6893624403,-1.3046074476,0.1010425495,0.0919134728,2.1399069891,-0.0868043235,0.0046898393,-0.3169772571,-0.1666011822,-0.3499741410,0.5326378072,0.4770931944,0.1692828980,0.3211478021,-0.4397576886,0.3194275439,-0.6674385238,-0.8000813786,-0.5577530727,0.2856960344,1.0122602166,-0.5069358058,-0.2133281488,1.0976537079,-0.7965829425,0.3667154388,0.2092915789,-1.0438583569
-0.1900877142,1.4181502928,0.4808863601,0.0138861420,0.4623438305,-0.5525659363,0.6933370346,-1.1920203504,0.0925114578,-0.0012264829,2.0415841975,-0.0945749673,-0.0413345194,-0.4815720490,-0.1162981343,-0.3844259524,0.6517764120,0.4191709176,0.1516926396,0.3529534256,-0.3996854904,0.3476014552,-0.7024587251,-0.8061874849,-0.5873115454,0.2946915404,1.0259189232,-0.4893540415,-0.1958591756,1.1683686645,-0.7868268208,0.3553739557,0.2048540726,-1.0321168139
-0.1734861409,1.4092580692,0.5023506624,-0.0349084309,0.4617146214,-0.5478905191,0.6967187302,-1.0868995344,0.1043538965,-0.0876258656,1.9586530303,-0.1028657335,-0.0841237239,-0.6905749054,-0.0538998440,-0.4325226587,0.7823827165,0.3409474219,0.1506924971,0.3721801280,-0.3679261567,0.3878111100,-0.7490273353,-0.8054389045,-0.6122680485,0.3044796286,1.0357900287,-0.4801120703,-0.1951115051,1.2545589642,-0.7815212719,0.3469891397,0.1992064379,-1.0099743904
-0.1714371272,1.4048683302,0.5233423974,-0.0827865100,0.4525822583,-0.5469114697,0.6994308668,-0.9830299329,0.1380610688,-0.1517274953,1.8964884171,-0.1108462842,-0.1312301943,-0.9376895277,0.0129016534,-0.5040364944,0.9238832648,0.2581225774,0.1560247518,0.3707456522,-0.3383266025,0.4340290905,-0.7925404167,-0.7972870232,-0.6330708882,0.3165383985,1.0429064037,-0.4885826133,-0.2089942463,1.3146310924,-0.7807890240,0.3475295536,0.1943547336,-0.9762645391
-0.1844685389,1.3951465280,0.5346896245,-0.1150540535,0.4346259359,-0.5437780974,0.7086383009,-0.8778263841,0.1796848169,-0.1860322212,1.8526472458,-0.1193525041,-0.1777189043,-1.2086105555,0.0572727608,-0.5880615011,1.0561486424,0.1723210164,0.1762637411,0.3681333115,-0.3069782249,0.4773678849,-0.8342542469,-0.7845903160,-0.6509755183,0.3296280676,1.0477265269,-0.5120416912,-0.2317205330,1.3614591439,-0.7942761447,0.3419579611,0.1803783336,-0.9388412197
-0.2052092502,1.3577797309,0.5057357926,-0.1236470874,0.4040805245,-0.5311666829,0.7343652242,-0.6156385812,0.1665073309,-0.2211866474,1.7543753128,-0.2603037812,-0.3852976329,-1.6968326601,-0.1197644904,-0.6291835125,1.6639547545,-0.1549135055,0.2068253968,0.3230931213,-0.1959190652,0.5476298713,-0.9571660053,-0.7430639070,-0.7277753106,0.4198215033,1.0731607492,-0.6481799742,-0.3730257302,1.5706543658,-0.9726219417,0.2001703125,0.0444945741,-0.6586160837
-0.2072662757,1.3310456196,0.5073652747,-0.1176648191,0.4013914790,-0.5036273379,0.7559096344,-0.5898471470,0.1786334431,-0.2424380550,1.7265595617,-0.2632625144,-0.3691484227,-1.8039925823,-0.1091723905,-0.6814653433,1.5113754103,-0.1653044362,0.2229459638,0.2690048211,-0.1979013972,0.5453858890,-0.9610868855,-0.7411043950,-0.7312365465,0.4255432612,1.0751897331,-0.7065778184,-0.4044850535,1.5450924456,-0.9765302836,0.2092488344,0.0473490194,-0.6537467250
-0.2069366760,1.3074028854,0.5213161099,-0.1146257538,0.4031378385,-0.4763985485,0.7729070078,-0.5650552169,0.1995165876,-0.2718645587,1.6759552321,-0.2570455418,-0.3403157562,-1.7995542293,-0.0775696749,-0.6867360237,1.4408459317,-0.1526516755,0.1394375340,0.2167384013,-0.1988280441,0.5413913011,-0.9640767152,-0.7326989546,-0.7344338596,0.4320055898,1.0754176734,-0.7729335021,-0.4271079347,1.5016590804,-0.9767305310,0.2196278140,0.0556568742,-0.6557653505
-0.2092453100,1.2829699412,0.5454333447,-0.1125448829,0.4095417568,-0.4482577662,0.7865584364,-0.5539709659,0.2366875860,-0.3007974123,1.6067371780,-0.2409912107,-0.3131032833,-1.7531184651,-0.0571608473,-0.6823521620,1.3908309540,-0.1570528924,0.0886480148,0.1778543858,-0.2070371533,0.5355530713,-0.9618193689,-0.7206915836,-0.7388752279,0.4381914143,1.0752925818,-0.8271494875,-0.4246489312,1.4341860608,-0.9765621935,0.2176959705,0.0641952742,-0.6640617009
-0.2081795530,1.2582554881,0.5763361795,-0.1052839594,0.4238761806,-0.4160577756,0.7975839760,-0.5604116921,0.2822952931,-0.3150199659,1.5049114912,-0.2161048255,-0.2902895759,-1.7107660311,-0.0532136435,-0.6881270409,1.3361333827,-0.1637131963,0.0536898389,0.1401049405,-0.2214387360,0.5332568534,-0.9684079288,-0.7076292638,-0.7438061867,0.4427497272,1.0735011352,-0.8683263822,-0.3978860511,1.3357981315,-0.9732444473,0.2088585562,0.0752176360,-0.6759245460
-0.2052411393,1.2358183421,0.6093702582,-0.0941373065,0.4387569474,-0.3835573011,0.8071643608,-0.5664546691,0.3264892649,-0.2989658417,1.3707032830,-0.1846542996,-0.2730021456,-1.6689335937,-0.0578737217,-0.6964867632,1.2744119580,-0.1734238264,0.0297451676,0.0997914910,-0.2348749757,0.5327494259,-0.9947107868,-0.6931805158,-0.7438172995,0.4443225283,1.0664423403,-0.8938176866,-0.3476077771,1.2321087724,-0.9693751395,0.2024111203,0.0877967199,-0.6914033694
-0.1984209227,1.2165887536,0.6440191294,-0.0784653454,0.4548728036,-0.3572817956,0.8119628321,-0.5682895605,0.3603054853,-0.2453745295,1.2139473161,-0.1448608549,-0.2574634711,-1.6309623199,-0.0625266204,-0.7022446520,1.2037419202,-0.1822610742,0.0127727581,0.0593533034,-0.2490500952,0.5310682512,-1.0375818870,-0.6773881724,-0.7355843818,0.4416392992,1.0520180780,-0.9014442400,-0.2723719384,1.1221375039,-0.9726471619,0.1966733857,0.0961543578,-0.7032556376
-0.1863950888,1.1991300764,0.6794033173,-0.0632174813,0.4722273763,-0.3367983301,0.8121402219,-0.5707163098,0.3834723057,-0.1701439355,1.0599112916,-0.0891811712,-0.2500683767,-1.5947937138,-0.0603363797,-0.7045303418,1.1244857561,-0.1876008576,0.0021096734,0.0260895856,-0.2615999370,0.5370632413,-1.0943214189,-0.6601087568,-0.7237052190,0.4391876590,1.0329905293,-0.8869859005,-0.1781154702,1.0215691642,-0.9870471262,0.1903627103,0.0945587195,-0.7068094048
-0.1666246314,1.1808342164,0.7148149801,-0.0488284776,0.4859301843,-0.3227089481,0.8107691228,-0.5764356948,0.3903020935,-0.0893796886,0.9393806162,-0.0037277983,-0.2480582220,-1.5489954365,-0.0480691119,-0.6959731421,1.0386601131,-0.1889047920,-0.0020564000,0.0023933516,-0.2750127604,0.5438333097,-1.1522328672,-0.6445823975,-0.7058430172,0.4361263052,1.0083966599,-0.8547916177,-0.0913887185,0.9627335515,-1.0045153815,0.1941172265,0.0887028236,-0.6993244742
-0.1400073396,1.1617357748,0.7497265257,-0.0346890602,0.4929186683,-0.3136327013,0.8108405418,-0.5847599558,0.3497567834,-0.0638346676,0.8540947529,0.1129123043,-0.2323425011,-1.4870987801,-0.0297585246,-0.6750008047,0.9465610661,-0.1856712585,-0.0004327273,-0.0077454189,-0.2988652104,0.5392538930,-1.1901684373,-0.6346253800,-0.6764993314,0.4265727696,0.9754480360,-0.8138252142,-0.0377221042,0.9476046329,-1.0119951951,0.2182604730,0.0897122985,-0.6850975680
-0.1109813715,1.1453368876,0.7831892378,-0.0237195915,0.4917051559,-0.3063361709,0.8147524600,-0.5988731141,0.2730956615,-0.0955332570,0.7888928403,0.1869099837,-0.2170120271,-1.4095236232,-0.0121826670,-0.6460636994,0.8516203615,-0.1777903185,0.0065475614,-0.0058457543,-0.3337657554,0.5201957730,-1.1907823474,-0.6292786481,-0.6266477326,0.4067289756,0.9264025510,-0.7588305093,-0.0179100831,0.9538268303,-1.0048055233,0.2469833794,0.0972784735,-0.6674743025
-0.0796375796,1.1268012167,0.8153900541,-0.0201381082,0.4853186127,-0.2986286027,0.8215115692,-0.6322943526,0.2295858157,-0.0852132455,0.7627481297,0.2292400148,-0.2221291464,-1.3156134038,0.0092601878,-0.6167752422,0.7567918347,-0.1647289086,0.0182570741,-0.0176727812,-0.3613931308,0.5073986960,-1.1794085207,-0.6049291301,-0.5799825120,0.3952685997,0.8580960005,-0.6776509004,-0.0163928102,0.9569415669,-0.9793000529,0.2605858982,0.1101859271,-0.6491858809
-0.0432680671,1.1073795679,0.8474077043,-0.0195618642,0.4754935432,-0.2970776526,0.8278092124,-0.6878572061,0.2284346599,-0.0353525118,0.7714319199,0.2538421373,-0.2288595051,-1.2103092449,0.0346517398,-0.5818093344,0.6618534114,-0.1452027149,0.0344466995,-0.0628419801,-0.3701045321,0.5103963184,-1.2032810534,-0.5715796664,-0.5637388652,0.3997130211,0.8065827424,-0.5764653884,-0.0270671474,0.9651270898,-0.9364889517,0.2603491867,0.1291742335,-0.6286142910
-0.0041875830,1.0899546973,0.8772839917,-0.0211887065,0.4607916816,-0.2993458773,0.8352329679,-0.7649019327,0.2491739965,-0.0195992615,0.7908372531,0.2556656061,-0.2051149665,-1.1007906166,0.0529444685,-0.5399670721,0.5762868055,-0.1133103092,0.0535324467,-0.0990037087,-0.3764345366,0.5018037431,-1.2178788776,-0.5562671627,-0.5505965914,0.3984378907,0.7708380580,-0.4632315711,-0.0564317065,0.9783523298,-0.8793209106,0.2517703906,0.1544586995,-0.6038154212
0.0364358203,1.0750782044,0.9009906212,-0.0209869538,0.4397443888,-0.3028509491,0.8452607425,-0.8588995350,0.2728662864,-0.0449730025,0.8023147686,0.2429876677,-0.1742750890,-0.9904636185,0.0487063178,-0.4783206753,0.5089055236,-0.0652197744,0.0734220820,-0.1062844648,-0.3915914452,0.4668864669,-1.1979443749,-0.5623286027,-0.5289389087,0.3859744057,0.7416448841,-0.3432181188,-0.1094739394,0.9960134069,-0.8120829761,0.2427201181,0.1842445518,-0.5737212119
0.0801733993,1.0618836421,0.9082062760,-0.0193187671,0.3831959161,-0.3065362858,0.8711045750,-0.9771724527,0.2275853448,-0.1683897387,0.9490462796,0.1321409532,-0.0690762629,-0.6606199571,0.0674863834,-0.2097329541,0.1713419908,0.1825747511,0.1782858847,-0.0923538790,-0.3320001260,0.3085324485,-1.1225183387,-0.5766045872,-0.4293689046,0.3247898734,0.5388231129,0.0409201177,-0.2725109549,1.0270115546,-0.5801577288,0.2217912621,0.2871428447,-0.3784014555
0.1197488265,1.0498742098,0.9111793851,-0.0131174494,0.3718789085,-0.3023915578,0.8775496315,-1.1050129308,0.2536325489,-0.2209599228,0.8513843091,0.1168981982,-0.0657689677,-0.6242592143,-0.0050018976,-0.1422644601,0.1943517081,0.2251521467,0.1677559985,-0.0826111141,-0.3646008552,0.2782939562,-1.1074653996,-0.5987583713,-0.4322384243,0.3160638404,0.5352909792,0.0913552945,-0.3052187777,1.0454136575,-0.5562052370,0.2228899172,0.2956604373,-0.3570638439
0.1643883708,1.0382432539,0.8986919066,-0.0151383197,0.3518504070,-0.2967779857,0.8876344684,-1.1941471165,0.2709815879,-0.2704660214,0.7200337016,0.0997916514,-0.0702568516,-0.5467002729,-0.0727000735,-0.0790452143,0.2402120386,0.2642819993,0.1418872469,-0.0910090902,-0.3911407918,0.2376410970,-1.0958358710,-0.6315882984,-0.4412911643,0.3038414994,0.5352361133,0.1757128667,-0.3451477623,1.0694557555,-0.5273628577,0.2223539845,0.3027748944,-0.3295540612
0.2168305707,1.0260579498,0.8719268825,-0.0212984511,0.3237538734,-0.2953081479,0.8986227814,-1.2252569576,0.2837297560,-0.2949866621,0.5905463354,0.0878441964,-0.0953695617,-0.4420692819,-0.1465968737,-0.0526213416,0.3064690440,0.2982611522,0.1147264625,-0.1157448116,-0.4069807137,0.1995755187,-1.0884422037,-0.6708561972,-0.4569891517,0.2900727988,0.5372539295,0.2703391522,-0.3868208327,1.0698358289,-0.4997686830,0.2168308004,0.3076825779,-0.3019041105
0.2641132199,1.0106789835,0.8533815958,-0.0213186321,0.2825650104,-0.2906568362,0.9139043355,-1.1361966501,0.2670359739,-0.2812909596,0.5665275714,0.0977659709,-0.1239836521,-0.3352583085,-0.2296615346,-0.0411726895,0.3888700094,0.3314522006,0.0774843325,-0.1585036226,-0.4133260703,0.1638107446,-1.0868767269,-0.7149439328,-0.4803361954,0.2751376006,0.5408902494,0.3713423315,-0.4302245682,1.0456790542,-0.4743472587,0.2039531614,0.3101757115,-0.2755830346
0.3131057897,0.9999722493,0.8389671848,-0.0324445290,0.2336926114,-0.2934540239,0.9264015607,-1.0031785859,0.2570196507,-0.2433730239,0.5940056850,0.0923910577,-0.1367342779,-0.2501166250,-0.2928853878,-0.0205894045,0.4860125578,0.3657881201,0.0310980070,-0.2043786275,-0.4083031494,0.1389874865,-1.0813795796,-0.7584610506,-0.5065773798,0.2598555792,0.5452802144,0.4761274578,-0.4750639793,1.0045699235,-0.4508820905,0.1874419501,0.3112961511,-0.2493054308
0.3650063893,0.9855113532,0.8352922576,-0.0348959203,0.1917759623,-0.2978894190,0.9344871048,-0.8642968114,0.2371726045,-0.1992861200,0.6203669805,0.0709693437,-0.1397083657,-0.2136243139,-0.3308503969,0.0008923758,0.5870191903,0.3836333128,-0.0141220291,-0.2456439040,-0.3928016191,0.1224274725,-1.0637219961,-0.7997348366,-0.5333677802,0.2442523558,0.5496680763,0.5756489089,-0.5156575395,0.9369863047,-0.4290912778,0.1679181288,0.3108308955,-0.2233045330
0.4096415601,0.9703022094,0.8440191665,-0.0400100262,0.1666981640,-0.3055225691,0.9366252611,-0.7434869219,0.2319717897,-0.1572973303,0.6192609175,0.0391501524,-0.1350440303,-0.2500487979,-0.3155626866,-0.0066394765,0.6841046679,0.3881867818,-0.0430551454,-0.2749453415,-0.3657316923,0.1222706725,-1.0300188075,-0.8333131592,-0.5587339750,0.2301472382,0.5510279051,0.6639187571,-0.5319420842,0.8447847861,-0.4137036749,0.1467191755,0.3072386660,-0.1993822986
0.4474872303,0.9553447527,0.8594869430,-0.0455090770,0.1475622859,-0.3162104019,0.9360370064,-0.6310534425,0.2345982988,-0.1144539867,0.5945400700,0.0074852075,-0.1258049843,-0.3308977217,-0.2608966642,-0.0447631527,0.7616217091,0.3791462982,-0.0576421953,-0.2832870806,-0.3241705357,0.1384192115,-0.9873863329,-0.8488355948,-0.5788305102,0.2235731207,0.5450392537,0.7397045546,-0.5110962048,0.7525775828,-0.4116366665,0.1276103843,0.2977445319,-0.1798528628
0.4809677204,0.9395225058,0.8787060707,-0.0473672971,0.1322897932,-0.3258523574,0.9349203126,-0.5252697257,0.2316818638,-0.0703715804,0.5508736643,-0.0111850819,-0.1131856928,-0.4233058674,-0.1879364631,-0.1092938225,0.7988667399,0.3627555549,-0.0570231830,-0.2735279992,-0.2662911910,0.1626578898,-0.9445702654,-0.8424179572,-0.5975393617,0.2295385718,0.5303084858,0.8093419623,-0.4565890199,0.6909944870,-0.4277381238,0.1127075621,0.2798033116,-0.1632230336
0.5147730627,0.9225057490,0.8974479992,-0.0485681488,0.1210680800,-0.3342342773,0.9334190392,-0.4366000971,0.2256103329,-0.0298039624,0.5084119327,0.0042283231,-0.0986316033,-0.4991692441,-0.1044019463,-0.1873134801,0.7747179681,0.3460123948,-0.0437444655,-0.2600772331,-0.2004024615,0.1903307851,-0.9072230957,-0.8170977308,-0.6189554861,0.2480383133,0.5094103215,0.8585972145,-0.3846293167,0.6548752840,-0.4655174050,0.1128580571,0.2509958637,-0.1502931950
0.5518149965,0.9054392076,0.9108243597,-0.0476792044,0.1126109432,-0.3479365580,0.9295082681,-0.3642137193,0.2145538508,0.0073998100,0.4822344755,0.0516218193,-0.0892222388,-0.5517879954,-0.0168963638,-0.2563157198,0.6870884618,0.3319329229,-0.0229412278,-0.2411769838,-0.1360226957,0.2163746722,-0.8713518683,-0.7804875355,-0.6410795325,0.2728752368,0.4855823916,0.8783869426,-0.3169893408,0.6289117141,-0.5200498407,0.1304165281,0.2159680352,-0.1474220498
0.5926173976,0.8886392474,0.9176162233,-0.0414428245,0.1038115730,-0.3662415095,0.9237817959,-0.3008154453,0.1939169324,0.0464036062,0.4728638703,0.1095106831,-0.0984520983,-0.5821820336,0.0668083388,-0.2943199186,0.5580624776,0.3130814149,0.0077831273,-0.2209185456,-0.0755472965,0.2335528218,-0.8316970535,-0.7405616160,-0.6559742208,0.2972546835,0.4588290117,0.8724646542,-0.2610908195,0.6000764203,-0.5816998157,0.1539660885,0.1810834552,-0.1531968489
0.6416522460,0.8663289385,0.9198315247,-0.0363823702,0.0722526144,-0.3892396709,0.9175774417,-0.1634220665,0.1628639825,0.0986571426,0.4382479941,0.2122737170,-0.1828103946,-0.4695040962,0.1543077256,-0.2687021946,0.3036677129,0.2491797211,0.1218215766,-0.2034055895,0.0705540601,0.2156622097,-0.7539810128,-0.6675744595,-0.6632222949,0.3319906159,0.3873452668,0.8974071619,-0.2025310175,0.4996747205,-0.6917020041,0.2126381554,0.1251743496,-0.1638876332
0.6900480915,0.8494311024,0.9130383920,-0.0114182250,0.0582273545,-0.4075768174,0.9112410972,-0.1166289776,0.0957092115,0.0861014352,0.4423827770,0.3003583996,-0.2191046094,-0.4465942493,0.1705485893,-0.2550542978,0.1788456696,0.2503802369,0.1642607941,-0.2170149916,0.1392316458,0.1754865869,-0.6854669390,-0.6367350304,-0.6335540382,0.3433789310,0.3268620858,0.8747955520,-0.1887332966,0.3737434229,-0.7860130500,0.2653102330,0.0881451223,-0.1802648751
0.7387230214,0.8294171988,0.8995362110,0.0032631815,0.0321654688,-0.4187786220,0.9075126445,-0.0689827733,0.0570276617,0.0814410266,0.4935540992,0.3463341473,-0.2150976581,-0.3913582690,0.1745300000,-0.3126709620,0.1267961006,0.2367821098,0.0374228268,-0.2406952174,0.2148063585,0.1396876402,-0.6416036999,-0.6200159280,-0.5387142074,0.3379348097,0.2239841897,0.8782656733,-0.1856758692,0.2315040691,-0.9093730698,0.3607783633,0.0702835889,-0.1792899456
0.7837426217,0.8081771481,0.8813571415,0.0064871345,0.0067076578,-0.4314483839,0.9020893617,-0.0592188413,0.0842954261,0.1489522215,0.6302198555,0.3008548086,-0.1708561411,-0.3129548241,0.1707321214,-0.3553860232,0.1409462531,0.1146666581,-0.2676446207,-0.2188777668,0.2562028800,0.1525811754,-0.6555394981,-0.6216964067,-0.4787255003,0.3188232821,0.1511205802,0.8409090473,-0.1521927589,0.1490510477,-0.9762113897,0.4138190576,0.0958645515,-0.1791244447
0.8210559605,0.7894648450,0.8685555755,-0.0076898337,-0.0140165339,-0.4548759621,0.8904112883,-0.0518585860,0.1703046513,0.2295616610,0.7555302520,0.2857511890,-0.0851595900,-0.2455787796,0.1704195378,-0.3040065963,0.1830330057,0.0559338361,-0.2528067617,-0.1520754184,0.3019318598,0.1963992386,-0.6606678044,-0.6246466877,-0.5107818828,0.3056112968,0.1243766138,0.7765811215,-0.1108741684,0.1456539090,-0.9858147216,0.4177430838,0.1295876454,-0.1960029590
0.8566197956,0.7712719031,0.8594959305,-0.0195003112,-0.0252640333,-0.4837114051,0.8746454956,-0.0414658462,0.2474448465,0.2905893862,0.8141594676,0.2492811405,0.0028576870,-0.2006662088,0.1688024116,-0.2474327557,0.2277922572,0.0358083736,-0.2329141667,-0.0754400017,0.3303246444,0.2355527942,-0.6413176495,-0.6269282909,-0.5694827780,0.3122747773,0.1322923118,0.6625882107,-0.1121736448,0.2413994309,-0.9465730303,0.3815418450,0.1680113054,-0.2346108640
0.8883356180,0.7571006544,0.8621306937,-0.0188295909,-0.0271920981,-0.5056490506,0.8621050249,-0.0629665934,0.2700612132,0.3019746153,0.7892127064,0.2297479719,0.0468527475,-0.1791413955,0.1450659285,-0.2231046778,0.2508253295,0.0289475572,-0.2187924605,-0.0250012517,0.3190304256,0.2408907639,-0.6159679308,-0.6293188009,-0.5860928460,0.3205911199,0.1460266817,0.5700245786,-0.1316110066,0.2846794028,-0.9367707916,0.3752556157,0.1810576168,-0.2495535521
0.9147854017,0.7462602330,0.8701077906,-0.0208013273,-0.0236762289,-0.5290703406,0.8479925210,-0.0802772770,0.2833082998,0.3174369709,0.7144671258,0.2065934394,0.0719681595,-0.1565934920,0.1359019916,-0.1829962626,0.2526215484,0.0194700159,-0.1991542388,0.0182613466,0.3175807301,0.2427076249,-0.5760843386,-0.6253751272,-0.5974987781,0.3326631755,0.1577164067,0.4790756599,-0.1260036516,0.3104779870,-0.9250029645,0.3862522670,0.1947828842,-0.2501745024
0.9410785381,0.7372604578,0.8828500248,-0.0147172831,-0.0217287240,-0.5574958367,0.8297648198,-0.0919451193,0.2499374887,0.3135814756,0.5884916564,0.1805586947,0.0838145176,-0.1402639557,0.1134935346,-0.1214392323,0.2428446441,0.0231391761,-0.1761542305,0.0689228791,0.3210633984,0.2312387722,-0.5395966039,-0.6278544782,-0.5996278690,0.3382154176,0.1627069123,0.4022457115,-0.1229753428,0.3370054283,-0.9334477451,0.4141185269,0.1966800323,-0.2495265430
0.9679298676,0.7285616322,0.8975959562,-0.0040534618,-0.0182934189,-0.5851318734,0.8107216606,-0.1046223026,0.1916720572,0.2706838942,0.4350090606,0.1557078412,0.0732901297,-0.1388744592,0.0834021808,-0.0595334875,0.2332651042,0.0540731447,-0.1560798904,0.1065503126,0.3307632609,0.2139836482,-0.5157926583,-0.6410293689,-0.5941812511,0.3338038976,0.1608933443,0.3337952497,-0.1272110535,0.3704102736,-0.9647390318,0.4420498525,0.1868387391,-0.2555960006
0.9932547751,0.7185719164,0.9095654634,0.0053568451,-0.0175982964,-0.6146498338,0.7885855603,-0.0850846736,0.1252869916,0.1763985892,0.2517831326,0.1173682093,0.0158938317,-0.1296571997,0.0555612344,0.0153515364,0.2148799097,0.1133181033,-0.1312090621,0.1312433913,0.3657789880,0.1922991018,-0.5002695678,-0.6676958781,-0.5848912371,0.3178366694,0.1518115769,0.2684742529,-0.1298974895,0.4214674639,-1.0182342549,0.4619289553,0.1641177885,-0.2601785969
1.0158419577,0.7088424350,0.9163560458,0.0115255543,-0.0131218720,-0.6462925358,0.7628898585,-0.0997980291,0.0960425852,0.0843995890,0.1625444430,0.1050379429,-0.0661480232,-0.1360965925,0.0392011448,0.0733299959,0.2076373825,0.1710291963,-0.1083046868,0.1431782722,0.3978268270,0.1789769050,-0.4842248306,-0.7043689802,-0.5742293168,0.2966290253,0.1478961471,0.2096014970,-0.1347967800,0.4683331582,-1.0809914126,0.4625316167,0.1335733111,-0.2557008438
1.0365740696,0.6999283029,0.9166807982,0.0134385649,-0.0133578708,-0.6751987017,0.7373924908,-0.1098425542,0.0779970908,0.0334168704,0.1372745496,0.1282993133,-0.1173845922,-0.1416293583,0.0256755845,0.1056380055,0.2160250855,0.2176079061,-0.0793723615,0.1394325868,0.4419283312,0.1708200403,-0.4805099354,-0.7470657162,-0.5675887921,0.2727717838,0.1476505335,0.1525421770,-0.1445385927,0.5216835824,-1.1477973459,0.4516988963,0.0997258269,-0.2394273875
1.0552613372,0.6923297519,0.9117433281,0.0116985936,-0.0196229218,-0.6994408219,0.7143252904,-0.0892032296,0.0572546602,0.0766382126,0.1447991706,0.1327175182,-0.1148596279,-0.1468472921,0.0114751061,0.1138548178,0.2426551562,0.2595990275,-0.0526899781,0.1171003508,0.4971049984,0.1701803970,-0.4922346525,-0.7940663679,-0.5673149533,0.2499626664,0.1475101689,0.0951426323,-0.1605047918,0.5836557015,-1.2146632641,0.4430317397,0.0667851579,-0.2114146715
1.0730520210,0.6841985520,0.9012184372,0.0028986127,-0.0304754509,-0.7191295035,0.6942014132,-0.0444550108,0.0393035126,0.1469382364,0.1566101851,0.0871462899,-0.1004763551,-0.1515880234,-0.0008572934,0.1089278142,0.2928444355,0.3016910715,-0.0172518455,0.0802721778,0.5576180716,0.1801983319,-0.5191420832,-0.8435802541,-0.5751553155,0.2293755006,0.1470833430,0.0422312316,-0.1732383907,0.6460848378,-1.2777411926,0.4452126008,0.0363755837,-0.1789674904
1.0879380675,0.6759589660,0.8925768096,-0.0069956924,-0.0486055823,-0.7342279692,0.6771246908,0.0038170267,0.0145060602,0.2080092947,0.1713423622,0.0409180792,-0.0814063517,-0.1640269702,-0.0267276492,0.0966270268,0.3703945930,0.3512676058,0.0732378060,0.0285375477,0.6073900081,0.1970847528,-0.5792910802,-0.8998638682,-0.5885301716,0.2097124500,0.1382381691,0.0026215421,-0.1832210712,0.7082197613,-1.3371570902,0.4499890569,0.0071283693,-0.1353092160
1.1006236429,0.6679290853,0.8858520793,-0.0128288388,-0.0607159324,-0.7433203471,0.6660509425,0.0328025495,-0.0083742948,0.2380757874,0.1862605007,0.0106736766,-0.0650937504,-0.2077776473,-0.0540205158,0.0766962041,0.4773654995,0.3876517561,0.2145132412,-0.0194036197,0.5601308337,0.2230736121,-0.6893529607,-0.9083583598,-0.5964612154,0.2079123750,0.0943100521,-0.0083212510,-0.1775394398,0.7161006884,-1.3725568518,0.4731172403,-0.0074636041,-0.0848103354
1.1077895058,0.6607348983,0.8837234226,-0.0165665612,-0.0608196768,-0.7454205481,0.6636073556,0.0425689739,-0.0116155228,0.2472614622,0.1945004272,-0.0032041539,-0.0574511510,-0.2492722034,-0.0684248990,0.0492389699,0.5540921778,0.4105195673,0.3129020759,-0.0276597655,0.4036886447,0.2429325660,-0.8269566797,-0.7989292037,-0.6165544978,0.2265101429,0.0071794690,0.0336921877,-0.1375682294,0.6273850315,-1.3601580496,0.5136472788,0.0179086638,-0.0784703769
1.1111745711,0.6516441507,0.8858928474,-0.0204580490,-0.0615108358,-0.7412766247,0.6680620114,0.0586479985,-0.0127265831,0.2413496437,0.1908592215,-0.0064056184,-0.0539880865,-0.2429878411,-0.0860523749,0.0223615105,0.5622216261,0.3883069965,0.3442634943,-0.0143475046,0.2281422889,0.2086389552,-0.9022040674,-0.6007228773,-0.7059095679,0.2511915302,-0.0973968100,0.1036132568,-0.0909327965,0.5039240709,-1.3053750176,0.5472603123,0.0731731284,-0.1196354834
1.1123005234,0.6422437788,0.8917745895,-0.0251264931,-0.0611374137,-0.7318207770,0.6782840307,0.0761002208,-0.0094194051,0.2147947985,0.1789011554,0.0020718871,-0.0539134333,-0.1963851663,-0.1244651700,-0.0678659231,0.5087928971,0.3160938007,0.3242826587,-0.0024834677,0.0897718667,0.1415023822,-0.8153208452,-0.3982777609,-0.8856354916,0.3076186118,-0.1424672043,0.1578085845,-0.0491916851,0.3936745610,-1.2076168566,0.5787762036,0.1491287937,-0.1905252491
1.1108895927,0.6332368859,0.9005042734,-0.0297523285,-0.0553196715,-0.7222978533,0.6887237066,0.0858054127,0.0058975892,0.1886766957,0.1644179208,0.0301271766,-0.0589564550,-0.1308830206,-0.1569683574,-0.1856244697,0.4176504136,0.2835984369,0.2316413615,0.0112640401,0.0085611301,0.0954309326,-0.5870887424,-0.3336123904,-1.1302806294,0.3887723536,-0.1345512751,0.1745288342,-0.0233586500,0.3379076643,-1.0646991281,0.5570803683,0.2348700610,-0.2745931849
1.1088227920,0.6249275145,0.9076718941,-0.0321864860,-0.0497270916,-0.7140567480,0.6975773843,0.0855459904,0.0205008314,0.1655993578,0.1616650515,0.0573584608,-0.0653084902,-0.0840959999,-0.1843151138,-0.2462431944,0.3547336778,0.2657706548,0.1372366085,0.0248992639,-0.0576304040,0.0796135884,-0.4762872672,-0.3924578696,-1.1738192436,0.4159613242,-0.1001396661,0.1858701870,-0.0291611023,0.3074543017,-0.9511010724,0.5029151065,0.2868279089,-0.2941867405
1.1049969571,0.6160923949,0.9131204014,-0.0363599748,-0.0444608527,-0.7042247936,0.7076500724,0.0948141116,0.0388645966,0.1387309893,0.1453369958,0.0991037354,-0.0787709356,-0.0125232150,-0.1981666315,-0.3294172692,0.2520021509,0.2338879332,0.0192821556,0.0127994329,-0.0775959750,0.0877103594,-0.4793087069,-0.5556080862,-1.0649616601,0.4611418123,-0.0279595225,0.1574679086,-0.0413035573,0.3368352120,-0.7075472774,0.2845026676,0.3404036962,-0.3226886678
1.1007323171,0.6075566489,0.9148981883,-0.0374608605,-0.0431450507,-0.6939867366,0.7177169344,0.0982303320,0.0499960276,0.1115647284,0.1419854920,0.1257977932,-0.0911292121,0.0327940196,-0.2143042741,-0.3637311461,0.1958788438,0.1640257120,-0.0310835158,0.0128176208,-0.1103710664,0.1029612021,-0.5490892061,-0.7037273378,-0.7573685134,0.4322075417,0.0276174130,0.1545806816,-0.0677341365,0.3617729167,-0.5208959511,0.0857309386,0.3455350113,-0.2759838245
1.0963961308,0.5991850447,0.9144263380,-0.0367419316,-0.0432817817,-0.6836921959,0.7275587255,0.1010512590,0.0565617703,0.0815063018,0.1400663201,0.1390160251,-0.1006947885,0.0637386447,-0.2280371987,-0.3737530166,0.1563137890,0.1028376145,-0.0454881346,0.0211513863,-0.1447987469,0.1150677301,-0.6031820428,-0.8152860188,-0.4246851019,0.3326968265,0.0675111253,0.1828436932,-0.0929096426,0.3591418736,-0.4004590686,0.0421057054,0.3463287508,-0.1702722155
1.0919694270,0.5903967696,0.9117875844,-0.0362250979,-0.0466106643,-0.6738292303,0.7365251908,0.1093900327,0.0594121756,0.0527098161,0.1397657821,0.1374696920,-0.1090620796,0.0891977767,-0.2356545168,-0.3517968899,0.1290259727,0.0529431607,-0.0244958018,0.0351774270,-0.1745720838,0.1296824033,-0.6579451675,-0.9108366012,-0.2180376731,0.2262345744,0.0947514542,0.2491638539,-0.1190234298,0.3500189880,-0.3711724719,0.1750179092,0.3283764739,-0.0515462276
1.0866483232,0.5822650444,0.9081542398,-0.0347053444,-0.0500256920,-0.6665100909,0.7430055639,0.1169009166,0.0616166637,0.0301450763,0.1407200458,0.1288231082,-0.1191291716,0.1045264539,-0.2385971983,-0.3158003908,0.1116007195,0.0306251910,0.0267689963,0.0551810060,-0.1946558038,0.1421575287,-0.6783403090,-1.0084465232,-0.1856496583,0.1609267442,0.1163678626,0.3159492526,-0.1522046987,0.3750849924,-0.3934077015,0.3638606122,0.2665649008,0.0544564701
1.0807149810,0.5755954431,0.9046355971,-0.0327568074,-0.0525933542,-0.6644439472,0.7447651789,0.1243903123,0.0637342476,0.0193564684,0.1414549164,0.1142486535,-0.1288323054,0.1085377477,-0.2368585093,-0.2728214610,0.1040079295,0.0194666023,0.0727047259,0.0762489851,-0.1919144196,0.1510651272,-0.6494071872,-1.1081065113,-0.3135747660,0.1291816118,0.1384807187,0.3683948170,-0.1831733118,0.4103579878,-0.4219700871,0.4624650642,0.2123923434,0.1087443996
1.0729292020,0.5705705344,0.9026793455,-0.0308399643,-0.0535740553,-0.6676237680,0.7419280434,0.1299684655,0.0687688723,0.0221106501,0.1417393679,0.1077861627,-0.1401890634,0.1099028068,-0.2402939550,-0.2846162476,0.1052507495,0.0335234109,0.1660021458,0.0899851573,-0.1595384526,0.1513654474,-0.5688832154,-1.1945199554,-0.5134838515,0.1149359542,0.1509878632,0.3989632749,-0.1992559435,0.3859128566,-0.4380256352,0.4727690268,0.1957409668,0.1081941748
1.0630627649,0.5661231322,0.9019920456,-0.0300853970,-0.0541015933,-0.6726843042,0.7373355501,0.1355305886,0.0779012368,0.0305332408,0.1420702167,0.1126827457,-0.1521893976,0.1085783651,-0.2347114943,-0.2876864956,0.1081877668,0.0271931244,0.1866520568,0.0953125842,-0.1003669999,0.1396657448,-0.4716234132,-1.2598680995,-0.7077815327,0.1110613311,0.1587111568,0.4089199899,-0.2001654267,0.3149657975,-0.4406920930,0.4210930261,0.2044348457,0.0621476110
1.0522371253,0.5626813693,0.9029232433,-0.0296277071,-0.0486147785,-0.6758020423,0.7348812162,0.1196146696,0.0987423889,0.0368546554,0.1571330340,0.1225759861,-0.1622276862,0.0907100991,-0.2156020290,-0.2873465552,0.1202411798,0.0282687048,0.1732933035,0.0872849258,-0.0970719693,0.1434683702,-0.4171302023,-1.2682177023,-0.7437520919,0.1192918475,0.1680826752,0.3720469399,-0.1964296525,0.2670433452,-0.4538137891,0.3895552577,0.2046410359,0.0395693259
1.0407272601,0.5585212254,0.9049503314,-0.0340677872,-0.0521207578,-0.6766739106,0.7336451671,0.1349661930,0.1133123035,0.0418306341,0.1565501642,0.1382802924,-0.1744576911,0.1072754775,-0.2005282852,-0.2869435704,0.1183151087,0.0214854017,0.1611023942,0.0747888245,-0.0094344392,0.1042161374,-0.3429360264,-1.2419351807,-0.7740841033,0.1439838460,0.1739671213,0.3725524350,-0.1827425022,0.2118242850,-0.4577421917,0.3272572791,0.2149392949,-0.0089129621
1.0281249893,0.5556337193,0.9062316603,-0.0359295565,-0.0481692435,-0.6763199535,0.7341526486,0.1281470210,0.1372978087,0.0442726621,0.1615690334,0.1584343523,-0.1856627999,0.1050400778,-0.1767943415,-0.2884677376,0.1199049496,0.0192552031,0.1485681546,0.0557231762,0.0394565013,0.0733339079,-0.2874378153,-1.2021506072,-0.7592344290,0.1759055457,0.1784349855,0.3476346362,-0.1657767622,0.1738900179,-0.4812447243,0.2830709276,0.2111689453,-0.0499937356
1.0159645981,0.5532010151,0.9063664466,-0.0380463483,-0.0465367680,-0.6755900721,0.7348230121,0.1341636711,0.1567888644,0.0425866521,0.1504859697,0.1827300075,-0.1974680727,0.1148594120,-0.1548781287,-0.2928830136,0.1080390328,0.0087097471,0.1366723714,0.0297456348,0.0892014852,0.0357400522,-0.2462082676,-1.0898970745,-0.6773877299,0.2511116428,0.1922970258,0.3405962322,-0.1414981736,0.1535760763,-0.5194244938,0.2253658573,0.2045884441,-0.1276512412
1.0039603683,0.5522077755,0.9052194251,-0.0388593615,-0.0432042216,-0.6750205433,0.7355070437,0.1286623407,0.1770580441,0.0407904942,0.1505272035,0.1989827535,-0.2087843931,0.1143378350,-0.1339737728,-0.2871767062,0.1048480635,-0.0068307619,0.1279655168,0.0108457034,0.0807517465,0.0361923506,-0.2660856639,-0.9281940145,-0.5093542016,0.3378814566,0.2325237974,0.3233395402,-0.1214409582,0.1568371756,-0.5683926835,0.1815765623,0.1911243828,-0.1931758840
0.9924140268,0.5521008257,0.9032224779,-0.0401826273,-0.0409648888,-0.6750263809,0.7355587124,0.1219156239,0.1959108200,0.0394503903,0.1570293493,0.2061888549,-0.2154625793,0.1129558185,-0.1154330813,-0.2761746834,0.1050833046,-0.0245039600,0.1203620431,0.0019013948,0.0646664220,0.0488822349,-0.3148741283,-0.7495227910,-0.3370035442,0.3941266054,0.2607070428,0.3031857814,-0.1066258766,0.1732485828,-0.6094544107,0.1655886966,0.1804192923,-0.2190085540
0.9820560593,0.5522522811,0.9007566334,-0.0431257758,-0.0375539638,-0.6744160090,0.7361337610,0.1125324814,0.2175685460,0.0375706917,0.1677069078,0.2111690677,-0.2201952333,0.1111813304,-0.0942758933,-0.2738177187,0.1067765873,-0.0391622292,0.1118521272,-0.0068669762,0.0475951240,0.0658145601,-0.3916134476,-0.5567413743,-0.2035276486,0.4368489524,0.2398417248,0.2826390452,-0.0920332436,0.2004687247,-0.6458594287,0.1695609777,0.1707311915,-0.2323365295
0.9736237482,0.5524371678,0.8989597007,-0.0464649694,-0.0347247580,-0.6721824907,0.7381096782,0.0999768444,0.2360178978,0.0369246963,0.1838209766,0.2167283078,-0.2187361892,0.1090675491,-0.0763160605,-0.2782344244,0.1125788811,-0.0468270542,0.1047794318,-0.0187170919,0.0771457411,0.0733502222,-0.4443011364,-0.4528490376,-0.1965661475,0.4767437682,0.1866092359,0.2646906212,-0.0821124064,0.2197167413,-0.6729402447,0.1855525442,0.1614243084,-0.2348333584
0.9667192503,0.5524310067,0.8988235573,-0.0465207175,-0.0323761131,-0.6704441379,0.7397920438,0.0888346426,0.2434356991,0.0489617000,0.1905843527,0.2212522294,-0.2081104685,0.1065375280,-0.0647610093,-0.2847047656,0.1118023943,-0.0509408912,0.0962998037,-0.0265223767,0.1226222903,0.0614288149,-0.4625804144,-0.3777560310,-0.3848296291,0.4911725747,0.0566020618,0.2578400553,-0.0763185795,0.2303383503,-0.7084398138,0.2297780358,0.1627037218,-0.2348579288
0.9610162335,0.5517553555,0.8998046359,-0.0442348198,-0.0301946237,-0.6718953042,0.7387071583,0.0811790836,0.2393675708,0.0774288438,0.1922876687,0.1887894887,-0.1885648703,0.0994265288,-0.0584316640,-0.2791459257,0.1123689717,-0.0516398396,0.0892128810,-0.0244476852,0.1859572929,0.0591325645,-0.4606949458,-0.3853289967,-0.6892061359,0.4145936163,-0.0448831448,0.2526812178,-0.0795245007,0.2339605671,-0.7449695531,0.2689914713,0.1636865557,-0.2294254499
0.9567163921,0.5504229104,0.9011311644,-0.0399004657,-0.0284819449,-0.6774273400,0.7339543110,0.0760128678,0.2218889545,0.1106114345,0.1820389409,0.1150155794,-0.1516517890,0.0897164199,-0.0576966062,-0.2634644572,0.1117706530,-0.0506355631,0.0836121542,-0.0131572965,0.2330902360,0.0598273016,-0.4660735118,-0.4150438733,-0.9005792799,0.3024230323,-0.1035444788,0.2491377059,-0.0917805492,0.2467771797,-0.7793267552,0.2886043600,0.1638607652,-0.2294142626
0.9546002644,0.5497153744,0.9011133270,-0.0310675993,-0.0222216203,-0.6825541566,0.7298361646,0.0451687678,0.2010422686,0.1283440379,0.1738795340,0.0962754871,-0.1508252597,0.0598559644,-0.0620728053,-0.2552107906,0.1208852450,-0.0433210872,0.0819346375,0.0032481511,0.2318944338,0.0545163937,-0.4599405904,-0.4319359453,-0.9030781948,0.2804409360,-0.1040039733,0.2191353984,-0.1078755187,0.2459152392,-0.8006198495,0.2916441507,0.1564833885,-0.2350888225
0.9543418683,0.5476480368,0.8993770885,-0.0274706434,-0.0178961716,-0.6852207406,0.7275971602,0.0263544493,0.1826321528,0.1500114225,0.1557471340,0.0684250637,-0.1503643848,0.0472595867,-0.0621750292,-0.2487455861,0.1261323132,-0.0437131689,0.0816607214,0.0207384761,0.2480678072,0.0480066846,-0.4231572784,-0.4362041954,-0.8666397024,0.2654409394,-0.1121773442,0.2024814013,-0.1198442319,0.2482740941,-0.8108715946,0.2886602903,0.1527301614,-0.2382163896
0.9545372456,0.5446605335,0.9006821101,-0.0228360423,-0.0169002365,-0.6861673045,0.7268887999,0.0167856936,0.1666461250,0.1632440122,0.1420825646,0.0532706846,-0.1451341611,0.0426612439,-0.0673817942,-0.2450235484,0.1258513321,-0.0458201239,0.0819214493,0.0250742619,0.2672691159,0.0399321647,-0.3787524339,-0.4335044476,-0.8089162459,0.2574353595,-0.1280468964,0.1904068405,-0.1325803402,0.2545798007,-0.8111268866,0.2807944117,0.1528466026,-0.2385675130
0.9552941438,0.5418104127,0.9010292099,-0.0234618770,-0.0164046439,-0.6857223113,0.7273000342,0.0241771477,0.1673660629,0.1707472770,0.1369910146,0.0382084898,-0.1457258483,0.0458725333,-0.0663595955,-0.2425865798,0.1258938760,-0.0485147890,0.0828570737,0.0185446446,0.2803836306,0.0413649848,-0.3518686004,-0.4301626350,-0.7584657132,0.2557014232,-0.1427751014,0.1818399171,-0.1435973995,0.2671214673,-0.8017522600,0.2718177052,0.1568693369,-0.2359959034
0.9565595518,0.5378635189,0.9023579984,-0.0235698655,-0.0217779261,-0.6851447901,0.7276996633,0.0357637365,0.1589302834,0.1685323890,0.1356260072,0.0319482511,-0.1461638683,0.0577070095,-0.0741123911,-0.2404301670,0.1258573020,-0.0507216278,0.0841044399,0.0074915604,0.2829240185,0.0502931021,-0.3567885327,-0.4317407679,-0.7376227378,0.2557860664,-0.1489236977,0.1778257700,-0.1560918778,0.2827219611,-0.7813432237,0.2645895979,0.1663728048,-0.2328715867
0.9582737387,0.5344600384,0.9034288258,-0.0225168118,-0.0263322136,-0.6863620365,0.7264342796,0.0457714252,0.1490913750,0.1684867540,0.1335349179,0.0308236746,-0.1466772623,0.0662930945,-0.0835408360,-0.2395915185,0.1247145870,-0.0510331567,0.0855431117,0.0009883524,0.2724498171,0.0646810312,-0.3803340420,-0.4412080901,-0.7470554491,0.2546434767,-0.1427024877,0.1743775734,-0.1634265110,0.2988614475,-0.7511166855,0.2552299706,0.1804866374,-0.2299760522
0.9598090022,0.5319494899,0.9041764938,-0.0210025253,-0.0281758578,-0.6864450067,0.7263320644,0.0514483332,0.1424749926,0.1710545971,0.1293776620,0.0311957992,-0.1468678386,0.0705426371,-0.0897503090,-0.2409455268,0.1233173143,-0.0504475729,0.0870261747,-0.0079507413,0.2518548695,0.0843424399,-0.4099458809,-0.4556566431,-0.7779548120,0.2543366628,-0.1287176145,0.1683198819,-0.1584220144,0.2989014641,-0.7139418182,0.2443442298,0.1978793947,-0.2266965759
0.9613901224,0.5293166076,0.9045171721,-0.0201077605,-0.0299441954,-0.6844284656,0.7281872689,0.0564595243,0.1368473250,0.1681691403,0.1254936856,0.0311047285,-0.1466081047,0.0762402421,-0.0947514150,-0.2464329801,0.1230589411,-0.0509181066,0.0887071867,-0.0185681287,0.2237570593,0.1062150961,-0.4371385852,-0.4732753949,-0.8121263384,0.2565168819,-0.1109662189,0.1638221741,-0.1448972902,0.2835646515,-0.6750161857,0.2350700127,0.2163071456,-0.2207843192
0.9630048559,0.5263378864,0.9048302544,-0.0198607158,-0.0326232208,-0.6816422991,0.7306880686,0.0631442999,0.1309225548,0.1611299408,0.1220050785,0.0302607668,-0.1459826670,0.0848001708,-0.0997503124,-0.2536920798,0.1229333533,-0.0525346266,0.0905494514,-0.0199202699,0.1904463825,0.1258486336,-0.4482797628,-0.4935756071,-0.8331294018,0.2618006161,-0.0906947833,0.1645981935,-0.1309537317,0.2692757088,-0.6415949683,0.2268838326,0.2301234042,-0.2118883110
0.9642982413,0.5231059065,0.9052644125,-0.0201813269,-0.0357710833,-0.6789535441,0.7330315331,0.0719938655,0.1254257283,0.1517661799,0.1176998196,0.0289309171,-0.1455335738,0.0952679274,-0.1038938214,-0.2602367421,0.1221725410,-0.0547476592,0.0921188120,-0.0171884084,0.1559339793,0.1396614983,-0.4417731263,-0.5172464050,-0.8315320736,0.2697598991,-0.0683718673,0.1706341609,-0.1210873651,0.2605537282,-0.6168167664,0.2205904401,0.2371527486,-0.2005893754
0.9651050304,0.5199472206,0.9055705138,-0.0211751125,-0.0385488383,-0.6762034179,0.7354009378,0.0813539836,0.1221505062,0.1421488933,0.1128501596,0.0277259089,-0.1455303172,0.1061453861,-0.1057969834,-0.2663310609,0.1210583815,-0.0570833315,0.0931622754,-0.0168747953,0.1248050909,0.1484253662,-0.4282724435,-0.5456339495,-0.8089114281,0.2776055085,-0.0437874218,0.1795255770,-0.1160781302,0.2588369677,-0.6001892087,0.2153104900,0.2387828120,-0.1906031186
0.9656557665,0.5170601527,0.9055809863,-0.0231503643,-0.0411514302,-0.6733872584,0.7377806047,0.0905989187,0.1213656721,0.1346834138,0.1093849128,0.0269052802,-0.1458244563,0.1174431404,-0.1057324455,-0.2725255145,0.1203891390,-0.0593450636,0.0938161783,-0.0210201802,0.0997967626,0.1544210587,-0.4142498552,-0.5786998547,-0.7716840361,0.2841806841,-0.0162460406,0.1891151233,-0.1134151362,0.2595049763,-0.5890883051,0.2109630111,0.2375283062,-0.1839544011
0.9660305655,0.5148876997,0.9054018664,-0.0253489937,-0.0428469118,-0.6702266384,0.7404848573,0.0966363903,0.1228940570,0.1290657746,0.1081409629,0.0270071007,-0.1462181036,0.1270759272,-0.1038957693,-0.2799552790,0.1198841333,-0.0610781971,0.0941509747,-0.0303079056,0.0808607222,0.1595627730,-0.4052670747,-0.6148543206,-0.7295352889,0.2885480817,0.0134512391,0.1981185912,-0.1109684706,0.2574712772,-0.5807673211,0.2076337117,0.2356443394,-0.1806500331
0.9663196692,0.5133630160,0.9053321491,-0.0272680794,-0.0439762387,-0.6675457792,0.7427685878,0.1000709897,0.1248041411,0.1238218210,0.1087077321,0.0282409959,-0.1465062192,0.1345373560,-0.1018986429,-0.2881693324,0.1194077437,-0.0620130824,0.0942988279,-0.0405501679,0.0664460613,0.1648211336,-0.4024012715,-0.6521971793,-0.6911359588,0.2902532917,0.0439963016,0.2060470544,-0.1089715508,0.2526211426,-0.5742938379,0.2058792890,0.2335452239,-0.1798297320
0.9666082250,0.5123213409,0.9053482766,-0.0287153688,-0.0445005626,-0.6666240518,0.7435102562,0.1025460875,0.1262981868,0.1211007156,0.1096979372,0.0294431932,-0.1465545765,0.1391929831,-0.1003969342,-0.2940550679,0.1186211777,-0.0619916697,0.0943831427,-0.0462616453,0.0555270828,0.1708421629,-0.4048840047,-0.6882666272,-0.6610391616,0.2901513703,0.0743011298,0.2128792912,-0.1077225951,0.2498487896,-0.5698453674,0.2041808476,0.2307640821,-0.1794026099
0.9672068685,0.5115040998,0.9054476745,-0.0295217951,-0.0445593769,-0.6679809964,0.7422562320,0.1050936228,0.1265164401,0.1222628746,0.1104141451,0.0301401602,-0.1463313926,0.1410958291,-0.1003430521,-0.2959908048,0.1174891358,-0.0611371004,0.0946107664,-0.0459037163,0.0474519598,0.1771529286,-0.4119069466,-0.7207397372,-0.6414380661,0.2892490933,0.1015387312,0.2179949105,-0.1078084602,0.2509480657,-0.5669792913,0.2023967954,0.2274703100,-0.1780227507
0.9677946240,0.5109477499,0.9055922095,-0.0299197661,-0.0442565253,-0.6702448560,0.7402148340,0.1074627201,0.1262858546,0.1252473297,0.1102870340,0.0304017938,-0.1461256362,0.1411272594,-0.1006387091,-0.2944173374,0.1163740694,-0.0599496278,0.0948367746,-0.0426676079,0.0418562204,0.1830076951,-0.4237512184,-0.7478414106,-0.6317944488,0.2879446102,0.1231029572,0.2206818269,-0.1094207642,0.2548634066,-0.5658149232,0.2017259815,0.2235833478,-0.1762565376
0.9683058092,0.5107333613,0.9056767075,-0.0301167335,-0.0437459260,-0.6722851069,0.7383847312,0.1090271711,0.1261575300,0.1287544370,0.1097219842,0.0304090822,-0.1460629533,0.1402067173,-0.1007668757,-0.2916853577,0.1154543229,-0.0589935199,0.0949558109,-0.0396508366,0.0383159019,0.1872034676,-0.4392404134,-0.7685316671,-0.6281833635,0.2866800408,0.1387475245,0.2210950150,-0.1124412677,0.2601064263,-0.5659286349,0.2026241576,0.2195086623,-0.1742812335
0.9687365861,0.5107409900,0.9057264861,-0.0301682357,-0.0430510862,-0.6739499406,0.7369043079,0.1097121890,0.1262943651,0.1324225278,0.1090624179,0.0302248329,-0.1461695498,0.1387707113,-0.1005839793,-0.2884689665,0.1146085548,-0.0583476543,0.0949958781,-0.0378643604,0.0364403603,0.1892847937,-0.4571409961,-0.7816017665,-0.6274309697,0.2862963813,0.1486237159,0.2190032157,-0.1163167069,0.2654971016,-0.5671514738,0.2048233944,0.2154137968,-0.1725425709
0.9690914623,0.5110378098,0.9057862733,-0.0301935138,-0.0421790867,-0.6753351770,0.7356844942,0.1095371373,0.1268316807,0.1363253250,0.1085236810,0.0299667857,-0.1463101385,0.1368502348,-0.0999805073,-0.2848009635,0.1138522852,-0.0577118163,0.0949896786,-0.0367626533,0.0368766652,0.1889813261,-0.4756878714,-0.7857177094,-0.6266360935,0.2883695413,0.1528602758,0.2147808443,-0.1202818589,0.2696792341,-0.5694769299,0.2073401141,0.2112634768,-0.1714822132
0.9693919803,0.5116705609,0.9058323629,-0.0301542684,-0.0412412225,-0.6762917466,0.7348600923,0.1083619046,0.1275663917,0.1401254919,0.1082616496,0.0297938631,-0.1462726854,0.1344757018,-0.0991973955,-0.2812291969,0.1133531550,-0.0570230172,0.0949060932,-0.0357070312,0.0396211643,0.1858558938,-0.4945445147,-0.7809455545,-0.6238003481,0.2927025682,0.1514469035,0.2091876668,-0.1239901986,0.2739683094,-0.5727373463,0.2098714285,0.2072971395,-0.1710668223
0.9697026081,0.5124933057,0.9058547016,-0.0299417146,-0.0403944022,-0.6769421010,0.7343168103,0.1065203547,0.1279715713,0.1432423730,0.1082712318,0.0296916336,-0.1460081858,0.1318189733,-0.0987609527,-0.2777601233,0.1131289569,-0.0563311979,0.0947739901,-0.0356798193,0.0426025956,0.1812269991,-0.5135234021,-0.7686340630,-0.6202316122,0.2981496774,0.1469331015,0.2026445519,-0.1272344244,0.2767463858,-0.5771428126,0.2124947026,0.2033764550,-0.1713480749
0.9699150126,0.5133568572,0.9058950095,-0.0296426453,-0.0396333178,-0.6777293132,0.7336439816,0.1046631534,0.1281291580,0.1452915286,0.1083427661,0.0296216722,-0.1456864168,0.1289578494,-0.0985456605,-0.2742355974,0.1130535889,-0.0556508937,0.0945643790,-0.0354753715,0.0470029544,0.1754590489,-0.5324752577,-0.7484244608,-0.6166059226,0.3048908678,0.1379500645,0.1955917961,-0.1298853046,0.2779757328,-0.5828055542,0.2149458818,0.1995828990,-0.1719618663
0.9700326363,0.5143112694,0.9059550988,-0.0292644955,-0.0389196167,-0.6786394398,0.7328556225,0.1027913206,0.1280933374,0.1467064378,0.1082981503,0.0296155038,-0.1453664788,0.1258589413,-0.0984703860,-0.2709356422,0.1130415322,-0.0549301954,0.0942666246,-0.0341102480,0.0518842584,0.1691361554,-0.5512033965,-0.7224844427,-0.6145555685,0.3122806001,0.1253855718,0.1885837308,-0.1322161752,0.2795744521,-0.5898491247,0.2171832000,0.1956313096,-0.1733234193
0.9699215743,0.5153109544,0.9059918912,-0.0290865785,-0.0382523057,-0.6793887549,0.7322032858,0.1010207270,0.1285857601,0.1480862865,0.1083213620,0.0296477202,-0.1451330119,0.1230076437,-0.0979282324,-0.2685064047,0.1132068938,-0.0542503462,0.0938290731,-0.0318011132,0.0571285026,0.1625439635,-0.5680844615,-0.6927497863,-0.6156398528,0.3191313340,0.1104290750,0.1821536132,-0.1340175873,0.2805656661,-0.5974826213,0.2190528166,0.1919297752,-0.1755515653
0.9696242325,0.5163464850,0.9060093795,-0.0290304515,-0.0376331389,-0.6798975488,0.7317651965,0.0992283452,0.1294905024,0.1494093937,0.1084091560,0.0297495519,-0.1449995486,0.1204564544,-0.0970219836,-0.2668991700,0.1134136051,-0.0536299021,0.0932734088,-0.0291028579,0.0628132487,0.1554211211,-0.5810190621,-0.6606255323,-0.6189886638,0.3251568265,0.0931193138,0.1763562857,-0.1350022749,0.2792201200,-0.6052899367,0.2203512339,0.1882471489,-0.1785779614
0.9691778230,0.5174088782,0.9060051762,-0.0289865652,-0.0370839213,-0.6801621252,0.7315490724,0.0973112498,0.1305693868,0.1504439372,0.1085591031,0.0299513001,-0.1449613454,0.1181254100,-0.0959704113,-0.2658404267,0.1136235638,-0.0530557408,0.0926881231,-0.0265987352,0.0690165411,0.1485034839,-0.5919028624,-0.6283331073,-0.6248698371,0.3297459798,0.0747415543,0.1717201017,-0.1353085860,0.2767373910,-0.6127079225,0.2211037917,0.1847373498,-0.1819387265
0.9686277739,0.5185060144,0.9059765857,-0.0288947053,-0.0366622255,-0.6801548111,0.7315807612,0.0952420355,0.1315988251,0.1508701694,0.1087770676,0.0302522875,-0.1449956631,0.1160087589,-0.0949994788,-0.2651846672,0.1138751861,-0.0525166683,0.0922492264,-0.0233037373,0.0753846134,0.1421390355,-0.5999366664,-0.5979563928,-0.6344506772,0.3324030127,0.0564717384,0.1686019924,-0.1350329653,0.2740786511,-0.6192091639,0.2215576849,0.1817734461,-0.1852238772
0.9680015130,0.5197097914,0.9059359995,-0.0286675914,-0.0362346091,-0.6800350018,0.7317223645,0.0928192476,0.1325394864,0.1509324412,0.1089543655,0.0306431927,-0.1450807510,0.1137027506,-0.0941212824,-0.2646792526,0.1140744103,-0.0520083509,0.0918816151,-0.0191045084,0.0815072374,0.1366090961,-0.6038267579,-0.5716014369,-0.6461512062,0.3328730666,0.0398550903,0.1669860763,-0.1338943020,0.2706575314,-0.6244652454,0.2219909987,0.1794702793,-0.1878299910
0.9672746940,0.5209167416,0.9058930050,-0.0285658371,-0.0359070501,-0.6797336128,0.7320224671,0.0905054228,0.1336555194,0.1501738081,0.1091984764,0.0310951311,-0.1452604477,0.1117335593,-0.0930362193,-0.2643157311,0.1143598983,-0.0517065783,0.0913826728,-0.0141097393,0.0873145933,0.1325224830,-0.6041217265,-0.5499040815,-0.6592773261,0.3314994045,0.0248167634,0.1670283449,-0.1320146841,0.2666906178,-0.6283609961,0.2224587783,0.1776886789,-0.1895027934
0.9665844952,0.5221168410,0.9058556357,-0.0284776249,-0.0358745495,-0.6791247368,0.7325924061,0.0883914779,0.1344017851,0.1485362671,0.1094497520,0.0316797837,-0.1454900568,0.1103627583,-0.0922825073,-0.2643581193,0.1146912231,-0.0516546221,0.0908219667,-0.0088056232,0.0914913031,0.1296412806,-0.6013446170,-0.5342837100,-0.6710775910,0.3281945268,0.0130017634,0.1687249154,-0.1305110498,0.2637619327,-0.6303453122,0.2229923650,0.1768594541,-0.1903223741
0.9660389889,0.5233391699,0.9058407977,-0.0281472602,-0.0362063111,-0.6781515438,0.7334898216,0.0862510144,0.1341984399,0.1460462238,0.1095518396,0.0325761434,-0.1456999103,0.1094278089,-0.0924373006,-0.2651862584,0.1149869636,-0.0518009880,0.0902941072,-0.0039894758,0.0948685877,0.1275792279,-0.5968953843,-0.5237772974,-0.6790982762,0.3240737290,0.0042689618,0.1715532323,-0.1298750699,0.2619618018,-0.6301365254,0.2232884944,0.1771197425,-0.1904511516
0.9656179300,0.5245963582,0.9058174732,-0.0277124679,-0.0367394913,-0.6767019920,0.7348174215,0.0838345977,0.1335796637,0.1430804913,0.1096980968,0.0338794867,-0.1458650042,0.1088896366,-0.0930508056,-0.2670530829,0.1152893161,-0.0521088812,0.0898019824,0.0001210726,0.0973341464,0.1263191771,-0.5920154620,-0.5173058737,-0.6842593337,0.3201708492,-0.0016317372,0.1752122007,-0.1299106125,0.2615914109,-0.6280092158,0.2231537098,0.1782211757,-0.1899178121
0.9652911088,0.5259197763,0.9058021985,-0.0273891022,-0.0369409588,-0.6748747181,0.7364980092,0.0807263101,0.1335384768,0.1394456935,0.1099201781,0.0355338526,-0.1459840497,0.1082590739,-0.0930689290,-0.2700261678,0.1154372854,-0.0524532956,0.0892858603,0.0040340239,0.1010199062,0.1225435079,-0.5843532332,-0.5144111714,-0.6878440381,0.3178895223,-0.0033136546,0.1790124899,-0.1311343576,0.2611948191,-0.6242233359,0.2227248081,0.1798945238,-0.1892165455
0.9651380076,0.5272465042,0.9057560825,-0.0268280092,-0.0375567287,-0.6728255365,0.7383600392,0.0776838986,0.1323515147,0.1349400361,0.1102915731,0.0371554611,-0.1459406838,0.1080634071,-0.0941559669,-0.2736634934,0.1156073837,-0.0528948632,0.0888909472,0.0053455244,0.1008867237,0.1223938518,-0.5751197809,-0.5146919651,-0.6899987227,0.3162437792,-0.0015656685,0.1824446041,-0.1315702598,0.2608430999,-0.6191797169,0.2218965899,0.1818763896,-0.1879111685
0.9652685623,0.5285143149,0.9056797611,-0.0257739896,-0.0385158672,-0.6711113864,0.7399065728,0.0748596938,0.1294591229,0.1310562021,0.1105091254,0.0385948558,-0.1456035238,0.1075585441,-0.0969236579,-0.2772373074,0.1158478785,-0.0530875960,0.0886068682,0.0002200927,0.1044794383,0.1293508863,-0.5694715103,-0.5197232439,-0.6915549021,0.3137511860,0.0022193127,0.1837598432,-0.1318122330,0.2633904643,-0.6136607063,0.2213572495,0.1838092671,-0.1859878995
0.9654870100,0.5297657985,0.9056691904,-0.0250558841,-0.0384461859,-0.6704413964,0.7405419822,0.0718507806,0.1279871347,0.1289091739,0.1103747698,0.0399571708,-0.1450974729,0.1052761479,-0.0982908216,-0.2795494992,0.1160699168,-0.0523550833,0.0880569400,-0.0143710898,0.1214912448,0.1343216998,-0.5688561589,-0.5319242334,-0.6889222091,0.3107052298,0.0095544220,0.1802125937,-0.1353799913,0.2716351316,-0.6085450051,0.2212484458,0.1853916828,-0.1835980352
0.9657623754,0.5307273941,0.9056534691,-0.0251182373,-0.0396649019,-0.6707169102,0.7402260439,0.0721920042,0.1256787884,0.1289227185,0.1109905948,0.0405579321,-0.1443381459,0.1051025706,-0.1007824234,-0.2802111017,0.1171640603,-0.0515831585,0.0878300295,-0.0508632480,0.1313196140,0.1426852877,-0.6038327490,-0.5392453653,-0.6745810690,0.3099095850,0.0196214830,0.1709652553,-0.1370380637,0.2816868746,-0.6049826957,0.2232838777,0.1865571344,-0.1803669167
0.9660051255,0.5315596902,0.9054609862,-0.0239730113,-0.0427701629,-0.6722395947,0.7387082883,0.0747129749,0.1186170448,0.1288690512,0.1113624857,0.0411765623,-0.1427101138,0.1057395720,-0.1081567249,-0.2809267486,0.1183842653,-0.0509056965,0.0882599547,-0.0631813918,0.1085098519,0.1344554195,-0.5750936466,-0.5105401473,-0.6434399506,0.3209992813,0.0206285336,0.1638431589,-0.1245150278,0.2584398268,-0.6023212175,0.2266928394,0.1891926952,-0.1791058800
0.9638053849,0.5324167935,0.9051363151,-0.0255596975,-0.0492088197,-0.6723488845,0.7381545715,0.1042607759,0.1139164734,0.1351729814,0.0841666650,0.0367209395,-0.1487585835,0.1323034317,-0.1083634488,-0.2889062224,0.0964360684,-0.0592365177,0.0839893621,-0.0369722977,0.0692503711,0.0675864388,-0.3723101124,-0.3760741480,-0.5921442073,0.4338459215,0.0293106136,0.2675010307,-0.0359136886,0.1280455826,-0.6354355077,0.2858533249,0.1964499713,-0.2041333160
0.9565875814,0.5383928112,0.9036226582,-0.0040560600,-0.0418407772,-0.6711784291,0.7401029753,0.0494378064,0.1005496045,0.1312441491,0.0910699856,0.0572462644,-0.1476178663,0.0808479604,-0.1241822948,-0.2924770412,0.1046356216,-0.0499333831,0.0806623607,0.0111444151,0.0029660092,0.0541271773,-0.3394810733,-0.4083057035,-0.5763856512,0.4457024532,0.0604749991,0.2749254364,-0.0186875256,0.1071362573,-0.6689628215,0.2796134693,0.1830163359,-0.2210557220
0.9407987608,0.5466724537,0.8991536842,0.0167317783,-0.0418015766,-0.6659415904,0.7446438571,0.0005989841,0.0943325998,0.1255454576,0.1069367009,0.0960924224,-0.1860781475,0.0266904652,-0.1435862957,-0.3029089542,0.1491552330,-0.0631955083,0.0593635314,0.0597583697,-0.0512068728,0.0355553491,-0.5590753548,-0.4834836226,-0.4237387653,0.4813661202,0.1604577511,0.3459496433,-0.0105809690,0.1947046617,-0.7123610306,0.1579573146,0.1600993203,-0.3032379726
0.9174702788,0.5513831650,0.8928332579,0.0328933852,-0.0493727312,-0.6650530008,0.7444359373,-0.0353646483,0.0940169329,0.1063874940,0.1307873841,0.1432173434,-0.2209684508,-0.0478104906,-0.1683215683,-0.2886018173,0.2390878388,0.0264675404,0.0410010631,0.0558570989,-0.0554244546,0.0735305878,-0.6644800295,-0.5603049533,-0.4240116433,0.4385860462,0.1912549079,0.3452303019,-0.0759008999,0.2663154416,-0.6899342526,0.1349299603,0.1654124584,-0.3037858393
0.8880252849,0.5525170971,0.8852096787,0.0310244355,-0.0606600074,-0.6686839986,0.7404185019,-0.0338994621,0.1215471571,0.0920307386,0.1496145865,0.1866681565,-0.2673579021,-0.1535876352,-0.1711604272,-0.1830469185,0.4203925425,0.1572923326,0.1154356371,0.0499483929,-0.0289695298,0.2178588828,-0.7539315133,-0.7139737676,-0.5441844908,0.3766209444,0.1894032103,0.3385978885,-0.1849781497,0.4095574841,-0.6831089815,0.1763977586,0.1682183959,-0.2882289236
0.8537833867,0.5529020974,0.8715002959,0.0211125937,-0.0716533597,-0.6706189714,0.7380313338,-0.0216812900,0.1667047124,0.0881374032,0.1703006079,0.1969818022,-0.3079352608,-0.3213500236,-0.1468299292,-0.0535585688,0.7171767691,0.1750389545,0.2163834455,0.0228732457,-0.0507645024,0.4651122454,-0.9765276513,-0.9003044572,-0.6721140030,0.3507769106,0.2075703876,0.3056378346,-0.3500316711,0.5934316998,-0.7539716845,0.2234527327,0.1594602464,-0.3023372164
0.8162322565,0.5527117927,0.8517473381,0.0085006657,-0.0834203442,-0.6653773516,0.7417828286,-0.0061233399,0.2190254250,0.0761860387,0.1853975913,0.1782312938,-0.3497042189,-0.4850671785,-0.1915994276,-0.0829731120,1.0138701517,0.1255488947,0.2176143914,-0.0530188486,-0.1535049124,0.7598684647,-1.2809023115,-1.0692062659,-0.7927655644,0.3430626957,0.2807964568,0.2206903874,-0.5472154077,0.7488979826,-0.8713738670,0.2143537810,0.1462163543,-0.3206985838
0.7755451281,0.5532959790,0.8280698152,0.0003033426,-0.0943558250,-0.6531847865,0.7512965599,-0.0049853728,0.2698003954,0.0492369059,0.1959427345,0.1496027911,-0.3964283477,-0.6123733429,-0.2997955942,-0.1207105018,1.2230768076,0.0937021153,0.1661969678,-0.1571322896,-0.3023537458,1.0041693064,-1.5707998062,-1.1495069760,-0.9135099569,0.3304663729,0.3844625265,0.0678608448,-0.7527698100,0.9130578726,-0.9960161097,0.1781832831,0.1437120779,-0.3466733552
0.7313071059,0.5539306603,0.8026993235,-0.0056649354,-0.0990878622,-0.6387001711,0.7630279126,-0.0262708878,0.3299039410,0.0091485886,0.2062383432,0.1442568624,-0.4518442545,-0.7156495114,-0.3855871041,-0.0771926912,1.3503158497,0.0889265912,0.1414335331,-0.2881664108,-0.1528469834,1.2214981213,-1.5708000000,-1.1016674911,-1.0488004723,0.3158906562,0.4600769276,-0.1727413040,-0.8996349296,1.1429250650,-1.0984397893,0.1187744434,0.1443269338,-0.3814089313
0.6837327151,0.5553621731,0.7752027098,-0.0102264538,-0.0942830481,-0.6204027720,0.7785284368,-0.0766535289,0.4025164642,-0.0464298960,0.2119418600,0.1488051785,-0.5061399997,-0.7889865952,-0.4506323733,0.0062942890,1.4115721399,0.1245392571,0.1182162482,-0.3641758775,-0.0346928849,1.3525498585,-1.5708000000,-0.8810853589,-1.1081405583,0.3620192177,0.4228646981,-0.4358439549,-0.9448620299,1.3749355941,-1.1085803095,0.0324911659,0.1583490491,-0.4344360838
0.6347484845,0.5577405334,0.7488701492,-0.0093504352,-0.0856005691,-0.6058146125,0.7909322141,-0.1335092845,0.4679604722,-0.0901351791,0.2025896973,0.1562973173,-0.5061400000,-0.8358271943,-0.5416849751,0.0863526144,1.4112505148,0.1933753794,0.0676453265,-0.4026898987,0.0380616220,1.4095992476,-1.5649055257,-0.6170332446,-0.9815405601,0.4337898906,0.3169266079,-0.6919012380,-0.9101628330,1.5700005526,-1.0379254431,-0.0831228706,0.1734942165,-0.4507142555
0.5866311703,0.5616583958,0.7223176379,0.0050983587,-0.0797780834,-0.6032092297,0.7935666887,-0.1805680712,0.5090066987,-0.1081790908,0.1852583981,0.1806445685,-0.5061400000,-0.8930769291,-0.6583064784,0.1707312225,1.3516873867,0.2465668386,0.0056296213,-0.3719737146,0.0401270160,1.4532968773,-1.4639590506,-0.4950400741,-0.8165407347,0.4774412014,0.2954998337,-0.8339517724,-0.8658018265,1.5708000000,-0.9373059786,-0.1711485576,0.2037927608,-0.4292452581
0.5371479293,0.5655857281,0.6945364847,0.0330821710,-0.0760239496,-0.6223875971,0.7783056007,-0.1889707787,0.5397592968,-0.0591698863,0.1614430320,0.2042007989,-0.5061400000,-0.9958572121,-0.7438659303,0.2675871835,1.2386812747,0.2398100563,-0.0893467604,-0.2733862910,0.0540574027,1.5052641324,-1.3712982173,-0.5674716422,-0.6075373286,0.4419834233,0.3465331646,-0.9930250098,-0.8481209571,1.5707914079,-0.8891530858,-0.1887864859,0.2256459272,-0.4282866983
0.4839288508,0.5670824513,0.6675622540,0.0676677196,-0.0705540046,-0.6506185742,0.7530861060,-0.1707469650,0.5699777720,0.0264486619,0.1353047391,0.2195133437,-0.5061400000,-1.0813341235,-0.7651433757,0.3258412214,1.0693962134,0.2552711822,-0.1761722948,-0.1409158760,0.0822158863,1.4825003098,-1.3528818565,-0.6305064730,-0.4149863653,0.3879313647,0.3769359982,-1.0409258990,-0.8658240979,1.4008675595,-0.9290620521,-0.1387738629,0.2130784109,-0.4769785843
0.4257211731,0.5681722088,0.6479599098,0.1036411158,-0.0597812526,-0.6812819490,0.7221770052,-0.1382352556,0.5927015822,0.1749768557,0.1127795944,0.2170702591,-0.3475316549,-1.1169994039,-0.7008109908,0.3880977478,0.9055657647,0.3321934603,0.0204033263,0.0160484566,0.0514175446,1.3668251181,-1.3249333049,-0.6554530045,-0.2742642618,0.3559597555,0.3927937458,-0.9621334957,-0.8924029862,1.1347067789,-1.0304097470,-0.0673470927,0.1492550435,-0.5360611496
0.3680179106,0.5668528796,0.6184724982,0.1365599636,-0.0525245695,-0.7083087665,0.6905731223,-0.0921569655,0.6051065488,0.3616037717,0.1003527064,0.1164245638,-0.0628903941,-1.2306230039,-0.6320296461,0.4592541613,1.0085679768,0.0915977203,0.3829032373,0.1577618876,0.0461580329,1.1852689286,-1.2379454125,-0.6723472621,-0.1449435036,0.3281526925,0.3997857442,-0.8057877633,-0.9240265968,0.8681730191,-1.1265300525,0.0462942295,0.0903266895,-0.5691257067
0.3144747681,0.5692252240,0.5933057672,0.1543082620,-0.0359774519,-0.7343187469,0.6600534533,-0.0469336424,0.6354165731,0.4737305800,0.0985598638,0.0075885314,0.0782211069,-1.4001159985,-0.4743214363,0.4738061587,1.2177960887,-0.0207731363,0.3560062575,0.2386447393,0.1574676304,0.9901131230,-1.0523628732,-0.6937696691,0.0056452875,0.3122869177,0.4509456163,-0.5420848947,-0.8829836459,0.6112027733,-1.1662349123,0.1084874913,0.0661794115,-0.5577284522
0.2586492250,0.5776669881,0.5693732574,0.1676816559,-0.0126847985,-0.7517006428,0.6377053408,-0.0382273263,0.6680733667,0.4442051810,0.1076378599,0.0302773203,0.0951400257,-1.5582947418,-0.3535926503,0.3785204884,1.4051477367,-0.0588342531,0.2253727379,0.2679817670,0.2888316648,0.7952725972,-0.8101118691,-0.7952574265,0.0265973153,0.2691405772,0.5688862507,-0.2760289329,-0.8275280405,0.4685517096,-1.1331811322,0.1508400023,0.0765717456,-0.5368629841
0.2020618085,0.5872392897,0.5428083888,0.1897844361,0.0077370408,-0.7597066264,0.6219066231,-0.0596260630,0.6836918289,0.4589484119,0.1153817949,0.0210243725,0.2389254771,-1.6903173670,-0.2699660601,0.2838982419,1.5499284166,-0.1424534393,0.1147517451,0.2663069923,0.3116452942,0.6002504412,-0.6729498585,-0.9996318974,-0.0947718302,0.2048276243,0.7046863465,-0.1293278335,-0.8219471646,0.4663136913,-0.9981170800,0.1409284865,0.1393386061,-0.5974433751
0.1459650486,0.5974726432,0.5160274522,0.2113138117,0.0296238878,-0.7629550203,0.6102200712,-0.0782790620,0.7163163999,0.5018332457,0.1197431358,-0.0098254866,0.2827643157,-1.8107392448,-0.2124241380,0.1660252669,1.6719095198,-0.1999601749,-0.0001081447,0.2394612454,0.1825223336,0.4153765544,-0.7026136007,-1.1806645127,-0.3113770957,0.1874366971,0.7462408167,-0.1196218418,-0.8092872777,0.4816363382,-0.7677344227,0.0289857084,0.2216924086,-0.6539721818
0.0921262838,0.6061785308,0.4848718557,0.2306757151,0.0419426022,-0.7649833815,0.5998582822,-0.0750757512,0.7376214168,0.5258064051,0.1205978917,-0.0444942520,0.3146972507,-1.9164790661,-0.1816989124,0.0393040465,1.7849870366,-0.2484795698,-0.1278988807,0.1994868794,-0.0271628081,0.2223375738,-0.8278066198,-1.2749036709,-0.5187345742,0.1890526087,0.6976831225,-0.1539382421,-0.7918961773,0.4832021413,-0.5374231819,-0.1059463019,0.3005263492,-0.6570940301
0.0375807849,0.6087647954,0.4548861757,0.2483246755,0.0332557940,-0.7656654980,0.5924400838,-0.0466328566,0.7245632648,0.5347349077,0.1192528961,-0.0736339577,0.3173279083,-1.9199000000,-0.1780362297,-0.0845474046,1.8463119375,-0.3248598724,-0.2333436572,0.1397209636,-0.2482154518,0.0192403989,-0.9936428905,-1.2650444425,-0.7029940332,0.2101375818,0.6666045926,-0.1352058619,-0.7837793044,0.5583593467,-0.4196187973,-0.2034281432,0.3329867718,-0.6330799241
-0.0175744902,0.6077747599,0.4205437020,0.2629533702,0.0191787681,-0.7666254537,0.5854682858,-0.0000758848,0.7106159135,0.5782072693,0.1190784108,-0.0987496589,0.2871234692,-1.9199000000,-0.2056430224,-0.2265818074,1.9393551313,-0.3787621494,-0.3141636379,0.0697790922,-0.4710270614,-0.1447218147,-1.1582348486,-1.1905364334,-0.8382212582,0.2369977457,0.6518049207,-0.1067600251,-0.7448505519,0.7147769875,-0.3881946440,-0.2553477809,0.3249206371,-0.5995831721
-0.0752228336,0.6048047252,0.3821644875,0.2744484793,0.0038612956,-0.7674030538,0.5794442817,0.0471728054,0.7010377246,0.6192497712,0.1221431137,-0.0986779857,0.2713336063,-1.9199000000,-0.2486125979,-0.3792952122,2.0592864109,-0.4031323594,-0.3414550054,-0.0780597208,-0.6656751629,-0.2231288094,-1.2201653602,-1.0561437794,-0.9583110676,0.2912105852,0.6243672753,-0.1863626147,-0.6511825219,0.6534401705,-0.4700175993,-0.2971225162,0.1954265054,-0.8854904287
-0.1324586428,0.5977738422,0.3431017344,0.2820848142,-0.0062830965,-0.7689748481,0.5736430626,0.0923349471,0.6987648987,0.6375928454,0.1228726534,-0.1081633866,0.2943454304,-1.9199000000,-0.3009502699,-0.5361279351,2.1863398960,-0.3729912975,-0.3312360844,-0.2726935358,-0.8345168951,-0.2374414352,-1.2861689890,-0.9151359138,-0.9673544261,0.3341919639,0.5841023755,-0.1875629668,-0.5200918946,0.5230866448,-0.6928287206,-0.1150268792,0.1114154144,-1.0027926025
-0.1869761557,0.5838686092,0.3096781320,0.2850577766,-0.0073690297,-0.7730468476,0.5666448030,0.1460022615,0.7054391479,0.6753560932,0.1250866440,-0.1000123019,0.3300320722,-1.9199000000,-0.3280805295,-0.6405317602,2.2914195184,-0.3010493808,-0.1651918893,-0.4125320718,-0.9512806419,-0.2289836138,-1.3792037331,-0.7942205575,-0.9224590416,0.3609281810,0.5324156424,-0.1667890203,-0.4091588004,0.5017045034,-0.8837574509,0.0911180062,0.1056941209,-1.0600966512
-0.2325351175,0.5652590330,0.2813093530,0.3041549426,-0.0153739748,-0.7827553805,0.5427222366,0.1970780924,0.6565048409,0.7434919982,0.1424387811,-0.0463419522,0.3870136250,-1.9199000000,-0.3204387944,-0.6565452566,2.3441142610,-0.2100606449,0.2056236144,-0.4935513322,-1.0045605728,-0.2224328270,-1.3889434969,-0.7193866805,-0.9016312067,0.3907424866,0.4896875890,-0.1541258111,-0.3082449756,0.4636568796,-1.0002894100,0.2216747554,0.1084434134,-1.0914403552
-0.2697812468,0.5401362559,0.2571079125,0.3338966322,-0.0348781199,-0.7963207264,0.5031598717,0.2504828092,0.5580365535,0.8462454528,0.1719346942,0.0967444497,0.4061040656,-1.9199000000,-0.2314595886,-0.6374496898,2.3613904862,-0.1018858093,0.5049064504,-0.5218628158,-1.0406843175,-0.2100919564,-1.3854253486,-0.7021314639,-0.9329916788,0.4206796887,0.4831803462,-0.1060756773,-0.2210364201,0.3802637301,-1.1382062583,0.3922096467,0.1068243081,-1.1207532382
-0.3033304189,0.5266095791,0.2661947159,0.3554999739,-0.0174607614,-0.8186771237,0.4506469322,0.2811956115,0.4889527347,0.8869333493,0.1916848099,0.3478546697,0.3884390983,-1.9199000000,-0.1991238927,-0.7032618142,2.3275642072,0.1564307804,0.5061400000,-0.4277620732,-1.0041217989,-0.1300003567,-1.4031584550,-0.8503190174,-1.0345608179,0.4511452111,0.5280392942,0.0461978390,-0.0648874858,0.2128137281,-1.3352081870,0.6749080584,0.0826067805,-1.1134593633
-0.3393537940,0.5041509293,0.2813854328,0.3822735792,-0.0329389385,-0.8241377044,0.4166281089,0.2159773030,0.4259230961,0.6781864717,0.3097122203,0.5061400000,0.1068589064,-1.9199000000,0.0033354450,-0.5951220279,2.2769337271,0.1491823446,0.5061400000,-0.3788754253,-0.9823409256,-0.0946788235,-1.3336327351,-1.0299639621,-1.1710706225,0.4415592265,0.5025930319,0.1546015873,0.0008090685,0.1563926139,-1.4857449520,0.8770743652,0.0464509630,-1.1011684298
-0.3739040958,0.4825391806,0.3064119333,0.4144007494,-0.0685293973,-0.8233405244,0.3816885138,0.0448677176,0.3305643738,0.4378169577,0.5388682698,0.5061400000,-0.0342628199,-1.8752307873,0.1362273398,-0.4698492659,2.2414519903,0.1135518661,0.5061400000,-0.3532036894,-0.9656753010,-0.1081045592,-1.2409243196,-1.2013580151,-1.2960342243,0.4212466863,0.4764755851,0.2223813881,-0.0030868972,0.1709307426,-1.6016670374,1.0247647343,0.0259079379,-1.1022881662
-0.4075089322,0.4608418498,0.3319629622,0.4581188754,-0.0837618272,-0.8190862791,0.3349757001,-0.0710413219,0.2447021760,0.4528037309,0.6061620632,0.5061400000,-0.0542360146,-1.8540721057,0.1729889402,-0.3938363020,2.2194814803,0.1194482661,0.5061023730,-0.3135385165,-1.0121614941,-0.1362674504,-1.2765748208,-1.2221870221,-1.3028963509,0.4150969013,0.4726028376,0.2064918128,-0.0114189891,0.1997507902,-1.6297589834,1.0458944183,0.0191940638,-1.1093613698
-0.4391382553,0.4438696296,0.3581389862,0.4815903587,-0.1042436858,-0.8135054760,0.3088896582,-0.2717902467,0.2302779608,0.3539215296,0.8135136559,0.5061400000,-0.3135344639,-1.7358458069,0.1745300000,-0.2714587297,2.1362739116,0.1013545461,0.5061400000,-0.2729615624,-1.0920033922,-0.2264062906,-1.3793417593,-1.2252818136,-1.4259563521,0.4850475157,0.4146975956,0.2316873309,-0.0384377096,0.2681634127,-1.7034562075,1.1785738103,0.0189685899,-1.1238976936
-0.4698306281,0.4281513755,0.3794469514,0.5019554651,-0.1312164221,-0.8031977068,0.2927394838,-0.3782936899,0.2130438882,0.3056616132,0.8007074406,0.5061394455,-0.3000527078,-1.6963742431,0.1745266560,-0.1796090132,2.1221035630,0.1078828482,0.4982030672,-0.2371098585,-1.0998541450,-0.2396767181,-1.3635823144,-1.2405165221,-1.4348691737,0.4865035189,0.4143030741,0.2220116129,-0.0538923148,0.2660042792,-1.7126323716,1.1959640735,0.0214067649,-1.1273510389
-0.4984545078,0.4134761815,0.3963941131,0.5098113203,-0.1621336580,-0.7977911839,0.2780904915,-0.4761822497,0.2079308399,0.2214118076,0.7817284381,0.5061378717,-0.2711792973,-1.6135332675,0.1745258896,-0.0671930780,2.0977374353,0.1304825687,0.4936335886,-0.2015741688,-1.0823927797,-0.2441688642,-1.3376117882,-1.2575488132,-1.4425683558,0.4865392436,0.4166669673,0.2241374432,-0.0684273531,0.2500967120,-1.7140109238,1.2149398066,0.0278563821,-1.1294385066
-0.5258398727,0.4022304402,0.4082161726,0.5128736095,-0.1927988072,-0.7939309669,0.2635581538,-0.5685277591,0.2314115023,0.1793666965,0.7447210712,0.5061343198,-0.2528478626,-1.5160468568,0.1745254565,0.0554780065,2.0608340407,0.1630824687,0.4795549513,-0.1879485960,-1.0634330958,-0.2448712303,-1.3248529605,-1.2709853312,-1.4503320484,0.4856441579,0.4199031130,0.2315633153,-0.0771003460,0.2221128552,-1.7092885287,1.2337861582,0.0375862342,-1.1307983140
-0.5489395119,0.3954676687,0.4147960117,0.5116021781,-0.2188534996,-0.7902009397,0.2568050468,-0.6701865919,0.2879651447,0.1878117441,0.6821778531,0.5061293860,-0.2349188611,-1.4204855890,0.1744985013,0.1673716459,2.0151174796,0.1859936728,0.4662943005,-0.2006457993,-1.0526873443,-0.2435483461,-1.3292565787,-1.2787339555,-1.4579850125,0.4840989174,0.4224499804,0.2354289591,-0.0770200822,0.1896173948,-1.7000194118,1.2511523800,0.0493256105,-1.1319506034
-0.5723743262,0.3908027468,0.4213041764,0.5044247261,-0.2431043351,-0.7878939940,0.2562792074,-0.7801075443,0.3502075717,0.2355793183,0.6091963856,0.4948073606,-0.2096285424,-1.3213856907,0.1742354693,0.2458774824,1.9685850937,0.2038188518,0.4673214008,-0.2296296905,-1.0401644363,-0.2471633700,-1.3363735025,-1.2794388296,-1.4627435903,0.4854059968,0.4220571093,0.2363165221,-0.0785124598,0.1595521562,-1.6840137857,1.2673598639,0.0610603131,-1.1312107324
-0.5937902032,0.3858255268,0.4294696737,0.4904571270,-0.2720539841,-0.7875833924,0.2552466187,-0.8816138379,0.3662404520,0.2664920317,0.5501041570,0.4643456942,-0.1922853204,-1.2268524179,0.1424334106,0.2956030291,1.9209156375,0.2139926461,0.4965477872,-0.2644235700,-1.0178698934,-0.2641112664,-1.3307102577,-1.2734731358,-1.4634477523,0.4897071799,0.4189953319,0.2387519280,-0.0979310445,0.1444514262,-1.6588799859,1.2836262022,0.0731828811,-1.1266988684
-0.6119842897,0.3823529272,0.4408209523,0.4726358335,-0.3023932890,-0.7890511531,0.2501438494,-0.9792224460,0.3289558604,0.2439883022,0.5218283398,0.4235263709,-0.1954590231,-1.1364835217,0.0927646074,0.3394823248,1.8730544991,0.2206891885,0.5060224553,-0.2956328795,-0.9888375084,-0.2915348503,-1.3117751885,-1.2610924734,-1.4614194682,0.4963293157,0.4139219668,0.2428096945,-0.1374987338,0.1570223921,-1.6278194320,1.2990306224,0.0874900150,-1.1200039840
-0.6259765561,0.3806354170,0.4547062777,0.4532725486,-0.3298014827,-0.7923275729,0.2408152735,-1.0793380301,0.2688130748,0.2488891355,0.5445824133,0.3865977666,-0.2401906204,-1.0517488710,0.0417363744,0.3842290311,1.8251106543,0.2256733479,0.5061376552,-0.3239624891,-0.9656100970,-0.3197141826,-1.2938245147,-1.2423169434,-1.4578200575,0.5039742133,0.4076721846,0.2468493038,-0.1899117456,0.1887919719,-1.5937000924,1.3120403285,0.1038073406,-1.1115378499
-0.6374656172,0.3822993168,0.4713291078,0.4366466469,-0.3483285640,-0.7985066400,0.2244862201,-1.1932030754,0.2085921246,0.2983936789,0.6129665644,0.3538041262,-0.2948543551,-0.9803377585,0.0019446810,0.4239993523,1.7693370919,0.2329249988,0.5061389643,-0.3473188660,-0.9487700448,-0.3412183511,-1.2757305269,-1.2189890338,-1.4526875846,0.5109207627,0.4011905861,0.2471954308,-0.2433450681,0.2319748793,-1.5580230538,1.3218633958,0.1204911241,-1.1016578070
-0.6462864171,0.3816272154,0.4927390461,0.4246729702,-0.3549560621,-0.8078255989,0.2026742809,-1.3288605368,0.1370633597,0.3634915370,0.7118938768,0.3190421051,-0.3567448452,-0.9253451502,-0.0255490711,0.4603310115,1.7040415921,0.2425550009,0.5061399999,-0.3603675159,-0.9362047130,-0.3486589974,-1.2614592202,-1.1930519614,-1.4454073780,0.5168534317,0.3947624935,0.2435939065,-0.2934970128,0.2862969901,-1.5229843148,1.3278611599,0.1359060536,-1.0911507901
-0.6538334788,0.3754220429,0.5164565455,0.4176966965,-0.3488139068,-0.8198872179,0.1778855758,-1.4828132709,0.0498100010,0.4459315499,0.8295510470,0.2713596828,-0.4274551140,-0.8791832128,-0.0381152716,0.4928413841,1.6258076210,0.2498815516,0.5061400000,-0.3625221401,-0.9267417391,-0.3488870935,-1.2578673987,-1.1651727267,-1.4364854087,0.5220658669,0.3885774293,0.2374302583,-0.3356462097,0.3496216092,-1.4884565697,1.3294045397,0.1496645911,-1.0800679646
-0.6633952788,0.3662178490,0.5400190027,0.4207065945,-0.3271459099,-0.8320522305,0.1538525290,-1.6396904269,-0.0332181095,0.5600232774,0.9617591286,0.2136901741,-0.4938262142,-0.8378061860,-0.0284231844,0.5193689663,1.5215968065,0.2511441475,0.5061400000,-0.3475859182,-0.9172983138,-0.3455329115,-1.2612653395,-1.1333240074,-1.4268402941,0.5265166839,0.3822233533,0.2240626998,-0.3670303367,0.4220593164,-1.4526995550,1.3255519763,0.1622453746,-1.0674717489
-0.6790310105,0.3562262929,0.5585211962,0.4354262795,-0.2844984814,-0.8441768106,0.1297308047,-1.7626336835,-0.0786295648,0.6830756868,1.0939416228,0.1733736291,-0.5061190667,-0.7958608360,0.0126603284,0.5302241596,1.3815129921,0.2449639943,0.5061400000,-0.3150059470,-0.9102259019,-0.3305308029,-1.2781517303,-1.0950817791,-1.4172783460,0.5302540919,0.3750042334,0.1984578225,-0.3783076209,0.5064882219,-1.4139802964,1.3116231267,0.1720920630,-1.0519479536
-0.6982565038,0.3593271436,0.5737914036,0.4569496633,-0.2291060041,-0.8525266525,0.1091134766,-1.7959895068,-0.0414964707,0.7295009132,1.1570914097,0.1118135325,-0.4002533373,-0.7576626058,0.0804796545,0.5258424570,1.2162280433,0.2338206943,0.5061400000,-0.2747280067,-0.9055217895,-0.3063242805,-1.3031940529,-1.0538921093,-1.4097045712,0.5325689071,0.3673675687,0.1621011063,-0.3642301516,0.5957241200,-1.3726709474,1.2843224907,0.1763225252,-1.0307824748
-0.7178404901,0.3659260126,0.5963552207,0.4749622986,-0.1656031974,-0.8587637661,0.0975253299,-1.7772059824,0.0413956362,0.7174554731,1.1774917212,0.0370802474,-0.3012202498,-0.7169372260,0.1555128624,0.5117506139,1.0437970639,0.2255852504,0.5061400000,-0.2409810614,-0.9029632649,-0.2747903301,-1.3352251010,-1.0120132283,-1.4035136161,0.5342187820,0.3599288279,0.1208802009,-0.3304076553,0.6907154397,-1.3292219820,1.2437353243,0.1769295362,-1.0017771064
-0.7371644376,0.3795747858,0.6244486191,0.4835216258,-0.1323073040,-0.8587606385,0.1059800948,-1.7691297200,0.1027110129,0.6846388690,1.1953858767,-0.0101977149,-0.2134880910,-0.6652444494,0.1744909442,0.4779167999,0.8886449928,0.2274280601,0.5061391528,-0.2430851498,-0.9006370134,-0.2539830430,-1.3575380770,-0.9661649959,-1.3920268261,0.5361850743,0.3499737535,0.0693238481,-0.2820152492,0.7720421323,-1.2780968749,1.1879560166,0.1769471642,-0.9626596083
-0.7679933158,0.3951631104,0.6565711443,0.4940011558,-0.1204007868,-0.8520037782,0.1247239774,-1.7524263746,0.1112417107,0.6569449550,1.1922047975,-0.0418323910,-0.1412775807,-0.6308074539,0.1675591195,0.3942770413,0.7791702253,0.2401848810,0.5061399999,-0.2640131704,-0.8995727019,-0.2475775813,-1.3647277130,-0.9193280234,-1.3692840753,0.5374642734,0.3336451256,0.0063546937,-0.2315203546,0.8307853219,-1.2165328227,1.1119796103,0.1789778129,-0.9105509255
-0.8037988465,0.4086558169,0.6933162206,0.4792421972,-0.0942601203,-0.8605140939,0.1447668484,-1.6040534812,0.0460446782,0.5915888246,1.0338018100,-0.1293034486,0.0244706047,-0.5100736706,0.0928913160,0.0389973193,0.5678645213,0.3818102346,0.5061400000,-0.3028033798,-0.8616986615,-0.2743803400,-1.3586680882,-0.6725491893,-1.1934931237,0.5034473388,0.2608286799,-0.3040306381,0.0029376706,1.0494029792,-0.7222336377,0.4890895660,0.2527614983,-0.5222040325
-0.8337009880,0.4239267415,0.7231905819,0.4818976214,-0.0758701497,-0.8582882157,0.1592474228,-1.5753947388,0.0514326418,0.5512939122,0.9930905159,-0.1228226894,0.0227777917,-0.5537658077,0.1208466539,-0.0203145823,0.6019061038,0.4096638625,0.4737438590,-0.2672238159,-0.8704691578,-0.2700834298,-1.3169912949,-0.6629906941,-1.1670385258,0.4951531729,0.2505337893,-0.3552615765,0.0100194677,1.0759417219,-0.6879249121,0.4535026585,0.2596960348,-0.4853114390
-0.8668657103,0.4410525483,0.7510295538,0.4788737417,-0.0679091695,-0.8572381023,0.1766666922,-1.5246597619,0.0404222488,0.4993345935,0.9382833049,-0.1029118466,0.0102694282,-0.6110047873,0.1266813884,-0.0672288540,0.6692973458,0.4183192128,0.4032138777,-0.2055180721,-0.8668266299,-0.2761733082,-1.2584229369,-0.6522108280,-1.1197742351,0.4814057965,0.2256046032,-0.4084459325,0.0031558771,1.1251555840,-0.6509472190,0.4407371091,0.2723608392,-0.4475836036
-0.8992981310,0.4613946689,0.7737273092,0.4667899685,-0.0582731544,-0.8605054640,0.1955548804,-1.4544550930,0.0316757003,0.4362180329,0.8723014756,-0.0791950495,-0.0104727006,-0.6795290580,0.1241139679,-0.1134406984,0.7666182177,0.4018462898,0.3349039128,-0.1479105979,-0.8694975796,-0.2616342654,-1.2398654415,-0.6290160909,-1.1041290387,0.4756762223,0.2103288176,-0.4528724819,0.0024214489,1.1877536507,-0.6230689185,0.4403946398,0.2824890929,-0.4152019198
-0.9223936546,0.4830051039,0.7868661376,0.4353302990,-0.0540681992,-0.8728188391,0.2138958503,-1.2075740652,-0.0510651744,0.2885056078,0.5327728542,0.0553946722,-0.1371024140,-0.9431037195,-0.0243499037,-0.2600606387,1.3233143353,0.1309376098,0.0118589590,-0.1380019046,-0.7975331921,-0.1974591036,-1.2268126876,-0.5246317093,-1.0968491443,0.4044230692,0.1820610037,-0.5194085786,0.0900371668,1.3873586575,-0.4860669173,0.4033097467,0.2855234150,-0.2064846633
-0.9557600049,0.5067674632,0.8035528668,0.4204663669,-0.0407184291,-0.8754538748,0.2347989715,-1.1651980374,-0.0169092194,0.2473453305,0.5163606382,0.0678524034,-0.1473550883,-1.0197737788,-0.0620722222,-0.2343683952,1.3750539268,0.1034097139,-0.0164850450,-0.0990111759,-0.7831286834,-0.1569542219,-1.2172124095,-0.5117091294,-1.0811225141,0.4014713442,0.1765873137,-0.5386988532,0.1139368851,1.4061237168,-0.4931998513,0.4053553124,0.2780394974,-0.2008439990
-0.9889431182,0.5305292118,0.8170068038,0.3949231721,-0.0276240892,-0.8817220530,0.2565907620,-1.0961317493,0.0200718715,0.1902635428,0.4904113376,0.0769997971,-0.1661268896,-1.0967301069,-0.1273625351,-0.1783847414,1.4342986595,0.0654573411,-0.0501874679,-0.0516714259,-0.7325300859,-0.0990812353,-1.2256060942,-0.4840004388,-1.0659208493,0.4001554791,0.1612949016,-0.5437446700,0.1460329391,1.4168015242,-0.5029243239,0.4030652678,0.2679809461,-0.1957577636
-1.0233428790,0.5552894873,0.8278661245,0.3668861777,-0.0138091720,-0.8864260201,0.2818736424,-1.0223901160,0.0594220674,0.1281605211,0.4525537588,0.0846183621,-0.1904616238,-1.1704703338,-0.2175391495,-0.1042313042,1.4574814960,0.0250081265,-0.0852159636,-0.0189193957,-0.6581267479,-0.0268247032,-1.2831683094,-0.4459029887,-1.0649409050,0.3994856612,0.1389099247,-0.5394517009,0.1884573370,1.4162032924,-0.5141470307,0.3979807831,0.2563782464,-0.1903668840
-1.0605283551,0.5831973383,0.8355910581,0.3387383331,-0.0004295952,-0.8876553115,0.3119682756,-0.9568483630,0.1030160347,0.0650421759,0.4102202600,0.0993839111,-0.2175636251,-1.2278658428,-0.3161875318,-0.0190170113,1.4226354094,-0.0087999848,-0.1125299659,0.0010784146,-0.5682490585,0.0517624669,-1.3615691460,-0.4036689582,-1.0739161455,0.3973319335,0.1114096645,-0.5310074666,0.2372850268,1.3971300176,-0.5267027018,0.3930764146,0.2446249587,-0.1863859560
-1.1029720014,0.6128641234,0.8387805606,0.3126290754,0.0120158428,-0.8863145886,0.3414163598,-0.9017046623,0.1536660901,0.0033906025,0.3701703888,0.1244346751,-0.2453327169,-1.2588621043,-0.4028305583,0.0738723897,1.3292931286,-0.0306674772,-0.1316072561,0.0263245763,-0.4706277409,0.1298985782,-1.4272430748,-0.3638620059,-1.0832333404,0.3916890956,0.0825764910,-0.5206972305,0.2866474189,1.3655640556,-0.5412274177,0.3885826649,0.2325445556,-0.1855597851
-1.1497214447,0.6429396352,0.8349948836,0.2898618571,0.0156060213,-0.8819374615,0.3713796843,-0.8532119725,0.1932075732,-0.0450080904,0.3383611998,0.1563009393,-0.2673041262,-1.2561814244,-0.4786632842,0.1732499449,1.1897162281,-0.0434587640,-0.1416206753,0.0583481961,-0.3735937138,0.2011731837,-1.4631975797,-0.3313459376,-1.0840308866,0.3827099314,0.0527931682,-0.5108897498,0.3275088727,1.3270126877,-0.5567622686,0.3825219407,0.2204474885,-0.1876398314
-1.2007883674,0.6736718995,0.8223016488,0.2657124626,0.0101930704,-0.8771385367,0.3999012077,-0.7934776250,0.2253558113,-0.0579370239,0.3250781082,0.1832920216,-0.2705167707,-1.2144277671,-0.5368978864,0.2779467305,1.0265063895,-0.0490928616,-0.1428048293,0.0972821201,-0.2822880180,0.2634569819,-1.4605106622,-0.3061745930,-1.0762641925,0.3711060482,0.0229126321,-0.4998096512,0.3485161777,1.2857008585,-0.5749987475,0.3737899237,0.2071654725,-0.1913643633
-1.2566057313,0.7032538860,0.8000292249,0.2395777127,0.0001456232,-0.8707484396,0.4294178074,-0.7209714957,0.2579877942,-0.0473868098,0.3307735350,0.2053158911,-0.2607707919,-1.1289127109,-0.5797452672,0.3907764117,0.8688771098,-0.0362833823,-0.1227757542,0.1355957156,-0.1969170605,0.3173883838,-1.4178519889,-0.2874815943,-1.0565605809,0.3585099556,-0.0069680736,-0.4862089721,0.3490999270,1.2426261012,-0.6000501228,0.3660340194,0.1910462729,-0.1959802663
-1.3179987824,0.7197863773,0.7733977182,0.1678017083,-0.0230527052,-0.8690077533,0.4649050270,-0.4958391552,0.3243443287,0.0678946727,0.2470313291,0.2387746521,-0.3203303477,-0.6227913154,-0.6329694206,0.6079197901,0.4483199876,-0.0247104561,0.3739025750,0.1649161023,0.1315058951,0.4688909379,-1.2079344058,-0.2745512712,-0.9622043910,0.3071307963,-0.1149305327,-0.3268102675,0.3491000000,1.0825876898,-0.7178253961,0.3366727260,0.1088998710,-0.1981310818
-1.3637033932,0.7446464339,0.7463723514,0.1423791127,-0.0326720281,-0.8532841542,0.5005665581,-0.4935405730,0.3601814176,0.1023929874,0.2539790239,0.2659700226,-0.3288817755,-0.5093092088,-0.6394721400,0.5674504569,0.4522386009,-0.0955241875,0.4278770205,0.1725222779,0.1566916932,0.4757535820,-1.1183852489,-0.2767663724,-0.9287304407,0.3028996169,-0.1309293953,-0.3255620349,0.3426713591,1.0647556732,-0.7521848551,0.3430809926,0.0911239445,-0.2023855811
-1.4099102798,0.7521344084,0.7357609011,0.0759170775,-0.0321263349,-0.8375062473,0.5401738439,-0.3992558447,0.4462032110,0.0139221337,0.1918537064,0.3026778171,-0.2693949806,-0.2459926804,-0.5704792956,0.3218517142,0.4286678677,-0.2966489796,0.4598371284,0.1304619261,0.5028969363,0.5528235679,-0.6902115139,-0.3213370296,-0.7458783632,0.3183167125,-0.1913756660,-0.1535120117,0.2966918422,0.9574996087,-0.9826778776,0.3728377114,-0.0345811723,-0.1931193912
-1.4415941404,0.7612210831,0.7356749006,0.0632524778,-0.0423349916,-0.8243892905,0.5608824923,-0.4081236703,0.4414103249,-0.0139846391,0.1951636097,0.3223767568,-0.2094604550,-0.2213054024,-0.5364080485,0.2747842599,0.4899219192,-0.2778494588,0.4469871412,0.1421524580,0.5072671746,0.5127204092,-0.5982468545,-0.3322240470,-0.7144430048,0.3168577207,-0.1945613663,-0.1438089877,0.2474935561,0.9346626637,-0.9949056680,0.3783248209,-0.0365731786,-0.1934728557
-1.4703140761,0.7646802081,0.7446721629,0.0426616749,-0.0615253827,-0.8092213303,0.5827138641,-0.3810782235,0.4061920036,0.0012814867,0.2184399309,0.3391661783,-0.1562563201,-0.1590573546,-0.5062745643,0.2145959681,0.5481730070,-0.2791483745,0.4247518431,0.1507813185,0.5309715491,0.4616744958,-0.5114671134,-0.3372565617,-0.6831709349,0.3114960657,-0.2018465601,-0.0956075663,0.1752711954,0.8816449150,-0.9902678213,0.3782149474,-0.0301220060,-0.1965572643
-1.4927269016,0.7630169998,0.7630179911,0.0132839766,-0.0816805520,-0.7931709188,0.6033504098,-0.2855159866,0.3673509609,0.0914347733,0.2233467292,0.3361721737,-0.1488725728,-0.0276374129,-0.4757793461,0.1081880652,0.5446656572,-0.3052130865,0.3591983708,0.1404865936,0.6602044924,0.3759150583,-0.3655054440,-0.3453802151,-0.6444337913,0.2928362554,-0.2126526718,0.0828018594,0.0453287093,0.7689838675,-0.9647838321,0.3867635140,-0.0035944690,-0.2094787566
-1.5071774012,0.7664239280,0.7893059621,0.0137077972,-0.0822129829,-0.7768911903,0.6240939034,-0.2756087189,0.3008441384,0.1470170784,0.2482703408,0.3491762385,-0.1395024828,-0.0013063806,-0.4479610910,0.0604615410,0.5247843614,-0.2809316862,0.3350191911,0.1199958508,0.6682492399,0.3189056260,-0.3331876180,-0.3739370040,-0.6468263839,0.2689413599,-0.2120837956,0.1237816288,-0.0250864444,0.7238538193,-0.9390075415,0.4047717915,0.0212107421,-0.2242328424
-1.5195564960,0.7669909667,0.8212584267,0.0051080817,-0.0906318779,-0.7578778366,0.6460502728,-0.2144310001,0.2344784318,0.2567712537,0.2754788227,0.3469551018,-0.1395855902,0.0887551831,-0.4196883326,-0.0205039667,0.4537559471,-0.2068839979,0.2861134289,0.0849734297,0.6870704666,0.2385662752,-0.3043564002,-0.4066936517,-0.6745881412,0.2273956351,-0.2250568597,0.2281236178,-0.1101432653,0.6561936539,-0.8583316535,0.4074664741,0.0798849854,-0.2498986893
-1.5306609812,0.7683119253,0.8533229805,0.0010811758,-0.0937461743,-0.7409470136,0.6649872246,-0.1512793701,0.1681785050,0.3773821997,0.2843168848,0.3334264614,-0.1196816061,0.1646967099,-0.3897556859,-0.1084464055,0.3500679894,-0.0575684692,0.2307029178,0.0542013336,0.6826355698,0.1732665286,-0.2715091110,-0.4259509911,-0.7191790081,0.1853497767,-0.2587839789,0.3102191792,-0.1434578592,0.5557885160,-0.7345802990,0.3096915368,0.1595973035,-0.2771573589
-1.5403759766,0.7720563490,0.8804728840,0.0012755915,-0.0905600727,-0.7319585452,0.6753028463,-0.0947680504,0.1037772940,0.4315118088,0.2847569666,0.3284548098,-0.1196609548,0.2072161443,-0.3589470479,-0.1706396755,0.2441424937,0.1548049311,0.1788516154,0.0672431709,0.6314877590,0.1459395297,-0.2702378154,-0.4255207446,-0.7780793902,0.1473521588,-0.3450566692,0.3176157766,-0.1520566011,0.4892443213,-0.5369449394,0.0222160316,0.2650018223,-0.3254894947
-1.5499224147,0.7783778311,0.9001060743,0.0046996521,-0.0778738119,-0.7271681068,0.6820118233,-0.0755745636,0.0453932548,0.3747385875,0.3042484667,0.3378408443,-0.1590562631,0.1618975037,-0.3312462206,-0.1828715523,0.2560646768,0.2363232803,0.1606469998,0.0756608311,0.5645155684,0.1286045183,-0.2566145652,-0.4393401404,-0.7855862260,0.1403147078,-0.3632105654,0.3116715324,-0.1777337999,0.4630678596,-0.4550781800,-0.0270953480,0.3062108414,-0.3310296668
-1.5598476823,0.7838097491,0.9111499397,0.0010419901,-0.0655024050,-0.7232715659,0.6874493371,-0.0463388766,-0.0065525053,0.2514506610,0.3097010345,0.3409202224,-0.2243900846,0.1223838586,-0.2980474643,-0.1857827842,0.2817774245,0.2820560083,0.1529717371,0.0869213771,0.5040911459,0.1301453367,-0.2502269667,-0.4629672360,-0.7930794262,0.1381104670,-0.3618627176,0.3223770492,-0.2032473832,0.4782677607,-0.4171988474,-0.0056082655,0.3352283846,-0.3208132703
-1.5716284104,0.7886127653,0.9115698596,-0.0059350630,-0.0569933799,-0.7189050999,0.6927423670,0.0002850954,-0.0537937350,0.1287454610,0.2877498924,0.3436878787,-0.2480893745,0.0905914240,-0.2625144471,-0.1685619460,0.3189273613,0.2795781675,0.1294299767,0.0876563311,0.4573551283,0.1400842038,-0.2614594108,-0.4967607655,-0.8007702932,0.1434944395,-0.3428745541,0.3436154195,-0.2314696532,0.5026465226,-0.4236737594,0.0579525101,0.3348856948,-0.2954101540
-1.5837721772,0.7942552460,0.9003180580,-0.0147350111,-0.0472470385,-0.7127855237,0.6996337571,0.0578375350,-0.0572285849,0.1095507398,0.2141560757,0.2723384295,-0.0580781113,0.0306296355,-0.2321628493,-0.1694475682,0.4194954976,0.2466035912,0.0870396358,0.0787698883,0.4240339597,0.1595391562,-0.2950041350,-0.5567429631,-0.8179695037,0.1835703217,-0.2794557965,0.3865057914,-0.2778404906,0.5094996711,-0.4979149118,0.1965196908,0.2727750268,-0.1847061838
-1.5953621075,0.8007145081,0.8898898608,-0.0179213735,-0.0469763464,-0.7050269804,0.7073959317,0.0822595287,-0.0509465619,0.1372843361,0.1945489123,0.1057101837,0.0124699896,-0.0276246293,-0.2359439611,-0.1929431943,0.5274487442,0.2499106128,0.0623059434,0.0488511801,0.3850311188,0.1631922132,-0.3558256479,-0.6087382128,-0.8037845111,0.2198085019,-0.2012264236,0.4077701758,-0.3284985695,0.5014668464,-0.5602106363,0.1816882651,0.2246488964,-0.1522393586
-1.6050054720,0.8062203636,0.8764320042,-0.0239923670,-0.0588072881,-0.6889468002,0.7220238055,0.1057957743,-0.0484511731,0.0722768383,0.1988395355,-0.0216862541,0.0053707541,-0.0723710699,-0.2625398138,-0.2072002167,0.6555548314,0.2202450367,0.0374860296,-0.0063187976,0.3413219586,0.1575715382,-0.4512873783,-0.6236126072,-0.7687281950,0.2654730181,-0.0958730987,0.4366515098,-0.3662774423,0.4291314066,-0.5943840264,0.1319941986,0.2185521919,-0.1424751343
-1.6150483162,0.8114424015,0.8678528335,-0.0238141339,-0.0635992048,-0.6773197500,0.7325475988,0.1013859484,-0.0413873797,0.0303005342,0.2083300250,-0.0651966291,-0.0030330433,-0.1165177945,-0.2872312165,-0.2144212576,0.7310536144,0.1954868399,0.0108609395,-0.0357789768,0.2435055637,0.1472075861,-0.5720119321,-0.5799635668,-0.7072915767,0.3059184437,0.0090801676,0.4295614724,-0.3555881951,0.3053214591,-0.5941094496,0.1085621508,0.2250753648,-0.1745412654
-1.6252018606,0.8153311812,0.8658759130,-0.0212788982,-0.0622394520,-0.6709868915,0.7385459028,0.0837839977,-0.0274692901,0.0287601954,0.2175596479,-0.0639326902,-0.0144243549,-0.1328880588,-0.2998949314,-0.2463401932,0.7214765852,0.1801618262,-0.0190885308,-0.0521492775,0.1731286407,0.1291212897,-0.5508468970,-0.5626395725,-0.7107260935,0.3230222197,0.0414928246,0.3914457691,-0.3238233303,0.1916734288,-0.5875852861,0.0990412812,0.2312411852,-0.2114583791
-1.6367705703,0.8175918700,0.8705914513,-0.0213128292,-0.0572816030,-0.6651541390,0.7442006132,0.0662590128,-0.0055926256,0.0158584352,0.2201023980,-0.0540112218,-0.0257187542,-0.1349167129,-0.2873251794,-0.2752525098,0.6694483935,0.1648509300,-0.0343755369,-0.0513511734,0.1157398761,0.1179985933,-0.5021194605,-0.5580392498,-0.7209774775,0.3429847398,0.0607129468,0.3552552730,-0.2770712040,0.1040978542,-0.5893482527,0.0844511970,0.2302556072,-0.2417190348
-1.6498691323,0.8173689842,0.8805106731,-0.0219647458,-0.0524006937,-0.6584617878,0.7504663825,0.0556102610,0.0173676420,-0.0039375290,0.2139822341,-0.0295384033,-0.0405085370,-0.1075469871,-0.2515679056,-0.2845219035,0.5682436358,0.1384670799,-0.0313115398,-0.0314798122,0.0667848532,0.1018095109,-0.4614556782,-0.5676422277,-0.7343413766,0.3593093557,0.0778375016,0.3401217941,-0.2323636755,0.0720002149,-0.5964541864,0.0611971909,0.2269657873,-0.2721753693
-1.6646559062,0.8154406828,0.8917335405,-0.0247264977,-0.0440094250,-0.6497650774,0.7584570621,0.0386558736,0.0490090011,-0.0323047705,0.2093037821,0.0209048074,-0.0562015584,-0.0734517754,-0.1944309550,-0.2623235481,0.4494215506,0.1287872079,-0.0169574095,-0.0156307300,0.0295477574,0.0954298724,-0.4588655450,-0.5986892634,-0.7367791008,0.3638600474,0.0942721140,0.3338910771,-0.1948867844,0.1054056871,-0.6169058635,0.0419153959,0.2174386770,-0.2901806680
-1.6791931455,0.8140712350,0.8996049233,-0.0270261371,-0.0360048519,-0.6394259536,0.7675335097,0.0133663236,0.0787743837,-0.0635839771,0.2119550814,0.0917868248,-0.0720061636,-0.0430922187,-0.1403159772,-0.2153707623,0.3466750000,0.1435493946,-0.0019069712,-0.0105767476,0.0019584758,0.0935649572,-0.4716684146,-0.6469175873,-0.7273793384,0.3518150995,0.1085355287,0.3253327207,-0.1646486396,0.1516286484,-0.6472499967,0.0455773941,0.2021869727,-0.2873115656
-1.6931795452,0.8139109329,0.9027934838,-0.0326718908,-0.0286177850,-0.6262582445,0.7784048953,-0.0153076637,0.1119157099,-0.0915698784,0.2235110182,0.1633291948,-0.0913444698,-0.0081163670,-0.0956437104,-0.2044879551,0.2800519630,0.1514856018,0.0188945974,-0.0090332749,-0.0137051318,0.0987041014,-0.4834105147,-0.7082136427,-0.7151091652,0.3222951432,0.1175579590,0.3161298016,-0.1384680451,0.1923420937,-0.6880171289,0.0768676265,0.1772623596,-0.2625219011
-1.7060053120,0.8144476079,0.8984419765,-0.0402605338,-0.0299502585,-0.6104876863,0.7904345997,-0.0300524815,0.1340641193,-0.1152949178,0.2392253454,0.2261738424,-0.1276380120,0.0526801112,-0.0629724210,-0.2439425738,0.2128513002,0.1257281456,0.0509009304,-0.0096697208,0.0036676427,0.1127994919,-0.4988158346,-0.7952577854,-0.7017263516,0.2664354776,0.1089679700,0.3344181367,-0.1218790311,0.2265395468,-0.7399478587,0.1449226053,0.1433878075,-0.2075396538
-1.7171966616,0.8157304650,0.8887681201,-0.0492825255,-0.0335345122,-0.5977908500,0.7994327795,-0.0431572392,0.1520865119,-0.1254117227,0.2602624713,0.2719189582,-0.1704210218,0.1021474743,-0.0352254068,-0.2805876242,0.1708649233,0.0407711568,0.0656308902,-0.0064650937,0.0641769657,0.1562914087,-0.4662812274,-0.9731573118,-0.7083189382,0.1588861442,0.0183257447,0.3808894475,-0.1253491689,0.2308149835,-0.8468932896,0.2860900706,0.0908426330,-0.0573292970
-1.7272972258,0.8188127486,0.8736414761,-0.0586889298,-0.0379611916,-0.5970980928,0.7991172787,-0.0676624660,0.1720735109,-0.0899293320,0.3205471393,0.2692635864,-0.1808747086,0.1219739298,-0.0150872724,-0.2689234211,0.1757564928,-0.0798381874,0.0650363152,0.0231737344,0.0941354597,0.1742287550,-0.4144322632,-1.0987905011,-0.7560033155,0.1112277136,-0.0716845527,0.3899985229,-0.1392875018,0.2512872634,-0.9267492928,0.3195458407,0.0830595556,0.0213390377
-1.7355469249,0.8230715954,0.8606053380,-0.0731392492,-0.0429745104,-0.6056858313,0.7911690815,-0.0757622954,0.1982584316,-0.0668815560,0.3752152516,0.2674536203,-0.1790704492,0.1301191959,0.0043344228,-0.2526104021,0.1961767513,-0.1211367345,0.0607542863,0.0750856072,0.1010525762,0.1824913813,-0.3788501030,-1.1516057112,-0.7747169953,0.0947015195,-0.0797741926,0.3626512842,-0.1522089825,0.2989434417,-0.9556131505,0.3230046268,0.0783357668,0.0231027203
-1.7443313548,0.8266757068,0.8501194253,-0.0877993529,-0.0497760043,-0.6199489938,0.7781239414,-0.0796517910,0.2280905077,-0.0405483779,0.4423677991,0.2417652781,-0.1910778521,0.1312817206,0.0220375177,-0.2133956902,0.2250523040,-0.1429056192,0.0513137230,0.0897574614,0.2033757968,0.1794354986,-0.2728448658,-1.2519791207,-0.8112630095,0.0858446918,-0.0880782448,0.2723771012,-0.1769304802,0.4720488023,-0.9070988076,0.2578273796,0.1072424933,-0.0342508394
-1.7488268178,0.8299087596,0.8451687123,-0.0855468462,-0.0506241022,-0.6300257662,0.7701859979,-0.0920880429,0.2293766193,-0.0313304253,0.4688000013,0.2298391837,-0.1965785175,0.1127024361,0.0168042425,-0.1984541171,0.2434681262,-0.1472496667,0.0521921881,0.0536647275,0.2596810116,0.1348384724,-0.2073565438,-1.2433382132,-0.7729447665,0.1288186688,0.0002611646,0.1149655664,-0.1918329247,0.6638768098,-0.7652453550,0.1838268571,0.1358354459,-0.1472005847
-1.7514127545,0.8316844257,0.8463861939,-0.0809994973,-0.0476954266,-0.6357630326,0.7661394090,-0.1025674497,0.2272242487,-0.0281611119,0.4675711791,0.2253204335,-0.1901399678,0.0907312324,0.0135576337,-0.1908018156,0.2528288558,-0.1419808949,0.0508976192,0.0367369373,0.2590565195,0.1169495711,-0.2082261640,-1.2158772410,-0.7439677561,0.1533443214,0.0262170881,0.0533223986,-0.1910601420,0.6693934189,-0.7268814629,0.1872614533,0.1538071231,-0.1702686457
-1.7512383117,0.8311438624,0.8532615777,-0.0797743707,-0.0496348090,-0.6423285454,0.7606487200,-0.0501156978,0.2261876825,0.0059982839,0.3939283237,0.1858263002,-0.1495152761,0.1087689311,0.0130835661,-0.1722386559,0.2211493163,-0.1331599161,0.0480159099,0.0135431968,0.2171227723,0.1062895434,-0.3010053397,-0.9556367617,-0.5413917094,0.2933545475,0.1905719553,-0.0282821679,-0.0852870616,0.6185251983,-0.4996618820,0.2411488443,0.2682607678,-0.2514545308
-1.7482817554,0.8289102251,0.8626686956,-0.0702449716,-0.0500926048,-0.6494089501,0.7555292122,-0.0116367092,0.2134036344,0.0639366771,0.3178523383,0.1407703508,-0.0934001154,0.1089575966,-0.0031466288,-0.1559402721,0.1989308815,-0.1213192582,0.0493437640,-0.0037810650,0.1747001539,0.0950321199,-0.3646386960,-0.7638927072,-0.4609246751,0.3673523578,0.1848813233,-0.0383227582,-0.0430278037,0.4761254255,-0.4591918846,0.2567112088,0.3132208833,-0.3098233719
-1.7443981550,0.8263380060,0.8717446133,-0.0579123356,-0.0461756345,-0.6573171172,0.7499654523,0.0176728849,0.1949032501,0.1115745541,0.2381136303,0.1177435836,-0.0488727610,0.1019116515,-0.0183208317,-0.1351831176,0.1715548443,-0.1046662484,0.0517050242,0.0113030135,0.0917690907,0.0737362047,-0.4774157511,-0.5177581909,-0.4181001005,0.4400758821,0.0979445956,-0.0240605467,-0.0156663384,0.3613566038,-0.4789586648,0.2018530214,0.3335320334,-0.3931877408
-1.7392960635,0.8229970955,0.8775652515,-0.0485950644,-0.0415031039,-0.6646802014,0.7443898454,0.0407840214,0.1819707800,0.1395286161,0.1855388031,0.1056354528,-0.1298328554,0.0944213568,-0.0299754149,-0.1133498379,0.1523197031,-0.0932481195,0.0554738480,0.0299814062,0.0673227422,0.0487080771,-0.5090925297,-0.3645015559,-0.5712464966,0.4460642914,-0.0523580810,0.0028056913,-0.0100150092,0.3322479234,-0.5332985939,0.0479896459,0.2884311201,-0.4322205832
-1.7354214477,0.8187313452,0.8825923399,-0.0415269362,-0.0388496676,-0.6711062211,0.7391770133,0.0605480366,0.1675013711,0.1721025830,0.1533757408,0.0629014794,-0.1403093360,0.0916577633,-0.0403144825,-0.0985961260,0.1370286727,-0.0852342597,0.0579335216,0.0268109528,0.1045585096,0.0424527137,-0.5121719886,-0.3433573650,-0.8834492814,0.3437138748,-0.2131524330,0.0318688378,-0.0193652472,0.3425632701,-0.5833623967,-0.0732059605,0.2192196572,-0.3898042528
-1.7324789719,0.8140476929,0.8870504846,-0.0366412329,-0.0404817638,-0.6754893266,0.7353453722,0.0803361574,0.1513916953,0.1996484293,0.1300582059,0.0390556437,-0.1383203682,0.0974030283,-0.0523024294,-0.0904283616,0.1244311332,-0.0792938193,0.0594448567,0.0083212997,0.1511854430,0.0552136884,-0.5859558488,-0.4035304668,-1.1112695288,0.1975810065,-0.3246980904,0.0631423199,-0.0408733660,0.3502428873,-0.6275735819,-0.1002667100,0.1622907130,-0.2935847672
-1.7298783472,0.8102770265,0.8902838183,-0.0325666375,-0.0417362438,-0.6770561263,0.7340248647,0.0844681398,0.1395544622,0.2065591680,0.1267940364,0.0300418794,-0.1355176315,0.0949391292,-0.0629787361,-0.0893739510,0.1279459512,-0.0772451382,0.0609411139,-0.0160484638,0.1675595768,0.0590132700,-0.6657003550,-0.4437351211,-1.1367436542,0.1646733934,-0.3276706270,0.0660093533,-0.0603566595,0.3607957505,-0.6559049955,-0.0799360167,0.1373395444,-0.2570471744
-1.7268284838,0.8064019560,0.8925266067,-0.0292729504,-0.0436070075,-0.6760753349,0.7349582742,0.0838461173,0.1284253170,0.2019116162,0.1261157097,0.0292641456,-0.1324662442,0.0932431889,-0.0734107569,-0.0917754783,0.1314813469,-0.0739564216,0.0626909566,-0.0163050610,0.1727930060,0.0615991523,-0.6965293121,-0.4781278978,-1.1249145504,0.1559233076,-0.3083379678,0.0747516020,-0.0811137309,0.3659017419,-0.6739572555,-0.0563440747,0.1224342154,-0.2347017796
-1.7237727075,0.8025190924,0.8937440422,-0.0311020637,-0.0482129890,-0.6732421824,0.7371927381,0.0960949622,0.1213484359,0.1956848373,0.1236068580,0.0258519306,-0.1298018752,0.1062317139,-0.0791554090,-0.0958259050,0.1332041319,-0.0739744576,0.0643668620,-0.0086115599,0.1920650194,0.0596147466,-0.6843247394,-0.5015320083,-1.0829925000,0.1638806118,-0.2798730276,0.1027766989,-0.0940244420,0.3662892582,-0.6763141254,-0.0311101980,0.1177093434,-0.2225083513
-1.7214007561,0.7976864004,0.8946303788,-0.0405228477,-0.0561999001,-0.6711397922,0.7380859363,0.1477550758,0.1190197535,0.1967211114,0.0870615889,0.0186570970,-0.1287365360,0.1594851056,-0.0755184347,-0.1080771088,0.0966267877,-0.0733584303,0.0664391880,-0.0082417456,0.3074781988,0.0539723302,-0.6082972137,-0.5311136699,-0.8727322152,0.2193936593,-0.1721317630,0.2009876998,-0.0723172489,0.3473239769,-0.6368418032,0.0500580364,0.1386836825,-0.2266548769
-1.7200639805,0.7971537745,0.8949897946,-0.0356446238,-0.0502712984,-0.6694969606,0.7402540625,0.1232945491,0.1190903974,0.1898921393,0.0961887084,0.0273678611,-0.1260339181,0.1364696027,-0.0761388457,-0.1135037160,0.1069741764,-0.0637260008,0.0663450882,0.0122015855,0.2813578059,0.0506075317,-0.5392565390,-0.5409706861,-0.8313356217,0.2314928137,-0.1497058179,0.1919828533,-0.0688899676,0.3237989167,-0.6223381140,0.0547616752,0.1476419518,-0.2405956956
-1.7181235380,0.7965225279,0.8953684638,-0.0387123510,-0.0552572680,-0.6675894298,0.7414663455,0.1420285807,0.1145567680,0.1811299987,0.0882464114,0.0235892107,-0.1270851751,0.1571782664,-0.0793557211,-0.1299550201,0.0994492841,-0.0668610339,0.0668837253,0.0262585802,0.3097117767,0.0341285101,-0.4339293345,-0.5253803561,-0.7534774519,0.2705556072,-0.1056390570,0.2277597857,-0.0218654571,0.3133076080,-0.5164355535,0.0418728774,0.2064094835,-0.2878731317
-1.7160775048,0.7977486746,0.8954725007,-0.0305032898,-0.0507702150,-0.6645839364,0.7448624880,0.1126097139,0.1074179045,0.1742567198,0.0973562362,0.0336941393,-0.1241437570,0.1304673224,-0.0876571880,-0.1383416797,0.1109413486,-0.0564048833,0.0666083840,0.0469471419,0.2650536877,0.0379964103,-0.4022170056,-0.5396035781,-0.7511426835,0.2758122490,-0.0825499037,0.2177268217,-0.0156454096,0.3111424682,-0.4994932334,0.0287482436,0.2170802156,-0.2968729582
-1.7147926728,0.7981685668,0.8954364670,-0.0280067011,-0.0513817194,-0.6575523263,0.7511327990,0.1007259569,0.1038831795,0.1624908565,0.1052978388,0.0375234327,-0.1226543152,0.1256659078,-0.0924325685,-0.1536975092,0.1214607755,-0.0545098041,0.0664975529,0.0603755712,0.2271121099,0.0465167241,-0.3925491580,-0.5485027258,-0.7589563061,0.2830799753,-0.0590745965,0.2307520540,0.0018619400,0.3187681066,-0.4754821458,0.0164401462,0.2337944961,-0.2927556816
-1.7140185278,0.7982385300,0.8953306868,-0.0263616818,-0.0530341594,-0.6461601580,0.7609004467,0.0916693230,0.1012247986,0.1433546084,0.1092167013,0.0401990101,-0.1214311541,0.1295279567,-0.0949363060,-0.1757424197,0.1267335384,-0.0574235774,0.0663296329,0.0665758042,0.1896815967,0.0570928790,-0.4009089067,-0.5559601608,-0.7681062782,0.2921859571,-0.0349691496,0.2495468944,0.0216236633,0.3350063261,-0.4609292758,0.0169767039,0.2440774706,-0.2769204713
-1.7133360396,0.7982565158,0.8951077918,-0.0249149120,-0.0556885991,-0.6320315861,0.7725374432,0.0844349674,0.0974246033,0.1168483300,0.1105179056,0.0420274277,-0.1202200402,0.1387274321,-0.0970387258,-0.2027523849,0.1284726056,-0.0632099384,0.0662358846,0.0719396360,0.1497184162,0.0643533799,-0.4110377150,-0.5644837632,-0.7711684670,0.3010748740,-0.0122353697,0.2675592241,0.0384550409,0.3570167694,-0.4588246687,0.0318558152,0.2437546289,-0.2545574535
-1.7129469341,0.7984992081,0.8949590750,-0.0232364082,-0.0582371724,-0.6167306604,0.7846730488,0.0770427511,0.0931320932,0.0848614674,0.1100905147,0.0441891295,-0.1193683005,0.1494085458,-0.0981590014,-0.2316739924,0.1274211325,-0.0701041258,0.0660918382,0.0752833723,0.1067084256,0.0676694272,-0.4236662869,-0.5748167070,-0.7647586509,0.3085656939,0.0083654784,0.2818372617,0.0491558272,0.3781160897,-0.4652753138,0.0402729839,0.2361943854,-0.2356724194
-1.7128391202,0.7993102450,0.8948411147,-0.0209457360,-0.0601493444,-0.6004800950,0.7970991080,0.0677724822,0.0883539862,0.0498135231,0.1085068340,0.0471391345,-0.1188914111,0.1589663811,-0.0985095375,-0.2624688866,0.1248797310,-0.0766319147,0.0658495512,0.0758144614,0.0621663216,0.0666066311,-0.4376454832,-0.5859769343,-0.7467572644,0.3146090761,0.0249278108,0.2927930872,0.0533286088,0.3886101190,-0.4729013821,0.0335312825,0.2294587864,-0.2243905791
-1.7126867558,0.8007745136,0.8946204742,-0.0181232591,-0.0617182031,-0.5842207772,0.8090417136,0.0569958939,0.0822809732,0.0132364613,0.1069778521,0.0510291310,-0.1185488261,0.1666866760,-0.0993891723,-0.2937990679,0.1222260013,-0.0822679291,0.0657669461,0.0820104815,0.0194935514,0.0548163289,-0.4371888962,-0.5979258741,-0.7028328059,0.3166366181,0.0367330638,0.3004152689,0.0515995721,0.3919629714,-0.4797546006,0.0315014483,0.2238828463,-0.2181609214
-1.7119534491,0.8015395523,0.8944721833,-0.0183594768,-0.0709097118,-0.5668432927,0.8205628702,0.0776871383,0.0696887066,-0.0512270543,0.0845779258,0.0530871077,-0.1182350291,0.2105751962,-0.1015942791,-0.3622873599,0.0925225719,-0.0977155765,0.0736237838,0.0781423804,0.0132438539,0.0129788764,-0.4006239523,-0.5826332905,-0.3606175902,0.3100822679,0.0278867841,0.3543479810,0.0415119555,0.3877774115,-0.4802817854,0.0811461266,0.2281358155,-0.1973504698
-1.7120832986,0.8036507128,0.8942185568,-0.0146895651,-0.0719148745,-0.5523168003,0.8303966640,0.0658051650,0.0623018132,-0.0839414505,0.0836506271,0.0593110181,-0.1181319942,0.2138672781,-0.1034858417,-0.3929307684,0.0917101380,-0.1004017539,0.0747969094,0.0824831131,0.0110553900,-0.0112157552,-0.3120773154,-0.6213327945,0.0782814106,0.2286161823,-0.0033895089,0.3540794945,0.0260041979,0.3667028786,-0.4872670386,0.1585634332,0.2340835872,-0.1795669656
-1.7127797584,0.8056545049,0.8940561960,-0.0118926948,-0.0726878132,-0.5388294287,0.8391888300,0.0550008332,0.0567828959,-0.1134844050,0.0831643066,0.0648629674,-0.1186877112,0.2165769922,-0.1036542406,-0.4213164103,0.0916632625,-0.1028373018,0.0749755290,0.0801684125,0.0120337726,-0.0197281435,-0.2599100688,-0.6820994305,0.4756079243,0.1080239666,-0.0262072183,0.3464562163,0.0019402400,0.3490230015,-0.4938537653,0.2066135982,0.2449495166,-0.1650360361
-1.7140726883,0.8074272803,0.8939662844,-0.0096208843,-0.0730028551,-0.5271135173,0.8465987016,0.0454989290,0.0530649737,-0.1386288128,0.0819664245,0.0699568673,-0.1199790632,0.2182672091,-0.1024332258,-0.4463459259,0.0912886397,-0.1048747194,0.0744090823,0.0787541928,0.0091056139,-0.0093910091,-0.2383630363,-0.7546388981,0.7358984056,-0.0174008139,-0.0245664524,0.3358905295,-0.0276709149,0.3331427746,-0.5053474266,0.2028946069,0.2557194764,-0.1747517642
-1.7164376009,0.8094375119,0.8938458707,-0.0060629935,-0.0663725714,-0.5179063436,0.8528369956,0.0155006436,0.0558272365,-0.1497240149,0.0893699897,0.0795204472,-0.1234464898,0.1959743448,-0.0966918857,-0.4500401447,0.1001140467,-0.0992127354,0.0680344636,0.0927758396,-0.0363239622,0.0059174800,-0.2027040263,-0.7949312556,0.7670939942,-0.0534669064,-0.0236578018,0.3004500828,-0.0492511528,0.3120821615,-0.5237486077,0.1917263842,0.2487344828,-0.1880371255
-1.7189067202,0.8107614246,0.8936483701,-0.0052676882,-0.0654852120,-0.5097514945,0.8578096248,0.0033370618,0.0564055688,-0.1641627688,0.0953129300,0.0827632977,-0.1261082862,0.1913562097,-0.0932157275,-0.4598158435,0.1064829780,-0.1003044503,0.0644566427,0.1035681331,-0.0650094954,0.0364295140,-0.1755022900,-0.8259297892,0.7706790093,-0.0808438975,-0.0140272835,0.2780980387,-0.0784446140,0.2960961043,-0.5369021541,0.1733410789,0.2426300687,-0.2052973441
-1.7218707806,0.8114447472,0.8933621717,-0.0055644259,-0.0660055304,-0.5014815933,0.8626288418,-0.0038071080,0.0580491068,-0.1803464488,0.0987277551,0.0847107780,-0.1291430958,0.1919170046,-0.0880874928,-0.4728131497,0.1100769304,-0.1032516568,0.0612027764,0.1122668293,-0.0801384111,0.0848102354,-0.1674448353,-0.8438105757,0.7347749666,-0.0948388196,0.0062484396,0.2627957277,-0.1091815739,0.2868841835,-0.5489456820,0.1504147170,0.2352958026,-0.2245606194
-1.7245552885,0.8109743334,0.8930690012,-0.0103362307,-0.0756368882,-0.4916420797,0.8674446893,0.0241762608,0.0589804843,-0.2139230283,0.0810138425,0.0834127415,-0.1325171550,0.2302912405,-0.0795379353,-0.5159422004,0.0900785246,-0.1141548935,0.0642830064,0.1124782989,-0.0504913088,0.1407349454,-0.1978438904,-0.8548843252,0.4747853514,-0.0652828336,0.1267147428,0.2953841033,-0.1500857835,0.3102947979,-0.5549166771,0.0623111857,0.2238075879,-0.2817757785
-1.7283709173,0.8118248148,0.8925749796,-0.0122424009,-0.0766544744,-0.4830473224,0.8721464897,0.0193541338,0.0637146771,-0.2328606744,0.0825281973,0.0877575552,-0.1372145636,0.2342459986,-0.0701066886,-0.5331364089,0.0896442203,-0.1157666595,0.0606430337,0.1140961501,-0.0628005208,0.1915148949,-0.2511034611,-0.8630888047,0.1676919629,0.0139712131,0.2239428147,0.2842474855,-0.1752370349,0.3226385783,-0.5684035487,0.0196301397,0.2126032066,-0.3201729811
-1.7324272839,0.8131534865,0.8920382798,-0.0137588107,-0.0770152755,-0.4744540552,0.8767968362,0.0118939968,0.0680412570,-0.2511802829,0.0848180207,0.0926237498,-0.1418460159,0.2354678284,-0.0611056586,-0.5501070645,0.0902122173,-0.1176954592,0.0567265836,0.1143070207,-0.0799082501,0.2354923415,-0.3334102562,-0.8555006343,-0.1451773547,0.1197954038,0.2811413968,0.2681382265,-0.1937224936,0.3366448321,-0.5783219766,0.0037796217,0.2075040306,-0.3445315907
-1.7365903633,0.8149371794,0.8914980289,-0.0146057645,-0.0767363532,-0.4660396089,0.8813088486,0.0022121652,0.0714212874,-0.2678214416,0.0870216254,0.0986938292,-0.1462612986,0.2341496741,-0.0530885118,-0.5659591062,0.0910204445,-0.1192753799,0.0528065707,0.1107601880,-0.1005559223,0.2682423137,-0.4403137231,-0.8252930028,-0.4142897091,0.2182993269,0.2835241305,0.2423659764,-0.2052205275,0.3536456949,-0.5829037886,-0.0081802175,0.2063284873,-0.3626848242
-1.7408859082,0.8174749804,0.8910100848,-0.0145773671,-0.0753935803,-0.4587505607,0.8852407760,-0.0100056932,0.0738172465,-0.2814252045,0.0886144308,0.1054631787,-0.1502429381,0.2288038643,-0.0467237603,-0.5790500446,0.0921286125,-0.1198416069,0.0488475434,0.1061268820,-0.1239832195,0.2892508354,-0.5591833651,-0.7725538102,-0.6055890572,0.2873759899,0.2402525961,0.2048496831,-0.2094437019,0.3766088910,-0.5796286187,-0.0173893604,0.2081319799,-0.3674992423
-1.7460562514,0.8208228637,0.8903309913,-0.0117311027,-0.0672770941,-0.4538809656,0.8884414685,-0.0447973561,0.0775442964,-0.2841888993,0.0974098193,0.1173637474,-0.1555004846,0.1984887104,-0.0412477598,-0.5766794142,0.1009810408,-0.1122310821,0.0401746271,0.0998554845,-0.1330322790,0.3101916544,-0.6163319397,-0.7588403318,-0.6432486516,0.2966295255,0.2296713862,0.1607486699,-0.2156147494,0.3820442076,-0.5950921802,-0.0167498745,0.1998202337,-0.3695658779
-1.7512482855,0.8245152666,0.8893743722,-0.0119610548,-0.0651042087,-0.4491662019,0.8909927600,-0.0627234387,0.0800728363,-0.2898071440,0.1057768361,0.1238445051,-0.1590962016,0.1855573869,-0.0369279643,-0.5792669899,0.1087738176,-0.1107464390,0.0343452444,0.0968691416,-0.1235621724,0.3185474818,-0.6863524400,-0.7263337135,-0.6695216156,0.3079161493,0.2054042928,0.1247743952,-0.2156577038,0.4030297731,-0.6051610988,-0.0146472444,0.1951591708,-0.3676612451
-1.7568483780,0.8285859832,0.8882126084,-0.0128258891,-0.0614699702,-0.4449966277,0.8933280140,-0.0809857590,0.0852452222,-0.2968620962,0.1110368048,0.1297582035,-0.1627388446,0.1719938021,-0.0296580000,-0.5837756119,0.1131279323,-0.1105780717,0.0286375744,0.1039846772,-0.1079075755,0.3074007270,-0.7333866387,-0.6843946599,-0.6801407032,0.3183845705,0.1729617448,0.0936171154,-0.2087392376,0.4274456380,-0.6117801524,-0.0108001697,0.1928162516,-0.3635466434
-1.7623320297,0.8328859635,0.8869776104,-0.0132851655,-0.0551226793,-0.4419173094,0.8952620210,-0.1030469253,0.0919346954,-0.3032695213,0.1149388035,0.1362218935,-0.1663669192,0.1544237660,-0.0207744424,-0.5877954120,0.1148306781,-0.1104610681,0.0230118118,0.1181582914,-0.0862223455,0.2822730379,-0.7529413970,-0.6369074009,-0.6809516609,0.3301265365,0.1373302241,0.0649331223,-0.1955652249,0.4541627546,-0.6162514526,-0.0042075107,0.1922824088,-0.3588905580
-1.7670706031,0.8368989235,0.8858646707,-0.0135537954,-0.0479076032,-0.4408237347,0.8962118004,-0.1257410358,0.0985984328,-0.3075303714,0.1199278782,0.1433675900,-0.1695195547,0.1358818494,-0.0125024645,-0.5898737627,0.1155200341,-0.1102236539,0.0181100453,0.1339401226,-0.0564460120,0.2476669424,-0.7478121337,-0.5897596135,-0.6763476553,0.3433851575,0.1026266550,0.0348752302,-0.1761831158,0.4801304965,-0.6200054608,0.0033265749,0.1917774191,-0.3545725865
-1.7706227614,0.8400195265,0.8854138134,-0.0133536586,-0.0425513639,-0.4446577088,0.8945896172,-0.1421834289,0.1035327296,-0.3053046688,0.1263111192,0.1503226167,-0.1720440270,0.1202205492,-0.0084021678,-0.5856194993,0.1160834949,-0.1093737278,0.0141462553,0.1483965035,-0.0152560206,0.2068755775,-0.7316046676,-0.5500235849,-0.6733150747,0.3539120230,0.0720921323,0.0044394827,-0.1508892371,0.5040244076,-0.6228019215,0.0131894825,0.1915066945,-0.3483215823
-1.7730543377,0.8423262852,0.8857334666,-0.0120205127,-0.0389003475,-0.4531201588,0.8905191699,-0.1514408031,0.1067265753,-0.2944786609,0.1312690164,0.1555074365,-0.1738516768,0.1066601345,-0.0091709212,-0.5748956003,0.1165890304,-0.1072619369,0.0109648795,0.1650844862,0.0348732129,0.1624048032,-0.7170789896,-0.5222280177,-0.6760080668,0.3584582838,0.0486637313,-0.0235662212,-0.1227338551,0.5337310040,-0.6256009718,0.0249907484,0.1911240206,-0.3398814578
-1.7744209095,0.8439011145,0.8862524172,-0.0107901635,-0.0371778871,-0.4629953265,0.8855149376,-0.1538386271,0.1093445696,-0.2794536728,0.1340884440,0.1577417869,-0.1749783078,0.0966990793,-0.0124109019,-0.5614245283,0.1181842408,-0.1043723902,0.0085300339,0.1801995605,0.0894305815,0.1161775144,-0.7135909241,-0.5078286348,-0.6823214991,0.3550226464,0.0322993441,-0.0484698227,-0.0939380800,0.5721697637,-0.6287792872,0.0377239555,0.1904262152,-0.3303377654
-1.7749456959,0.8448469451,0.8868140979,-0.0095548634,-0.0368494905,-0.4725722456,0.8804693591,-0.1514474794,0.1108613122,-0.2623601487,0.1346760716,0.1573740664,-0.1753708044,0.0899173140,-0.0170762375,-0.5467770619,0.1202310415,-0.1012917244,0.0067410120,0.1894337146,0.1442259386,0.0706419342,-0.7218074227,-0.5035906711,-0.6870769200,0.3453149109,0.0189653532,-0.0699016660,-0.0641676273,0.6123728440,-0.6324217615,0.0514858200,0.1890113345,-0.3192152383
-1.7749195365,0.8453640509,0.8873451680,-0.0077855362,-0.0374103685,-0.4777976853,0.8776384345,-0.1488269067,0.1094187157,-0.2477350387,0.1333040565,0.1569418357,-0.1748477364,0.0859814729,-0.0224592583,-0.5355271296,0.1221747552,-0.0987779222,0.0055531715,0.1963971675,0.1974439070,0.0271556064,-0.7166463592,-0.4993530269,-0.6550163101,0.3422152244,-0.0022245777,-0.0841574694,-0.0341395834,0.6409803236,-0.6360212494,0.0675164733,0.1866634545,-0.3068544013
-1.7736517828,0.8432527997,0.8877878584,-0.0124876996,-0.0495895708,-0.4784374034,0.8766313837,-0.0973558867,0.1117777278,-0.2349904017,0.0999849066,0.1449592283,-0.1676730438,0.1298613876,-0.0196039625,-0.5360924544,0.0997231054,-0.1096889296,0.0146503745,0.1760188763,0.3328065935,-0.0270344934,-0.6321936298,-0.4828024623,-0.3307684538,0.3784530576,-0.0833414824,-0.0435921908,0.0477382557,0.6504392297,-0.6053312116,0.1403445652,0.1898312071,-0.2411677946
-1.7742501835,0.8431340500,0.8877303670,-0.0068179972,-0.0425307921,-0.4749911926,0.8789357278,-0.1266168219,0.1071011729,-0.2351956184,0.1081100752,0.1570486185,-0.1694559733,0.1035891316,-0.0233618432,-0.5340328700,0.1082009747,-0.0991814905,0.0092027091,0.1839418762,0.3260350063,-0.0462755807,-0.5820791577,-0.4934282034,-0.2748072333,0.3741311939,-0.0963689344,-0.0632228635,0.0551296696,0.6247223489,-0.6152947851,0.1516965323,0.1829430270,-0.2399273496
-1.7742979079,0.8422718517,0.8876189569,-0.0058768914,-0.0430885556,-0.4704868932,0.8813347388,-0.1337592745,0.1029026139,-0.2390969129,0.1170517033,0.1611810423,-0.1702852269,0.1006815489,-0.0260971440,-0.5343085121,0.1171074023,-0.0970586750,0.0072013589,0.1768425534,0.3265907317,-0.0545169004,-0.5435702915,-0.5014940464,-0.2401000439,0.3692930165,-0.1055971392,-0.0587088609,0.0731473812,0.5889696033,-0.6194337458,0.1562505459,0.1764362747,-0.2333546727
-1.7737601351,0.8409640800,0.8876489081,-0.0061842150,-0.0460539146,-0.4650019738,0.8840893376,-0.1342633397,0.0975525909,-0.2454897110,0.1239393356,0.1647073411,-0.1703662015,0.1056424488,-0.0284640840,-0.5382417648,0.1234878678,-0.0975059985,0.0067493976,0.1557619935,0.3211986407,-0.0445138654,-0.5444667461,-0.5121680764,-0.2353843087,0.3638248545,-0.1028086264,-0.0394888014,0.0926934633,0.5486329880,-0.6156638203,0.1553605827,0.1730074630,-0.2230533727
-1.7733388293,0.8402262024,0.8879003557,-0.0071820631,-0.0507569868,-0.4601386726,0.8863659223,-0.1320935107,0.0910802872,-0.2501058014,0.1309513386,0.1719396113,-0.1695877586,0.1138601953,-0.0315299477,-0.5458897262,0.1288603921,-0.0977329055,0.0068603050,0.1440211542,0.3066362362,-0.0206166654,-0.5696794709,-0.5241110906,-0.2610773503,0.3584393233,-0.0876900719,-0.0153183377,0.1068000502,0.5151487760,-0.6044034290,0.1492261313,0.1727632006,-0.2113020125
-1.7735387811,0.8408998864,0.8883590462,-0.0082885470,-0.0556854159,-0.4551700133,0.8886229197,-0.1319419443,0.0845278325,-0.2546590030,0.1379375129,0.1854222665,-0.1687238418,0.1208395292,-0.0351261124,-0.5569310119,0.1341807426,-0.0957548375,0.0063944914,0.1384763263,0.2831228297,0.0116961702,-0.6086236952,-0.5366069239,-0.3138690827,0.3526951689,-0.0624935030,0.0084075255,0.1130873042,0.4878766856,-0.5844899473,0.1397297224,0.1782874816,-0.1992209964
-1.7746066922,0.8422759440,0.8889694667,-0.0183717512,-0.0689942185,-0.4502863235,0.8900250016,-0.0876175701,0.0923768238,-0.2716004759,0.1123867264,0.2117703075,-0.1704759132,0.1672147028,-0.0235356784,-0.5904293756,0.1143743859,-0.0941129678,0.0105281844,0.1719642815,0.2960060066,0.0704904091,-0.6537448353,-0.5324296251,-0.6204261514,0.3445627580,-0.0023779018,0.0737710904,0.1441679788,0.4440375900,-0.4971977953,0.1163629849,0.2078487573,-0.1423293437
-1.7790871784,0.8471118474,0.8892407163,-0.0169707051,-0.0628553705,-0.4476773588,0.8918218320,-0.1231428114,0.0920631483,-0.2721933674,0.1248795963,0.2352536165,-0.1723787675,0.1338240431,-0.0252434168,-0.5920327048,0.1296089127,-0.0724661634,0.0033039625,0.1835386758,0.2529329201,0.0898925402,-0.6577152406,-0.5483132260,-0.6760133686,0.3420152505,0.0167237307,0.0557310147,0.1249023002,0.4568752538,-0.4962689268,0.1224324991,0.2091060227,-0.1454113227
-1.7849348520,0.8540872675,0.8885902248,-0.0192022094,-0.0616304205,-0.4423816959,0.8945006437,-0.1457977186,0.0933059285,-0.2794549965,0.1373971530,0.2566316155,-0.1740299538,0.1138843307,-0.0256247511,-0.6004250170,0.1480732199,-0.0511531313,-0.0027034377,0.1924884037,0.2183257452,0.1182442445,-0.6602438760,-0.5634377573,-0.7283048995,0.3418920034,0.0353236953,0.0532936534,0.1056981147,0.4809929492,-0.4927671763,0.1345215670,0.2126125680,-0.1486735781
-1.7915434299,0.8627020554,0.8867731701,-0.0200407728,-0.0606781944,-0.4355711542,0.8978832295,-0.1677314968,0.0913118373,-0.2898536527,0.1445718766,0.2758741934,-0.1756136041,0.0930950574,-0.0292039357,-0.6146596114,0.1652048042,-0.0273105623,-0.0091314498,0.1968689146,0.1902611719,0.1490822239,-0.6584766688,-0.5810423884,-0.7675981567,0.3454718331,0.0539527959,0.0581785797,0.0854330327,0.5097375840,-0.4929659906,0.1499113877,0.2138399955,-0.1537992285
-1.7994452205,0.8728140985,0.8843702555,-0.0170522970,-0.0580433447,-0.4283038064,0.9016074749,-0.1927709890,0.0844363797,-0.3018349062,0.1448625505,0.2921084105,-0.1774598892,0.0677409657,-0.0366423695,-0.6310147868,0.1773782821,-0.0056489929,-0.0165066880,0.1985093691,0.1664081398,0.1718773242,-0.6494979789,-0.6075589798,-0.7822496016,0.3443943479,0.0700405818,0.0641406262,0.0620138315,0.5381456967,-0.4993492019,0.1624165779,0.2105389541,-0.1615490673
-1.8082741135,0.8846572135,0.8818836521,-0.0103687182,-0.0524175615,-0.4217317763,0.9051448491,-0.2220310111,0.0738901866,-0.3119306089,0.1377749425,0.3034001202,-0.1796525146,0.0356517492,-0.0473158295,-0.6470336843,0.1837571718,0.0114205918,-0.0244895139,0.1918875687,0.1440135765,0.1933031085,-0.6406560804,-0.6387288067,-0.7901375137,0.3403361913,0.0851686199,0.0665173848,0.0343688790,0.5630650835,-0.5104005645,0.1700434056,0.2039142099,-0.1719443758
-1.8170940460,0.8981442606,0.8796129253,-0.0016915302,-0.0454444427,-0.4169204126,0.9078046656,-0.2515158089,0.0607498959,-0.3158631223,0.1256679759,0.3089266769,-0.1810438050,0.0027168224,-0.0590352800,-0.6621676401,0.1824406364,0.0166627814,-0.0320761645,0.1835293024,0.1231958369,0.2139307669,-0.6265252438,-0.6717124629,-0.7981194458,0.3358032326,0.0994934291,0.0637679922,0.0043425944,0.5806102402,-0.5216655985,0.1717676052,0.1968733154,-0.1829924824
-1.8254923780,0.9128406021,0.8780144838,0.0071751323,-0.0365122145,-0.4176611316,0.9078405999,-0.2793329031,0.0493274347,-0.3040574762,0.1111062010,0.3092262399,-0.1802307875,-0.0326254300,-0.0684113051,-0.6692646878,0.1744776463,0.0116512553,-0.0393474357,0.1770912917,0.1058107214,0.2332319194,-0.6050517272,-0.7053485516,-0.8040859736,0.3320127008,0.1129342769,0.0545616123,-0.0238577292,0.5902052398,-0.5302946378,0.1694449402,0.1910007737,-0.1930625985
-1.8329068877,0.9279507301,0.8788740967,0.0147602372,-0.0270051519,-0.4263525046,0.9040334059,-0.2981130298,0.0429462275,-0.2521093971,0.1008546147,0.3036474787,-0.1824518995,-0.0713514494,-0.0756481712,-0.6640005568,0.1661977977,0.0085920087,-0.0469800333,0.1758575908,0.0947075812,0.2502527009,-0.5763428060,-0.7379734497,-0.8082725996,0.3288072874,0.1265105433,0.0395634003,-0.0485619996,0.5924362928,-0.5343731827,0.1661094049,0.1880331248,-0.2016451514
-1.8392267468,0.9429434131,0.8831474014,0.0170711202,-0.0315558086,-0.4390220646,0.8977596753,-0.2521272335,0.0493244745,-0.0411048133,0.0846581918,0.2273898199,-0.2047954806,-0.0757948433,-0.0802743074,-0.6366609408,0.1542769319,-0.0087478069,-0.0530502949,0.1745851576,0.1560090476,0.2896285522,-0.5167691145,-0.8054526285,-0.8187681969,0.3280095736,0.1472801104,0.0477491265,-0.0674971972,0.5906227044,-0.5138546757,0.1576258440,0.1958443301,-0.2019131045
-1.8461784492,0.9611660327,0.8881726631,0.0329536959,-0.0217154747,-0.4471555563,0.8935851389,-0.2595568391,0.0234467110,0.0520031576,0.1053338659,0.2335864036,-0.1839039679,-0.1341535158,-0.1052958831,-0.6257162709,0.1484472295,0.0160304002,-0.0629281801,0.1542162418,0.1485358511,0.2765137224,-0.4869390717,-0.8274183924,-0.8137855261,0.3265717951,0.1546881718,0.0154348996,-0.0931325313,0.5737531868,-0.5131407790,0.1618068855,0.1978584541,-0.2093573852
-1.8517527608,0.9785114573,0.8927417009,0.0401443361,-0.0199438235,-0.4563452450,0.8886729959,-0.2299981001,0.0124139111,0.1520945197,0.1407271249,0.2328692524,-0.1521260545,-0.1688147407,-0.1224942811,-0.6101928576,0.1510225494,0.0377570120,-0.0709578696,0.1333394976,0.1526914613,0.2622743933,-0.4626661830,-0.8391631800,-0.8028231196,0.3263238979,0.1560274157,-0.0105234019,-0.1178307393,0.5555163494,-0.5116477045,0.1684290410,0.2015418493,-0.2164167465
-1.8563969448,0.9944010418,0.8959947667,0.0414531025,-0.0198563343,-0.4658500856,0.8836690919,-0.1847668881,0.0085444506,0.2125815740,0.1828568818,0.2313621454,-0.1170674747,-0.1931491875,-0.1292889669,-0.5912920987,0.1546942234,0.0561532248,-0.0776615981,0.1142507886,0.1652303710,0.2539586283,-0.4452960587,-0.8408153632,-0.7917087451,0.3274102070,0.1505370020,-0.0291056060,-0.1379310449,0.5386504772,-0.5141076254,0.1751546576,0.2035202082,-0.2234217722
-1.8599783132,1.0090305070,0.8982149773,0.0387581689,-0.0199226596,-0.4763391007,0.8781810480,-0.1338907746,0.0109307300,0.2190262765,0.2301752944,0.2330275004,-0.0928123015,-0.2114303645,-0.1272009802,-0.5685396188,0.1572440978,0.0720889982,-0.0829479533,0.0949309891,0.1800503783,0.2508624661,-0.4304087119,-0.8349363960,-0.7831691398,0.3291490508,0.1384026384,-0.0423131893,-0.1528206677,0.5209439770,-0.5242809851,0.1784991206,0.2006082933,-0.2313547690
-1.8628039006,1.0227810609,0.8995215674,0.0340348102,-0.0213499018,-0.4891383753,0.8712803586,-0.0810913000,0.0114815316,0.1962828615,0.2805406861,0.2367670226,-0.0834951213,-0.2247891543,-0.1204831441,-0.5434490693,0.1582155073,0.0867840623,-0.0872237437,0.0794067291,0.1951825938,0.2511540026,-0.4201453627,-0.8236885770,-0.7793672489,0.3313871688,0.1220086049,-0.0476689975,-0.1649390707,0.5132850962,-0.5414580147,0.1771669835,0.1928316664,-0.2405630231
-1.8655171043,1.0368700829,0.8999891983,0.0298290062,-0.0223065177,-0.5029424969,0.8635169335,-0.0319666028,0.0105874755,0.1671720749,0.3265685899,0.2364859605,-0.0879904812,-0.2388051576,-0.1121426125,-0.5173519882,0.1565251773,0.1019432023,-0.0912554410,0.0603572663,0.2085667939,0.2505745291,-0.4144725733,-0.8088674489,-0.7785681951,0.3339748303,0.1041315161,-0.0487182233,-0.1752549568,0.5061211954,-0.5647081600,0.1703316690,0.1812776072,-0.2512393895
-1.8683213960,1.0516327409,0.8994403094,0.0267299034,-0.0230063936,-0.5156264393,0.8560873747,0.0135868966,0.0087199783,0.1395516850,0.3629504147,0.2299586180,-0.1030995135,-0.2540595411,-0.1048231993,-0.4933116842,0.1534040584,0.1180019651,-0.0952181870,0.0371596504,0.2166324074,0.2453758177,-0.4116410275,-0.7917015227,-0.7771878165,0.3371352383,0.0874105546,-0.0452575882,-0.1842615463,0.4955143814,-0.5911473307,0.1588193756,0.1684282963,-0.2617837400
-1.8706457904,1.0672763944,0.8980653543,0.0247874404,-0.0251515173,-0.5264872243,0.8494493432,0.0571490671,0.0040123096,0.1084458885,0.3851998412,0.2162131566,-0.1197142993,-0.2684374975,-0.1018740317,-0.4714481040,0.1502439632,0.1349824933,-0.0988150733,0.0124553331,0.2192704483,0.2341078602,-0.4135290104,-0.7725793665,-0.7723458932,0.3415939783,0.0734949901,-0.0356264813,-0.1942218352,0.4830957232,-0.6181536756,0.1408889783,0.1549654270,-0.2732403431
-1.8729512538,1.0842058982,0.8956994155,0.0231565394,-0.0283042188,-0.5348011510,0.8441862204,0.0983079821,-0.0029029627,0.0643158143,0.3895696914,0.1962026836,-0.1354876587,-0.2826548155,-0.1019101468,-0.4516984264,0.1477922498,0.1532653732,-0.1023033268,-0.0130714363,0.2157025076,0.2183444818,-0.4248690215,-0.7518931225,-0.7632053444,0.3463487158,0.0616178592,-0.0178577094,-0.2073612624,0.4770881105,-0.6409640599,0.1179899827,0.1440880555,-0.2859644567
-1.8755338798,1.1027154509,0.8918576142,0.0211172456,-0.0319174173,-0.5406325966,0.8403878485,0.1361198353,-0.0116191845,0.0096600045,0.3783626115,0.1744433480,-0.1527585055,-0.2977116356,-0.1036159141,-0.4371695023,0.1468197777,0.1730413283,-0.1060119315,-0.0369587279,0.2044791305,0.2021474583,-0.4508713846,-0.7296953843,-0.7523595758,0.3513051939,0.0496045933,0.0099768912,-0.2235972158,0.4834931781,-0.6559514614,0.0921473232,0.1377508772,-0.2986403380
-1.8783402707,1.1233599572,0.8860784225,0.0188431965,-0.0360459812,-0.5447511439,0.8376107762,0.1683173252,-0.0226697163,-0.0481420567,0.3553346081,0.1508705561,-0.1680718324,-0.3146018920,-0.1072172412,-0.4258219551,0.1472152892,0.1943606651,-0.1102085430,-0.0605024948,0.1846467195,0.1870213511,-0.4949471598,-0.7081478443,-0.7430927217,0.3547798763,0.0366520899,0.0472272188,-0.2423314799,0.4999758644,-0.6612255393,0.0667369608,0.1368561411,-0.3086218475
-1.8817702432,1.1454202752,0.8790894037,0.0164949535,-0.0404291168,-0.5460692589,0.8366013193,0.1917363992,-0.0317271197,-0.1039370252,0.3269542104,0.1312687229,-0.1838771973,-0.3324615137,-0.1129304877,-0.4190474064,0.1483865397,0.2171817277,-0.1146472511,-0.0796527914,0.1560425612,0.1728644687,-0.5546037948,-0.6890983606,-0.7427754218,0.3557144229,0.0219420294,0.0963023984,-0.2632927765,0.5291515376,-0.6565663994,0.0460304411,0.1420998011,-0.3149794424
-1.8866996282,1.1698346283,0.8710789001,0.0148481144,-0.0439285504,-0.5428904147,0.8385223990,0.1997574262,-0.0367215399,-0.1478747383,0.2980762794,0.1201640830,-0.1885502662,-0.3535600525,-0.1217320872,-0.4195885556,0.1488275824,0.2424719752,-0.1201967677,-0.0995789714,0.1148708641,0.1586172292,-0.6294565965,-0.6759542988,-0.7562716510,0.3521136929,0.0083055714,0.1560726358,-0.2837829954,0.5677403490,-0.6443741054,0.0327436917,0.1523493229,-0.3149425217
-1.8929290793,1.1970570167,0.8636094890,0.0150409584,-0.0467170313,-0.5352331180,0.8432774146,0.1925441484,-0.0421861266,-0.1803363449,0.2714242350,0.1092311049,-0.1777491324,-0.3775367951,-0.1364098941,-0.4270447201,0.1465807465,0.2704343840,-0.1258542185,-0.1173018769,0.0618894280,0.1397763383,-0.7071521386,-0.6722323512,-0.7832765270,0.3441218780,-0.0002182080,0.2239709935,-0.2996516714,0.6064731641,-0.6291245829,0.0245916059,0.1648288565,-0.3080215376
-1.8996871077,1.2264982201,0.8555338134,0.0101347449,-0.0585915454,-0.5216044927,0.8511128427,0.2178459261,-0.0534418972,-0.2176006387,0.2296002536,0.0678732901,-0.0942235882,-0.3632299176,-0.1553184819,-0.4515755609,0.1224809639,0.3098364927,-0.1261514403,-0.1290602919,-0.0164015216,0.0726993786,-0.8286479632,-0.6451530338,-0.8686203070,0.3186301425,-0.0267477801,0.3782186857,-0.3197496899,0.6471644419,-0.6034847554,0.0147630453,0.1935482941,-0.2771676215
-1.9089540856,1.2593022619,0.8481791651,0.0151275741,-0.0515674492,-0.5095830302,0.8587415735,0.1697358705,-0.0632114101,-0.2029329792,0.2177086862,0.0630852039,-0.0673939413,-0.4139570806,-0.1734254578,-0.4650539123,0.1157348287,0.3410607413,-0.1267672395,-0.1278090476,-0.0763508633,0.0514617317,-0.8411303344,-0.6690625850,-0.9058943552,0.3097757086,-0.0105111957,0.4143063752,-0.3111576127,0.6403246554,-0.6012534572,0.0177873208,0.1976518196,-0.2675227941
-1.9148529935,1.2919273789,0.8420243369,0.0153419993,-0.0624699808,-0.4997548704,0.8637749673,0.1678052609,-0.0843562552,-0.1737941906,0.2153288098,-0.0397522227,0.0030551618,-0.4039159484,-0.2031895185,-0.4764642998,0.0884374220,0.3564553056,-0.0388348637,-0.0998737982,-0.0735079245,-0.0268408484,-0.7777799301,-0.7754937961,-1.0603412352,0.2775701446,0.0654902465,0.5892537727,-0.2853564678,0.5559697143,-0.5931163528,0.0958705578,0.2230764306,-0.2204496892
-1.9219567207,1.3263611169,0.8370270540,0.0196542933,-0.0628318841,-0.4972837129,0.8650865691,0.1376852175,-0.1041635031,-0.1859542157,0.2086579685,-0.1138927129,0.0132153890,-0.4333524523,-0.2217600288,-0.4575637423,0.0809335886,0.2980634303,0.0260439331,-0.0762786334,-0.0350739240,-0.0752152648,-0.6560281524,-0.9409950594,-1.0838544069,0.2673925622,0.1456596598,0.6725739897,-0.2534110695,0.4829466565,-0.5953407482,0.1813312419,0.2344647649,-0.1896573635
-1.9283549244,1.3602749980,0.8357589092,0.0279473008,-0.0629302693,-0.5041866215,0.8608452708,0.0982496620,-0.1339714399,-0.1715978995,0.2060015665,-0.1330845657,0.0231199321,-0.4700680508,-0.2354131717,-0.4231133952,0.0783013801,0.1931001312,0.0827612454,-0.0494933730,0.0284667249,-0.1356851492,-0.5098776553,-1.1358054245,-1.0084122136,0.2313211791,0.2065488900,0.7278124739,-0.2281192188,0.4115949034,-0.5872505931,0.2563793170,0.2436915251,-0.1656021508
-1.9370346239,1.3939173235,0.8382986727,0.0297820127,-0.0510253828,-0.5082041726,0.8592077519,0.0326586920,-0.1350809679,-0.1688732041,0.2047485998,-0.1057774903,0.0180643487,-0.5097029618,-0.2257718817,-0.4374549930,0.0730654905,0.1734110338,0.0859852586,-0.0356276973,0.0177295111,-0.1659782500,-0.4446737447,-1.1938190026,-0.9839270533,0.2144822941,0.2247840108,0.7198254702,-0.2073159970,0.3948179188,-0.5917364904,0.2586648710,0.2404071688,-0.1619945133
-1.9434851014,1.4252621897,0.8466010232,0.0169839769,-0.0565770517,-0.5157149162,0.8547214207,0.0213700497,-0.1335646740,-0.1424688844,0.2086107345,-0.0617865007,0.0346096998,-0.4750813605,-0.2126858589,-0.4655706885,0.0981824079,0.1342191046,0.0676055685,-0.0200759448,0.1582275923,-0.1915652557,-0.2738710762,-1.4495662862,-0.8051666797,0.0691211909,0.2339588360,0.7787935128,-0.1537728749,0.3545533619,-0.5615472541,0.2740069763,0.2506424600,-0.1317607058
-1.9523720897,1.4579393313,0.8580531120,0.0118318349,-0.0431962880,-0.5223077272,0.8515801351,-0.0368708032,-0.1179713124,-0.1359916426,0.2031520759,-0.0308083236,0.0289673321,-0.4678212749,-0.1867567972,-0.4647183716,0.1321063669,0.1528663034,0.0476914878,-0.0182353361,0.1376002968,-0.1867076175,-0.2498551796,-1.5028091755,-0.7868376434,0.0445102184,0.2423021427,0.7567753008,-0.1434496600,0.3593858693,-0.5757502991,0.2772272436,0.2424500199,-0.1285213753
-1.9598409971,1.4898981031,0.8693818788,0.0046696014,-0.0401171464,-0.5290685469,0.8476174149,-0.0707791815,-0.1102676562,-0.1235543985,0.2017631492,0.0007654695,0.0278129277,-0.4215547734,-0.1672685011,-0.4478169900,0.1807533603,0.1757759528,0.0242697466,-0.0103042105,0.1225932241,-0.1732808682,-0.2270177304,-1.5645975655,-0.7640570975,0.0148843113,0.2513818993,0.7395657421,-0.1344143265,0.3692282397,-0.5898677502,0.2819186508,0.2334373301,-0.1212407415
-1.9669987066,1.5200234740,0.8807213167,-0.0105525681,-0.0482464561,-0.5367219097,0.8423125990,-0.0434380847,-0.0961024292,-0.0867242264,0.1546141358,0.0580001493,0.0476777411,-0.3215697985,-0.1401007419,-0.4051208863,0.2253778051,0.2565370004,-0.0064417997,0.0057365694,0.2074403630,-0.0912461106,-0.1842798418,-1.7832391260,-0.5718640321,-0.0921091093,0.2244068126,0.7565975758,-0.1237239254,0.3757231705,-0.6067021937,0.3016770496,0.2178861979,-0.0551161719
